institution_origin,canvas_course_id,course_code,filename,sha256,bytes,classification,decision,reason,review_status,publication_basis
https://canvas.cityu.edu.hk,70574,,Assignment_01.zip,4f86b786a8db3e8eabb1dfc718ffce137b54ba2f888288079243d6a2868824cd,134146,ACADEMIC_TEACHING,DOWNLOAD_ONLY,"no loader can read this format: stored, never counted as learnable material",NEEDS_REVIEW,OWNER_PLATFORM_IMPORT_INTENT_RIGHTS_UNVERIFIED
https://canvas.cityu.edu.hk,70574,,Introduction to Computer Graphics_CS4182.pdf,78bf0b3828fe7613c215107b8581fdfc0bdce94512499b95a04cff52029bb7c3,302882145,ACADEMIC_TEACHING,INGESTABLE,academic teaching material,NEEDS_REVIEW,OWNER_PLATFORM_IMPORT_INTENT_RIGHTS_UNVERIFIED
https://canvas.cityu.edu.hk,70574,,Object modeling_CS4182.pdf,c50ebe311f7cacbae85217eeaad663ed07b93d7a143600418bba9ee338f9cf3a,174573307,ACADEMIC_TEACHING,INGESTABLE,academic teaching material,NEEDS_REVIEW,OWNER_PLATFORM_IMPORT_INTENT_RIGHTS_UNVERIFIED
https://canvas.cityu.edu.hk,70574,,Projection and Clipping_CS4182.pdf,957418b18e95292c9c349cee5a909ef83db10ddf8c34844fe21e367d0134d341,1698637,ACADEMIC_TEACHING,INGESTABLE,academic teaching material,NEEDS_REVIEW,OWNER_PLATFORM_IMPORT_INTENT_RIGHTS_UNVERIFIED
https://canvas.cityu.edu.hk,70574,,T01_Object_Modeling_Aligned_Solution.ipynb,0aaabcb5bc0162fb7504fb6efb98dbfdabde2d294300bef7d4bf75f595d33faf,275557,ACADEMIC_TEACHING,INGESTABLE,academic teaching material,NEEDS_REVIEW,OWNER_PLATFORM_IMPORT_INTENT_RIGHTS_UNVERIFIED
https://canvas.cityu.edu.hk,70574,,T01_Object_Modeling_Tutorial.pptx,e36de838db865549848abcdcec662f2d546d243ac782707c1382630b92201b49,20097349,ACADEMIC_TEACHING,INGESTABLE,academic teaching material,NEEDS_REVIEW,OWNER_PLATFORM_IMPORT_INTENT_RIGHTS_UNVERIFIED
https://canvas.cityu.edu.hk,70574,,T02_Transformation_Aligned_Solution.ipynb,49264058b27a4080b6d53891f0ba3e2da1be85b1dc0f71e97cd7aeede6c04129,497694,ACADEMIC_TEACHING,INGESTABLE,academic teaching material,NEEDS_REVIEW,OWNER_PLATFORM_IMPORT_INTENT_RIGHTS_UNVERIFIED
https://canvas.cityu.edu.hk,70574,,T02_Transformation_Tutorial.pptx,23b431755f00e3ff070913ad99c04c1f3b56de6ab7c2b65263fa82fa5bc385d5,285074,ACADEMIC_TEACHING,INGESTABLE,academic teaching material,NEEDS_REVIEW,OWNER_PLATFORM_IMPORT_INTENT_RIGHTS_UNVERIFIED
https://canvas.cityu.edu.hk,70574,,T03_Projection_and_Clipping_Aligned_Solution.ipynb,22760874399875bcdfbe27515eb7a02a6fddd033d29254ff72dbac8baaaeb5c6,412077,ACADEMIC_TEACHING,INGESTABLE,academic teaching material,NEEDS_REVIEW,OWNER_PLATFORM_IMPORT_INTENT_RIGHTS_UNVERIFIED
https://canvas.cityu.edu.hk,70574,,T03_Projection_and_Clipping_Tutorial.pptx,59967295a6d5b570aac349e5e243ffa569459eaf2f9f064592b2db0451f4f98b,117645,ACADEMIC_TEACHING,INGESTABLE,academic teaching material,NEEDS_REVIEW,OWNER_PLATFORM_IMPORT_INTENT_RIGHTS_UNVERIFIED
https://canvas.cityu.edu.hk,70574,,Transformation_CS4182.pdf,ab42b9292796fb5f1d4037b53389b57f5cdc619389ae69da0a04f11a663acdc1,1692120,ACADEMIC_TEACHING,INGESTABLE,academic teaching material,NEEDS_REVIEW,OWNER_PLATFORM_IMPORT_INTENT_RIGHTS_UNVERIFIED
https://canvas.cityu.edu.hk,70574,,tutorials.zip,26f39f9a4fceaf157dddac21fd6cacaf16a6f867f03fea5f51f1988f42046d68,8502861,ACADEMIC_TEACHING,DOWNLOAD_ONLY,"no loader can read this format: stored, never counted as learnable material",NEEDS_REVIEW,OWNER_PLATFORM_IMPORT_INTENT_RIGHTS_UNVERIFIED
https://canvas.cityu.edu.hk,70578,,2026-L3.pdf,6d21269b4108428c706bef32799802638ae0d9f4bd76d6b37c55e5dc19a122e2,439906,ACADEMIC_TEACHING,INGESTABLE,academic teaching material,NEEDS_REVIEW,OWNER_PLATFORM_IMPORT_INTENT_RIGHTS_UNVERIFIED
https://canvas.cityu.edu.hk,70578,,E2 (1).doc,662975fc5724720ef2435f5993511bd6f69448e83cf8bf9da6f751bf1de4f13d,28672,ACADEMIC_TEACHING,INGESTABLE,academic teaching material,NEEDS_REVIEW,OWNER_PLATFORM_IMPORT_INTENT_RIGHTS_UNVERIFIED
https://canvas.cityu.edu.hk,70578,,L1-26.pdf,58137308b2920e5ed3bcf667138f2d4b58221e31505889750830b2fa3d59b795,835523,ACADEMIC_TEACHING,INGESTABLE,academic teaching material,NEEDS_REVIEW,OWNER_PLATFORM_IMPORT_INTENT_RIGHTS_UNVERIFIED
https://canvas.cityu.edu.hk,70578,,L2-26.pdf,7a4f230c6d309a0a645be555da2e42f5c651c789ae361bba950fa5937f5d53f7,328785,ACADEMIC_TEACHING,INGESTABLE,academic teaching material,NEEDS_REVIEW,OWNER_PLATFORM_IMPORT_INTENT_RIGHTS_UNVERIFIED
https://canvas.cityu.edu.hk,70578,,L3-2026.pdf,ea22487b80f72a4b0dba1754947a665e08554bd166973d40b61c12f58f1660ad,439858,ACADEMIC_TEACHING,INGESTABLE,academic teaching material,NEEDS_REVIEW,OWNER_PLATFORM_IMPORT_INTENT_RIGHTS_UNVERIFIED
https://canvas.cityu.edu.hk,70578,,SlidesforQ3inT2.pptx,69b89489c8b99a0bb6cb40b600f8af50799e8471b77587363094613127790fcd,287742,ACADEMIC_TEACHING,INGESTABLE,academic teaching material,NEEDS_REVIEW,OWNER_PLATFORM_IMPORT_INTENT_RIGHTS_UNVERIFIED
https://canvas.cityu.edu.hk,70578,,Tut1-26.docx,ddd51586a6e7a76dba5a7399ff6e8ff20a71f17adf76a2ab0930ecc5d7adeda3,69466,ACADEMIC_TEACHING,INGESTABLE,academic teaching material,NEEDS_REVIEW,OWNER_PLATFORM_IMPORT_INTENT_RIGHTS_UNVERIFIED
https://canvas.cityu.edu.hk,70578,,ex1.docx,4743687226b487d65879d05c71a4bd13b55cd0abf870d089ae07ffe6309a5329,21593,ACADEMIC_TEACHING,INGESTABLE,academic teaching material,NEEDS_REVIEW,OWNER_PLATFORM_IMPORT_INTENT_RIGHTS_UNVERIFIED
https://canvas.cityu.edu.hk,70578,,ex3inL2026.docx,fab245d0bb0b2a89d93d3833a45d774531034430f76f67623d3049c4b263eeb0,29282,ACADEMIC_TEACHING,INGESTABLE,academic teaching material,NEEDS_REVIEW,OWNER_PLATFORM_IMPORT_INTENT_RIGHTS_UNVERIFIED
https://canvas.cityu.edu.hk,70578,,extra.doc,f57f695a796aae1657165fff29afa007a840a0ec12c06c9583e30788c598ccd2,33280,ACADEMIC_TEACHING,INGESTABLE,academic teaching material,NEEDS_REVIEW,OWNER_PLATFORM_IMPORT_INTENT_RIGHTS_UNVERIFIED
https://canvas.cityu.edu.hk,70579,,Assignment_1.pdf,2783defa6bddd80ed9873a0ec1ac92135c8575fb42c4bc127927c50091435cbd,180044,ACADEMIC_TEACHING,INGESTABLE,academic teaching material,NEEDS_REVIEW,OWNER_PLATFORM_IMPORT_INTENT_RIGHTS_UNVERIFIED
https://canvas.cityu.edu.hk,70579,,Exercises_1.pdf,5db52d9a6c02b98da5a4c3ee94a26665f53e753c33d747df09bb8eaa592280c5,343766,ACADEMIC_TEACHING,INGESTABLE,academic teaching material,NEEDS_REVIEW,OWNER_PLATFORM_IMPORT_INTENT_RIGHTS_UNVERIFIED
https://canvas.cityu.edu.hk,70579,,Tutorial_1.pdf,0c2a9c6193fb3a26610d3e96336ab3f64f1eef4f0de2f2cff4f4f2421f94fa78,231158,ACADEMIC_TEACHING,INGESTABLE,academic teaching material,NEEDS_REVIEW,OWNER_PLATFORM_IMPORT_INTENT_RIGHTS_UNVERIFIED
https://canvas.cityu.edu.hk,70579,,Week_1_Slides.pdf,109de81621c38551ebc69ae59db0f6394042f3dc2b0267b8f6e06b23389d9073,1538236,ACADEMIC_TEACHING,INGESTABLE,academic teaching material,NEEDS_REVIEW,OWNER_PLATFORM_IMPORT_INTENT_RIGHTS_UNVERIFIED
https://canvas.cityu.edu.hk,70579,,Week_2_Slides.pdf,9f0803b6a67cba0b4c30d7bfb4403dd662827afeaedb996b2af1898b4fab4c01,1131672,ACADEMIC_TEACHING,INGESTABLE,academic teaching material,NEEDS_REVIEW,OWNER_PLATFORM_IMPORT_INTENT_RIGHTS_UNVERIFIED
https://canvas.cityu.edu.hk,70579,,Week_3_Slides.pdf,24342e42a527f6d29aa561eacb7929602004f6a16312cbeae2870da06f69afcb,1775714,ACADEMIC_TEACHING,INGESTABLE,academic teaching material,NEEDS_REVIEW,OWNER_PLATFORM_IMPORT_INTENT_RIGHTS_UNVERIFIED
https://canvas.cityu.edu.hk,70579,,report-template-letter.docx,61b14ac0e8ea9e24f5079b19cd7de4d4fd836f590651581ef33b98dd87b87582,32009,ACADEMIC_TEACHING,INGESTABLE,academic teaching material,NEEDS_REVIEW,OWNER_PLATFORM_IMPORT_INTENT_RIGHTS_UNVERIFIED
https://cityu-dg.instructure.com,214,体育1A,0ecdac3c01082d088891cc9387da46e5.mp4,fdbe63fdcb1d828eeb40ebf2e09b6acc28379e482edb45d5f76edf5fa84f9566,13312259,ACADEMIC_TEACHING,DOWNLOAD_ONLY,"no loader can read this format: stored, never counted as learnable material",NEEDS_REVIEW,OWNER_PLATFORM_IMPORT_INTENT_RIGHTS_UNVERIFIED
https://cityu-dg.instructure.com,214,体育1A,体测内容教学视频.zip,e8a665dcfbc062707f285a43ab40d0baed887be7acd63e37bb8ebdb02d077ab7,155988076,ACADEMIC_TEACHING,DOWNLOAD_ONLY,"no loader can read this format: stored, never counted as learnable material",NEEDS_REVIEW,OWNER_PLATFORM_IMPORT_INTENT_RIGHTS_UNVERIFIED
https://cityu-dg.instructure.com,216,Calculus&BasicLinearAlgebra I,Assignment1_sol.pdf,61f14ac0f1fee9673bb99f32f2c4b4dc22f7b354a61f4ee9c93526e16793875e,1517420,ACADEMIC_TEACHING,INGESTABLE,academic teaching material,NEEDS_REVIEW,OWNER_PLATFORM_IMPORT_INTENT_RIGHTS_UNVERIFIED
https://cityu-dg.instructure.com,216,Calculus&BasicLinearAlgebra I,Assignment2_sol.pdf,b2b6c0769c3a0f1fc5034de4877d9ef40f47617feec255bbd1e2f5da029082ed,2305871,ACADEMIC_TEACHING,INGESTABLE,academic teaching material,NEEDS_REVIEW,OWNER_PLATFORM_IMPORT_INTENT_RIGHTS_UNVERIFIED
https://cityu-dg.instructure.com,216,Calculus&BasicLinearAlgebra I,Challenging Questions-1.jpg,c48488106f1e632e2aa630133ba30074d131f0a06f2d884fd10ee8b91cd361d1,44640,ACADEMIC_TEACHING,DOWNLOAD_ONLY,"unknown format: stored, never counted as learnable material",NEEDS_REVIEW,OWNER_PLATFORM_IMPORT_INTENT_RIGHTS_UNVERIFIED
https://cityu-dg.instructure.com,216,Calculus&BasicLinearAlgebra I,Final2023.pdf,f624b4ed48f3b59d28e7de31cbe496d3356eae31f76a9b00b706b31e9eee73cd,146529,ACADEMIC_TEACHING,BLOCKED,"ASSESSMENT_MATERIAL: an exam, quiz or marking document needs the owner's decision",BLOCKED_NEEDS_OWNER_DECISION,OWNER_PLATFORM_IMPORT_INTENT_RIGHTS_UNVERIFIED
https://cityu-dg.instructure.com,216,Calculus&BasicLinearAlgebra I,Final2023_Solutions.pdf,6604e31d0eecbef96b3addc49b662058f45932527589c5cd337ed2039b5c0026,1289275,ACADEMIC_TEACHING,BLOCKED,"ASSESSMENT_MATERIAL: an exam, quiz or marking document needs the owner's decision",BLOCKED_NEEDS_OWNER_DECISION,OWNER_PLATFORM_IMPORT_INTENT_RIGHTS_UNVERIFIED
https://cityu-dg.instructure.com,216,Calculus&BasicLinearAlgebra I,For practice only--Limits.pdf,db3cae727524353a3953ef6a77de91b991d8f88053de303f049c35fe27f3c429,191894,ACADEMIC_TEACHING,INGESTABLE,academic teaching material,NEEDS_REVIEW,OWNER_PLATFORM_IMPORT_INTENT_RIGHTS_UNVERIFIED
https://cityu-dg.instructure.com,216,Calculus&BasicLinearAlgebra I,For practice only-Chp4-5.pdf,f309bb1e668722fd17cb83466f816101e9e0ce9265cec61f5767c5f024418a32,244402,ACADEMIC_TEACHING,INGESTABLE,academic teaching material,NEEDS_REVIEW,OWNER_PLATFORM_IMPORT_INTENT_RIGHTS_UNVERIFIED
https://cityu-dg.instructure.com,216,Calculus&BasicLinearAlgebra I,HW1.pdf,1f34697c77783f44772c09f1086ecb07177c65c2558cd29d7402d7a31bb3971d,120727,ACADEMIC_TEACHING,INGESTABLE,academic teaching material,NEEDS_REVIEW,OWNER_PLATFORM_IMPORT_INTENT_RIGHTS_UNVERIFIED
https://cityu-dg.instructure.com,216,Calculus&BasicLinearAlgebra I,LecNote-Differentiation.pdf,6fd3487a048904ee2cb64e84e74afc20232a38c4e322f81c4c68f0c6411170ac,560027,ACADEMIC_TEACHING,INGESTABLE,academic teaching material,NEEDS_REVIEW,OWNER_PLATFORM_IMPORT_INTENT_RIGHTS_UNVERIFIED
https://cityu-dg.instructure.com,216,Calculus&BasicLinearAlgebra I,MA1200 Chapter 1 Coordinate Geometry_Exercise.pdf,8553425567c8cc91d1a690d2c77d8b21a3a9117534549b7d70941ecd94c84ec2,29113,ACADEMIC_TEACHING,INGESTABLE,academic teaching material,NEEDS_REVIEW,OWNER_PLATFORM_IMPORT_INTENT_RIGHTS_UNVERIFIED
https://cityu-dg.instructure.com,216,Calculus&BasicLinearAlgebra I,MA1200 Chapter 1 Coordinate Geometry_Solutions.pdf,6738a35da05e199a6f248e932cb1becbee163b86320e133dd12754ec7039e9df,218584,ACADEMIC_TEACHING,INGESTABLE,academic teaching material,NEEDS_REVIEW,OWNER_PLATFORM_IMPORT_INTENT_RIGHTS_UNVERIFIED
https://cityu-dg.instructure.com,216,Calculus&BasicLinearAlgebra I,MA1200 Chapter 2 Sets and Functions_Exercise.pdf,2f9415f4465242a63f01e63da9f2891abc043bc6f19eb986fad0c56e0dcf682c,44975,ACADEMIC_TEACHING,INGESTABLE,academic teaching material,NEEDS_REVIEW,OWNER_PLATFORM_IMPORT_INTENT_RIGHTS_UNVERIFIED
https://cityu-dg.instructure.com,216,Calculus&BasicLinearAlgebra I,MA1200 Chapter 2 Sets and Functions_Solutions.pdf,6376c15d2c6b2bab28cb75b7564e459cc543594a4dd85992e30888b464c04542,809702,ACADEMIC_TEACHING,INGESTABLE,academic teaching material,NEEDS_REVIEW,OWNER_PLATFORM_IMPORT_INTENT_RIGHTS_UNVERIFIED
https://cityu-dg.instructure.com,216,Calculus&BasicLinearAlgebra I,MA1200 Chapter 3 Polynomials and Rational Functions_Exercise.pdf,2ecf6f9815bc644ef8d0ca578eb2c0d0337bf93a6fbb596ff9f18ee4102e2512,65334,ACADEMIC_TEACHING,INGESTABLE,academic teaching material,NEEDS_REVIEW,OWNER_PLATFORM_IMPORT_INTENT_RIGHTS_UNVERIFIED
https://cityu-dg.instructure.com,216,Calculus&BasicLinearAlgebra I,MA1200 Chapter 3 Polynomials and Rational Functions_Solutions.pdf,857a66189f251ea8bdc19c8f8bc26a8c27c5e0474716e134c27a9ca71e3fac65,64459,ACADEMIC_TEACHING,INGESTABLE,academic teaching material,NEEDS_REVIEW,OWNER_PLATFORM_IMPORT_INTENT_RIGHTS_UNVERIFIED
https://cityu-dg.instructure.com,216,Calculus&BasicLinearAlgebra I,MA1200 Chapter 4 Trigonometric Functions and Inverse Trigonometric Functions_Exercise.pdf,fd2b79b99c18ff0ba5bdbbed9f9b562c2067aadefb757fcdb12f50759b3f7b16,24915,ACADEMIC_TEACHING,INGESTABLE,academic teaching material,NEEDS_REVIEW,OWNER_PLATFORM_IMPORT_INTENT_RIGHTS_UNVERIFIED
https://cityu-dg.instructure.com,216,Calculus&BasicLinearAlgebra I,MA1200 Chapter 4 Trigonometric Functions and Inverse Trigonometric Functions_Solutions.pdf,10255b02e4ae0d073e9fa73c14dc46dd82198f949406580bc5db9421707b3291,286615,ACADEMIC_TEACHING,INGESTABLE,academic teaching material,NEEDS_REVIEW,OWNER_PLATFORM_IMPORT_INTENT_RIGHTS_UNVERIFIED
https://cityu-dg.instructure.com,216,Calculus&BasicLinearAlgebra I,MA1200 Chapter 5 Exponential and Logarithmic Functions_Exercise.pdf,db0222ae4c38f066460e3c01e1e4ee990eaf1bd43a9dd5530948a9adfb7d81fa,16457,ACADEMIC_TEACHING,INGESTABLE,academic teaching material,NEEDS_REVIEW,OWNER_PLATFORM_IMPORT_INTENT_RIGHTS_UNVERIFIED
https://cityu-dg.instructure.com,216,Calculus&BasicLinearAlgebra I,MA1200 Chapter 5 Exponential and Logarithmic Functions_Solutions.pdf,fb0a46349c3d3c60fb923d5f4e776847489b6d803b47504e87c0f8edbab2a8bc,220003,ACADEMIC_TEACHING,INGESTABLE,academic teaching material,NEEDS_REVIEW,OWNER_PLATFORM_IMPORT_INTENT_RIGHTS_UNVERIFIED
https://cityu-dg.instructure.com,216,Calculus&BasicLinearAlgebra I,"MA1200 Chapter 6 Limits, Continuity and Differentiability_Exercise.pdf",30b44e85078f54e5ab144e9540b4d26ea00a48eb5a9f24687290ea727d2e1f16,30129,ACADEMIC_TEACHING,INGESTABLE,academic teaching material,NEEDS_REVIEW,OWNER_PLATFORM_IMPORT_INTENT_RIGHTS_UNVERIFIED
https://cityu-dg.instructure.com,216,Calculus&BasicLinearAlgebra I,"MA1200 Chapter 6 Limits, Continuity and Differentiability_Solutions.pdf",191dcddd3661b77910e0d2733df7bdf54b1f6603fb2669c5f25f007da80716b4,82841,ACADEMIC_TEACHING,INGESTABLE,academic teaching material,NEEDS_REVIEW,OWNER_PLATFORM_IMPORT_INTENT_RIGHTS_UNVERIFIED
https://cityu-dg.instructure.com,216,Calculus&BasicLinearAlgebra I,MA1200 Chapter 7 Techniques of Differentiation_Exercise.pdf,dc125c4ff8291f25330977951562a6948b2a2ea750ddd2ce9cd6add0587c626a,23910,ACADEMIC_TEACHING,INGESTABLE,academic teaching material,NEEDS_REVIEW,OWNER_PLATFORM_IMPORT_INTENT_RIGHTS_UNVERIFIED
https://cityu-dg.instructure.com,216,Calculus&BasicLinearAlgebra I,MA1200 Chapter 7 Techniques of Differentiation_Solutions.pdf,4b3148dbdd9f874dfce3fff5378bac8eeb90ea992cbba4b8b42520af51794159,295171,ACADEMIC_TEACHING,INGESTABLE,academic teaching material,NEEDS_REVIEW,OWNER_PLATFORM_IMPORT_INTENT_RIGHTS_UNVERIFIED
https://cityu-dg.instructure.com,216,Calculus&BasicLinearAlgebra I,MA1200 Chapter 8 Applications of Derivatives_Exercise.pdf,8b110f95af837344bfa4d905d9e10e1c38c308ba43bb84b28632675ca024e172,53791,ACADEMIC_TEACHING,INGESTABLE,academic teaching material,NEEDS_REVIEW,OWNER_PLATFORM_IMPORT_INTENT_RIGHTS_UNVERIFIED
https://cityu-dg.instructure.com,216,Calculus&BasicLinearAlgebra I,MA1200 Chapter 8 Applications of Derivatives_Solutions.pdf,51c470421cddc225a8d1ea7eb123f39a05f5a97f4589df5f0b67f989dffe18aa,259229,ACADEMIC_TEACHING,INGESTABLE,academic teaching material,NEEDS_REVIEW,OWNER_PLATFORM_IMPORT_INTENT_RIGHTS_UNVERIFIED
https://cityu-dg.instructure.com,216,Calculus&BasicLinearAlgebra I,MA1200 Chapter 9 Binomial Theorem_Exercise.pdf,e15d8efc01b516241b9eaae6891452fcaa84249e62c807ff0eeb09c89077c5b2,32737,ACADEMIC_TEACHING,INGESTABLE,academic teaching material,NEEDS_REVIEW,OWNER_PLATFORM_IMPORT_INTENT_RIGHTS_UNVERIFIED
https://cityu-dg.instructure.com,216,Calculus&BasicLinearAlgebra I,MA1200 Chapter 9 Binomial Theorem_Solutions.pdf,63ae9bafa5d6505c12546afdaf6d41e4235a6aeb612a182552456ae8739bf72f,27980,ACADEMIC_TEACHING,INGESTABLE,academic teaching material,NEEDS_REVIEW,OWNER_PLATFORM_IMPORT_INTENT_RIGHTS_UNVERIFIED
https://cityu-dg.instructure.com,216,Calculus&BasicLinearAlgebra I,MA1200_L1.pdf,bbfac98b48913bfd29ed2c02e7496375a121de7fb30ebee6d8237ad08e927056,721345,ACADEMIC_TEACHING,INGESTABLE,academic teaching material,NEEDS_REVIEW,OWNER_PLATFORM_IMPORT_INTENT_RIGHTS_UNVERIFIED
https://cityu-dg.instructure.com,216,Calculus&BasicLinearAlgebra I,MA1200_L10.pdf,e9a795a8d36e623b20496c8f65e7e74c13b75514ef849687421b272a76f509bf,863481,ACADEMIC_TEACHING,INGESTABLE,academic teaching material,NEEDS_REVIEW,OWNER_PLATFORM_IMPORT_INTENT_RIGHTS_UNVERIFIED
https://cityu-dg.instructure.com,216,Calculus&BasicLinearAlgebra I,MA1200_L11.pdf,89cf39e031ffe32100fd40f1d8e01fbe2fa037b5cd70aa84de881959a016b3a6,686370,ACADEMIC_TEACHING,INGESTABLE,academic teaching material,NEEDS_REVIEW,OWNER_PLATFORM_IMPORT_INTENT_RIGHTS_UNVERIFIED
https://cityu-dg.instructure.com,216,Calculus&BasicLinearAlgebra I,MA1200_L2.pdf,8cf3c88499b14eaad506fa8566062a42f34aafd03e0b29ea0475ca49cb3c630e,477479,ACADEMIC_TEACHING,INGESTABLE,academic teaching material,NEEDS_REVIEW,OWNER_PLATFORM_IMPORT_INTENT_RIGHTS_UNVERIFIED
https://cityu-dg.instructure.com,216,Calculus&BasicLinearAlgebra I,MA1200_L3.pdf,e32d1cfabee0ee51f25f0862dc51eb971610e33b863bc96a9d5464dc8ee648d4,641192,ACADEMIC_TEACHING,INGESTABLE,academic teaching material,NEEDS_REVIEW,OWNER_PLATFORM_IMPORT_INTENT_RIGHTS_UNVERIFIED
https://cityu-dg.instructure.com,216,Calculus&BasicLinearAlgebra I,MA1200_L4.pdf,d0dda43c9b1a61ded775f979d343cbb663e70fbe41c7f6ebc5b3f4bee4f8eeff,458568,ACADEMIC_TEACHING,INGESTABLE,academic teaching material,NEEDS_REVIEW,OWNER_PLATFORM_IMPORT_INTENT_RIGHTS_UNVERIFIED
https://cityu-dg.instructure.com,216,Calculus&BasicLinearAlgebra I,MA1200_L5.pdf,06b5882dbb33d07cf360d7b569afdeef5fae84af10e86e23c62475fdaf2afee8,227007,ACADEMIC_TEACHING,INGESTABLE,academic teaching material,NEEDS_REVIEW,OWNER_PLATFORM_IMPORT_INTENT_RIGHTS_UNVERIFIED
https://cityu-dg.instructure.com,216,Calculus&BasicLinearAlgebra I,MA1200_L6.pdf,db3f709aafee808bd98ae9b6e94598558212452fbc1a5991fbe47cd82589ad23,702753,ACADEMIC_TEACHING,INGESTABLE,academic teaching material,NEEDS_REVIEW,OWNER_PLATFORM_IMPORT_INTENT_RIGHTS_UNVERIFIED
https://cityu-dg.instructure.com,216,Calculus&BasicLinearAlgebra I,MA1200_L7.pdf,e10ee0fe78e6567bef7f36b454e91e315ac600115f9e9aac218110bdc26709a1,247318,ACADEMIC_TEACHING,INGESTABLE,academic teaching material,NEEDS_REVIEW,OWNER_PLATFORM_IMPORT_INTENT_RIGHTS_UNVERIFIED
https://cityu-dg.instructure.com,216,Calculus&BasicLinearAlgebra I,MA1200_L8.pdf,22f27f17ee57fc3f1ce18821ae5d8af0f2e760b067602060697ba8e0294985e6,452681,ACADEMIC_TEACHING,INGESTABLE,academic teaching material,NEEDS_REVIEW,OWNER_PLATFORM_IMPORT_INTENT_RIGHTS_UNVERIFIED
https://cityu-dg.instructure.com,216,Calculus&BasicLinearAlgebra I,MA1200_L8_Intro.pdf,2dccec37f95056578630e996680eeb1451a8db2c1a669ed9c23aeadf824467d0,74826,ACADEMIC_TEACHING,INGESTABLE,academic teaching material,NEEDS_REVIEW,OWNER_PLATFORM_IMPORT_INTENT_RIGHTS_UNVERIFIED
https://cityu-dg.instructure.com,216,Calculus&BasicLinearAlgebra I,MA1200_L9.pdf,4c209940fb888c7cdfd44c4197c7fcc77f2452eafb7a0f3793029dd6d541c4e9,726077,ACADEMIC_TEACHING,INGESTABLE,academic teaching material,NEEDS_REVIEW,OWNER_PLATFORM_IMPORT_INTENT_RIGHTS_UNVERIFIED
https://cityu-dg.instructure.com,216,Calculus&BasicLinearAlgebra I,Midterm-1.pdf,0b862df1e17b9768e6944b4af744005a17b8582cab62d65ef4bf0c0ed9209661,112768,ACADEMIC_TEACHING,BLOCKED,"ASSESSMENT_MATERIAL: an exam, quiz or marking document needs the owner's decision",BLOCKED_NEEDS_OWNER_DECISION,OWNER_PLATFORM_IMPORT_INTENT_RIGHTS_UNVERIFIED
https://cityu-dg.instructure.com,216,Calculus&BasicLinearAlgebra I,Midterm-2.pdf,5fa34e6f5ff2a0096a81967d4e61530c9fbd06c952ea6cea16c90b70f50015c7,112867,ACADEMIC_TEACHING,BLOCKED,"ASSESSMENT_MATERIAL: an exam, quiz or marking document needs the owner's decision",BLOCKED_NEEDS_OWNER_DECISION,OWNER_PLATFORM_IMPORT_INTENT_RIGHTS_UNVERIFIED
https://cityu-dg.instructure.com,216,Calculus&BasicLinearAlgebra I,Midterm-3.pdf,245046215551b33d41e37e9f6902422f08facc11722697dff8b0f47fa1eabb38,81673,ACADEMIC_TEACHING,BLOCKED,"ASSESSMENT_MATERIAL: an exam, quiz or marking document needs the owner's decision",BLOCKED_NEEDS_OWNER_DECISION,OWNER_PLATFORM_IMPORT_INTENT_RIGHTS_UNVERIFIED
https://cityu-dg.instructure.com,216,Calculus&BasicLinearAlgebra I,Midterm-marking-1.pdf,7a5a0e61522cbb169e238dbe4783833e81d8f97018ed5592c428d75392d61b39,383590,ACADEMIC_TEACHING,BLOCKED,"ASSESSMENT_MATERIAL: an exam, quiz or marking document needs the owner's decision",BLOCKED_NEEDS_OWNER_DECISION,OWNER_PLATFORM_IMPORT_INTENT_RIGHTS_UNVERIFIED
https://cityu-dg.instructure.com,216,Calculus&BasicLinearAlgebra I,Midterm-marking-2.pdf,3e44b317844554c2db514d0d8a1e7345efe3990f6bca50930a39767c2aea03fb,391196,ACADEMIC_TEACHING,BLOCKED,"ASSESSMENT_MATERIAL: an exam, quiz or marking document needs the owner's decision",BLOCKED_NEEDS_OWNER_DECISION,OWNER_PLATFORM_IMPORT_INTENT_RIGHTS_UNVERIFIED
https://cityu-dg.instructure.com,216,Calculus&BasicLinearAlgebra I,Midterm-marking-3.pdf,ee8b77c828208a44003560ef3672e227c5ae0a556a7d925b09878738fe4528ee,371901,ACADEMIC_TEACHING,BLOCKED,"ASSESSMENT_MATERIAL: an exam, quiz or marking document needs the owner's decision",BLOCKED_NEEDS_OWNER_DECISION,OWNER_PLATFORM_IMPORT_INTENT_RIGHTS_UNVERIFIED
https://cityu-dg.instructure.com,216,Calculus&BasicLinearAlgebra I,Supplementary Note-Introduction to Integral.pdf,d5c213b08bddb4f6e2d60085eac09c98f427b7261a0ab56784390dd28b7c72bc,9522148,ACADEMIC_TEACHING,INGESTABLE,academic teaching material,NEEDS_REVIEW,OWNER_PLATFORM_IMPORT_INTENT_RIGHTS_UNVERIFIED
https://cityu-dg.instructure.com,216,Calculus&BasicLinearAlgebra I,Supplementary note-applications of diff.pdf,11f03b1cacfeeacd96b336de49b147f5e4594964a37a5b29c67ec70ce4d5eb3d,1936899,ACADEMIC_TEACHING,INGESTABLE,academic teaching material,NEEDS_REVIEW,OWNER_PLATFORM_IMPORT_INTENT_RIGHTS_UNVERIFIED
https://cityu-dg.instructure.com,216,Calculus&BasicLinearAlgebra I,Tips_for_success_in_undergraduate_math_courses.pdf,e1352baf863902e7b74bcb0004a6db73f7df211d22a2347abfd61bc3cdf53cd9,151679,ACADEMIC_TEACHING,INGESTABLE,academic teaching material,NEEDS_REVIEW,OWNER_PLATFORM_IMPORT_INTENT_RIGHTS_UNVERIFIED
https://cityu-dg.instructure.com,216,Calculus&BasicLinearAlgebra I,Tutorial_chp1-3.pdf,458dab7ebb9c1ad45232ac11c7474b78edce5ecdab83bf2fd6499c60059ad916,155405,ACADEMIC_TEACHING,INGESTABLE,academic teaching material,NEEDS_REVIEW,OWNER_PLATFORM_IMPORT_INTENT_RIGHTS_UNVERIFIED
https://cityu-dg.instructure.com,216,Calculus&BasicLinearAlgebra I,Useful Formulas.pdf,6658f1c6f1c5be657fe8ffe1caccc1b2e53d2ec826e9e740b9ef431bc274b61f,110485,ACADEMIC_TEACHING,INGESTABLE,academic teaching material,NEEDS_REVIEW,OWNER_PLATFORM_IMPORT_INTENT_RIGHTS_UNVERIFIED
https://cityu-dg.instructure.com,216,Calculus&BasicLinearAlgebra I,assignment-1.pdf,617a86009fe3016491a73150d11773af4b885b89f45197983c793f5e786224ec,124911,ACADEMIC_TEACHING,INGESTABLE,academic teaching material,NEEDS_REVIEW,OWNER_PLATFORM_IMPORT_INTENT_RIGHTS_UNVERIFIED
https://cityu-dg.instructure.com,216,Calculus&BasicLinearAlgebra I,assignment-2.pdf,9e42c7741c1a51c5055e749588b250968ac0c43f08d42ca7ef680e74c65812dc,119436,ACADEMIC_TEACHING,INGESTABLE,academic teaching material,NEEDS_REVIEW,OWNER_PLATFORM_IMPORT_INTENT_RIGHTS_UNVERIFIED
https://cityu-dg.instructure.com,216,Calculus&BasicLinearAlgebra I,assignment-3.pdf,f6186a24fcf73bd5e2ac10f5c011d4376cd3b206d2748c88f572229087229519,153883,ACADEMIC_TEACHING,INGESTABLE,academic teaching material,NEEDS_REVIEW,OWNER_PLATFORM_IMPORT_INTENT_RIGHTS_UNVERIFIED
https://cityu-dg.instructure.com,216,Calculus&BasicLinearAlgebra I,hw1-2023-7488.pdf,617a86009fe3016491a73150d11773af4b885b89f45197983c793f5e786224ec,124911,ACADEMIC_TEACHING,INGESTABLE,academic teaching material,NEEDS_REVIEW,OWNER_PLATFORM_IMPORT_INTENT_RIGHTS_UNVERIFIED
https://cityu-dg.instructure.com,216,Calculus&BasicLinearAlgebra I,hw1-2023.pdf,617a86009fe3016491a73150d11773af4b885b89f45197983c793f5e786224ec,124911,ACADEMIC_TEACHING,INGESTABLE,academic teaching material,NEEDS_REVIEW,OWNER_PLATFORM_IMPORT_INTENT_RIGHTS_UNVERIFIED
https://cityu-dg.instructure.com,216,Calculus&BasicLinearAlgebra I,hw1_sol-2023-7489.pdf,617a86009fe3016491a73150d11773af4b885b89f45197983c793f5e786224ec,124911,ACADEMIC_TEACHING,INGESTABLE,academic teaching material,NEEDS_REVIEW,OWNER_PLATFORM_IMPORT_INTENT_RIGHTS_UNVERIFIED
https://cityu-dg.instructure.com,216,Calculus&BasicLinearAlgebra I,hw1_sol-2023.pdf,91c4618fcda5132e26acf5fbc53a6ba1d88bd5868e668fe5e459173ffdc56bae,3737032,ACADEMIC_TEACHING,INGESTABLE,academic teaching material,NEEDS_REVIEW,OWNER_PLATFORM_IMPORT_INTENT_RIGHTS_UNVERIFIED
https://cityu-dg.instructure.com,216,Calculus&BasicLinearAlgebra I,hw2.pdf,c8c303ae583b28b5917e55a96dc3ea35bf61f30d3c33ac69ae571932f06854a0,107463,ACADEMIC_TEACHING,INGESTABLE,academic teaching material,NEEDS_REVIEW,OWNER_PLATFORM_IMPORT_INTENT_RIGHTS_UNVERIFIED
https://cityu-dg.instructure.com,216,Calculus&BasicLinearAlgebra I,hw3.pdf,bc77a7d4d7da2dc3cd8759443607316192031763b4a532c697cfed5320f7ad4d,120790,ACADEMIC_TEACHING,INGESTABLE,academic teaching material,NEEDS_REVIEW,OWNER_PLATFORM_IMPORT_INTENT_RIGHTS_UNVERIFIED
https://cityu-dg.instructure.com,216,Calculus&BasicLinearAlgebra I,hw3_sol.pdf,33779b2de545b1871f63089da9f255c75eab7a966bac2236953d37189663ca45,176140,ACADEMIC_TEACHING,INGESTABLE,academic teaching material,NEEDS_REVIEW,OWNER_PLATFORM_IMPORT_INTENT_RIGHTS_UNVERIFIED
https://cityu-dg.instructure.com,216,Calculus&BasicLinearAlgebra I,marking_midterm_a.pdf,a2443f9bdeba3d3836abc29606b6c0284ff81ba4a668c23be96ca4eab92226ae,586996,ACADEMIC_TEACHING,BLOCKED,"ASSESSMENT_MATERIAL: an exam, quiz or marking document needs the owner's decision",BLOCKED_NEEDS_OWNER_DECISION,OWNER_PLATFORM_IMPORT_INTENT_RIGHTS_UNVERIFIED
https://cityu-dg.instructure.com,216,Calculus&BasicLinearAlgebra I,marking_midterm_b.pdf,4aa015c9f28ace0bf5430efce2960a7beb06919153231735d02f0ef4b9aaa2a7,1125248,ACADEMIC_TEACHING,BLOCKED,"ASSESSMENT_MATERIAL: an exam, quiz or marking document needs the owner's decision",BLOCKED_NEEDS_OWNER_DECISION,OWNER_PLATFORM_IMPORT_INTENT_RIGHTS_UNVERIFIED
https://cityu-dg.instructure.com,216,Calculus&BasicLinearAlgebra I,question for self-evaluation.pdf,18581e915af31cd3785e9de162e89a5092538ade99834d465362817282e99c48,118285,ACADEMIC_TEACHING,INGESTABLE,academic teaching material,NEEDS_REVIEW,OWNER_PLATFORM_IMPORT_INTENT_RIGHTS_UNVERIFIED
https://cityu-dg.instructure.com,216,Calculus&BasicLinearAlgebra I,solution-1.pdf,253a594b50beb0039e223e556ec149502bfc032232b1318ccf45c42e2e487c86,541496,ACADEMIC_TEACHING,INGESTABLE,academic teaching material,NEEDS_REVIEW,OWNER_PLATFORM_IMPORT_INTENT_RIGHTS_UNVERIFIED
https://cityu-dg.instructure.com,216,Calculus&BasicLinearAlgebra I,solution-2.pdf,20aa319c9be15a3ada56c1aaeb4b569e39b818e80e00f6755d4007bb2ffc41e2,560174,ACADEMIC_TEACHING,INGESTABLE,academic teaching material,NEEDS_REVIEW,OWNER_PLATFORM_IMPORT_INTENT_RIGHTS_UNVERIFIED
https://cityu-dg.instructure.com,216,Calculus&BasicLinearAlgebra I,solution-3.pdf,d31b8fada2c75085d49e3bab5c942cea44a17350e1044358fdc6013750a831bc,611263,ACADEMIC_TEACHING,INGESTABLE,academic teaching material,NEEDS_REVIEW,OWNER_PLATFORM_IMPORT_INTENT_RIGHTS_UNVERIFIED
https://cityu-dg.instructure.com,233,General Physics I,04_AP1_Coefficients_of_Friction_S.pdf,e641145a9ea9792af02c97cd030341ce78fb3328f3ce48f42851383227df231a,548362,ACADEMIC_TEACHING,INGESTABLE,academic teaching material,NEEDS_REVIEW,OWNER_PLATFORM_IMPORT_INTENT_RIGHTS_UNVERIFIED
https://cityu-dg.instructure.com,233,General Physics I,09_Acceleration_Due_to_Gravity 2024-11-18 12_24_06.pdf,06f5771f3ba44484b26a8b28caef18eff704376d8ee3a516ad66cc674a01afc4,228852,ACADEMIC_TEACHING,INGESTABLE,academic teaching material,NEEDS_REVIEW,OWNER_PLATFORM_IMPORT_INTENT_RIGHTS_UNVERIFIED
https://cityu-dg.instructure.com,233,General Physics I,16. Simple Harmonic Motion.pdf,07b991843e010985d50bc9b2919e0c189d9100ed5a1379bcf73fa42ed73b64d4,302579,ACADEMIC_TEACHING,INGESTABLE,academic teaching material,NEEDS_REVIEW,OWNER_PLATFORM_IMPORT_INTENT_RIGHTS_UNVERIFIED
https://cityu-dg.instructure.com,233,General Physics I,531730702918_.pic-14018.jpg,b8503c51a66ad44cf220d25313159e4c838f4b390cfadc7abc28c4b5d177c90f,39925,ACADEMIC_TEACHING,DOWNLOAD_ONLY,"unknown format: stored, never counted as learnable material",NEEDS_REVIEW,OWNER_PLATFORM_IMPORT_INTENT_RIGHTS_UNVERIFIED
https://cityu-dg.instructure.com,233,General Physics I,531730702918_.pic.jpg,b8503c51a66ad44cf220d25313159e4c838f4b390cfadc7abc28c4b5d177c90f,39925,ACADEMIC_TEACHING,DOWNLOAD_ONLY,"unknown format: stored, never counted as learnable material",NEEDS_REVIEW,OWNER_PLATFORM_IMPORT_INTENT_RIGHTS_UNVERIFIED
https://cityu-dg.instructure.com,233,General Physics I,541730702919_.pic.jpg,380f8735a1bcbf99ae98083a8e8992551f947bb3b3abb2766ff37198ffc632b9,39204,ACADEMIC_TEACHING,DOWNLOAD_ONLY,"unknown format: stored, never counted as learnable material",NEEDS_REVIEW,OWNER_PLATFORM_IMPORT_INTENT_RIGHTS_UNVERIFIED
https://cityu-dg.instructure.com,233,General Physics I,551730702919_.pic.jpg,61d2e6f9894f36ea15a03ec7a65ddd045cc2a3a1ebb021086ec810276d4c7b1f,37508,ACADEMIC_TEACHING,DOWNLOAD_ONLY,"unknown format: stored, never counted as learnable material",NEEDS_REVIEW,OWNER_PLATFORM_IMPORT_INTENT_RIGHTS_UNVERIFIED
https://cityu-dg.instructure.com,233,General Physics I,561730702919_.pic.jpg,3e916fe7ae15a1bc2906defa42c5fc66478f894464835e24e0c27079c2d08245,39502,ACADEMIC_TEACHING,DOWNLOAD_ONLY,"unknown format: stored, never counted as learnable material",NEEDS_REVIEW,OWNER_PLATFORM_IMPORT_INTENT_RIGHTS_UNVERIFIED
https://cityu-dg.instructure.com,233,General Physics I,571730702920_.pic.jpg,4bf4cfa5f83ef603c0c67816b411c8b7963b746737fe53975d9c382d62e8e76c,39123,ACADEMIC_TEACHING,DOWNLOAD_ONLY,"unknown format: stored, never counted as learnable material",NEEDS_REVIEW,OWNER_PLATFORM_IMPORT_INTENT_RIGHTS_UNVERIFIED
https://cityu-dg.instructure.com,233,General Physics I,5a.jpg,80b6ea56f4deb1bddeb779a76045119e83903b41a2f5dfb400c075c0cf59f7d0,3624,ACADEMIC_TEACHING,DOWNLOAD_ONLY,"unknown format: stored, never counted as learnable material",NEEDS_REVIEW,OWNER_PLATFORM_IMPORT_INTENT_RIGHTS_UNVERIFIED
https://cityu-dg.instructure.com,233,General Physics I,5b4figure.png,90ff7ccbed27ea8e1b14af16561e1df2ea0a4c073a6e64368313ec3406dc2459,34243,ACADEMIC_TEACHING,DOWNLOAD_ONLY,"unknown format: stored, never counted as learnable material",NEEDS_REVIEW,OWNER_PLATFORM_IMPORT_INTENT_RIGHTS_UNVERIFIED
https://cityu-dg.instructure.com,233,General Physics I,5b5fig.png,84bb8f0e18d90cfe16b81a2370528184d52d67be388969c2d61e01c50aa0f964,25626,ACADEMIC_TEACHING,DOWNLOAD_ONLY,"unknown format: stored, never counted as learnable material",NEEDS_REVIEW,OWNER_PLATFORM_IMPORT_INTENT_RIGHTS_UNVERIFIED
https://cityu-dg.instructure.com,233,General Physics I,7.jpg,01efb542665ffff1495c572145c13efb80e9ca4424d5638b93ced4117464963c,6241,ACADEMIC_TEACHING,DOWNLOAD_ONLY,"unknown format: stored, never counted as learnable material",NEEDS_REVIEW,OWNER_PLATFORM_IMPORT_INTENT_RIGHTS_UNVERIFIED
https://cityu-dg.instructure.com,233,General Physics I,Assignment 5 B_Practice rotation.pdf,7a07a5a3757db1150998a30ee369e4283b239f48610feb8b4a2d171bb1a05519,154078,ACADEMIC_TEACHING,INGESTABLE,academic teaching material,NEEDS_REVIEW,OWNER_PLATFORM_IMPORT_INTENT_RIGHTS_UNVERIFIED
https://cityu-dg.instructure.com,233,General Physics I,Assignment Chapter 8.pdf,cee6efa1f4f2db02ed65461cb24615e7119819d14dc7f427bad70b911a130807,125897,ACADEMIC_TEACHING,INGESTABLE,academic teaching material,NEEDS_REVIEW,OWNER_PLATFORM_IMPORT_INTENT_RIGHTS_UNVERIFIED
https://cityu-dg.instructure.com,233,General Physics I,Chapter 1 Tutorials.pdf,7d9fe759bc77d6ff1a30faea943c7b254a2f5151881cc1c1a60dce147766c07d,359615,ACADEMIC_TEACHING,INGESTABLE,academic teaching material,NEEDS_REVIEW,OWNER_PLATFORM_IMPORT_INTENT_RIGHTS_UNVERIFIED
https://cityu-dg.instructure.com,233,General Physics I,Chapter 1.pptx,b2494a17116ad7597a1000d82ce623f4117ea2f5d10a8bf389c7be2e27aa4166,2639394,ACADEMIC_TEACHING,INGESTABLE,academic teaching material,NEEDS_REVIEW,OWNER_PLATFORM_IMPORT_INTENT_RIGHTS_UNVERIFIED
https://cityu-dg.instructure.com,233,General Physics I,Chapter 2 Tutorials.pdf,caac8c4fc3cfd8b285ec827aa2fff3360ee0f71e7655a5a656dc04d9987bc90f,590633,ACADEMIC_TEACHING,INGESTABLE,academic teaching material,NEEDS_REVIEW,OWNER_PLATFORM_IMPORT_INTENT_RIGHTS_UNVERIFIED
https://cityu-dg.instructure.com,233,General Physics I,Chapter 2.pptx,12d71a83c3e7c616bfe67894cfe0d1ee46456a88ee47c981a5b98b2760704534,9724135,ACADEMIC_TEACHING,INGESTABLE,academic teaching material,NEEDS_REVIEW,OWNER_PLATFORM_IMPORT_INTENT_RIGHTS_UNVERIFIED
https://cityu-dg.instructure.com,233,General Physics I,Chapter 3 Tutorials.pdf,53d85e594710f009db243b582cf98f085c6ac1eeb3a0b11e2f245ec4f9027b48,1186299,ACADEMIC_TEACHING,INGESTABLE,academic teaching material,NEEDS_REVIEW,OWNER_PLATFORM_IMPORT_INTENT_RIGHTS_UNVERIFIED
https://cityu-dg.instructure.com,233,General Physics I,Chapter 3.pptx,1aba71f1bea5995d1c7f7100dcd232e1bd19541c83ae228b8cad6232f928e875,2959049,ACADEMIC_TEACHING,INGESTABLE,academic teaching material,NEEDS_REVIEW,OWNER_PLATFORM_IMPORT_INTENT_RIGHTS_UNVERIFIED
https://cityu-dg.instructure.com,233,General Physics I,Chapter 4 Tutorials.pdf,dc9cd163fc0c2e028fbdcd1f54f4bdd4e3dc149f7a8a4fdc9f9f2bf99f3ba98d,720738,ACADEMIC_TEACHING,INGESTABLE,academic teaching material,NEEDS_REVIEW,OWNER_PLATFORM_IMPORT_INTENT_RIGHTS_UNVERIFIED
https://cityu-dg.instructure.com,233,General Physics I,Chapter 4.pptx,bc11e12a4873a4a6324d37162a98f3587b3b286ec0ac96af2970f0f063281f6c,3985623,ACADEMIC_TEACHING,INGESTABLE,academic teaching material,NEEDS_REVIEW,OWNER_PLATFORM_IMPORT_INTENT_RIGHTS_UNVERIFIED
https://cityu-dg.instructure.com,233,General Physics I,Chapter 5a Tutorials.pdf,908f889d1b040410993973b69df16e53a6a693e4e062a1d398e1b62838540793,556682,ACADEMIC_TEACHING,INGESTABLE,academic teaching material,NEEDS_REVIEW,OWNER_PLATFORM_IMPORT_INTENT_RIGHTS_UNVERIFIED
https://cityu-dg.instructure.com,233,General Physics I,Chapter 5a.pptx,91e8877d8a42e83116e5abf92b4745dae65c277650e06c026067ef2001cc13cd,2667611,ACADEMIC_TEACHING,INGESTABLE,academic teaching material,NEEDS_REVIEW,OWNER_PLATFORM_IMPORT_INTENT_RIGHTS_UNVERIFIED
https://cityu-dg.instructure.com,233,General Physics I,Chapter 5b Tutorials.pdf,487bfb029520344dda5450b35cfe460be6e6446a41bdb15cd1c5bfeeb094eae8,800663,ACADEMIC_TEACHING,INGESTABLE,academic teaching material,NEEDS_REVIEW,OWNER_PLATFORM_IMPORT_INTENT_RIGHTS_UNVERIFIED
https://cityu-dg.instructure.com,233,General Physics I,Chapter 6 Tutorials.pdf,7743213d1041c710fd44a0905234368ba17db505752f9df0ff1d9077455b10d4,377901,ACADEMIC_TEACHING,INGESTABLE,academic teaching material,NEEDS_REVIEW,OWNER_PLATFORM_IMPORT_INTENT_RIGHTS_UNVERIFIED
https://cityu-dg.instructure.com,233,General Physics I,Chapter 6.pptx,4029a6f0fae5606582ffdc4d3d1db10c684e951dd75fac031e58eae15db1baac,8241032,ACADEMIC_TEACHING,INGESTABLE,academic teaching material,NEEDS_REVIEW,OWNER_PLATFORM_IMPORT_INTENT_RIGHTS_UNVERIFIED
https://cityu-dg.instructure.com,233,General Physics I,Chapter 7 Tutorials.pdf,758bf3a1c9c2e3dfebdf75dc8a50251137cdcdf354a4a3021c4037593a9cdde4,308640,ACADEMIC_TEACHING,INGESTABLE,academic teaching material,NEEDS_REVIEW,OWNER_PLATFORM_IMPORT_INTENT_RIGHTS_UNVERIFIED
https://cityu-dg.instructure.com,233,General Physics I,Chapter 7.pptx,19747187085c0a6b01941a2b8a80b1388c804d48e787a7cd1baa2939ab8f8503,1140520,ACADEMIC_TEACHING,INGESTABLE,academic teaching material,NEEDS_REVIEW,OWNER_PLATFORM_IMPORT_INTENT_RIGHTS_UNVERIFIED
https://cityu-dg.instructure.com,233,General Physics I,Chapter 8 Tutorials.pdf,a7111917adb37ad3117ca848c390fab1b95bafe065a71973c0551af3988a1533,364171,ACADEMIC_TEACHING,INGESTABLE,academic teaching material,NEEDS_REVIEW,OWNER_PLATFORM_IMPORT_INTENT_RIGHTS_UNVERIFIED
https://cityu-dg.instructure.com,233,General Physics I,Chapter 8.pptx,fa32bfbb40ff52b8a8ca8d1cde8d9c08cf903e429e102aeb7aa8ea613a4fb342,1365469,ACADEMIC_TEACHING,INGESTABLE,academic teaching material,NEEDS_REVIEW,OWNER_PLATFORM_IMPORT_INTENT_RIGHTS_UNVERIFIED
https://cityu-dg.instructure.com,233,General Physics I,Chapter 9 Tutorials.pdf,b0fdc9c7c1558e98a72fe797ea3f584814364521a84e7460d72f82e2dabb2e97,507599,ACADEMIC_TEACHING,INGESTABLE,academic teaching material,NEEDS_REVIEW,OWNER_PLATFORM_IMPORT_INTENT_RIGHTS_UNVERIFIED
https://cityu-dg.instructure.com,233,General Physics I,Chapter0 Basic information CityU(DG) 2024-25A.pdf,4ccc48ea6f1a12da216a05a277ed5d214e00756ac99017fb8a592e1a7aea19a5,288563,ACADEMIC_TEACHING,INGESTABLE,academic teaching material,NEEDS_REVIEW,OWNER_PLATFORM_IMPORT_INTENT_RIGHTS_UNVERIFIED
https://cityu-dg.instructure.com,233,General Physics I,Chapter1_introduction_2024A.pdf,b7118fb17d81df96dcbde9c5b7d3cadba66497228a90ca87d3ae069997906acc,3614369,ACADEMIC_TEACHING,INGESTABLE,academic teaching material,NEEDS_REVIEW,OWNER_PLATFORM_IMPORT_INTENT_RIGHTS_UNVERIFIED
https://cityu-dg.instructure.com,233,General Physics I,Chapter2-Motion_2024A.pdf,a7e9b06d501789dc1c167512b8f13ed2ed0d8cc8e33cd347702db84eb2c88197,4023616,ACADEMIC_TEACHING,INGESTABLE,academic teaching material,NEEDS_REVIEW,OWNER_PLATFORM_IMPORT_INTENT_RIGHTS_UNVERIFIED
https://cityu-dg.instructure.com,233,General Physics I,Chapter3-Newtons Laws_2024A.pdf,48d4d5b9cd80a34117268a67ddbb8c31410ba03fc32f01dbc36feb1ff319cf41,3122297,ACADEMIC_TEACHING,INGESTABLE,academic teaching material,NEEDS_REVIEW,OWNER_PLATFORM_IMPORT_INTENT_RIGHTS_UNVERIFIED
https://cityu-dg.instructure.com,233,General Physics I,Chapter4-Work Energy_2024A.pdf,9f5fcdafe12598ad6dc41c5973a7ccfe8331146c77dd15f90df43b192e59066e,4287599,ACADEMIC_TEACHING,INGESTABLE,academic teaching material,NEEDS_REVIEW,OWNER_PLATFORM_IMPORT_INTENT_RIGHTS_UNVERIFIED
https://cityu-dg.instructure.com,233,General Physics I,Chapter5A-Rotation Motion_2024A.pdf,5913600f109c63d70e80605a2620597b954f5594e737b91336ba14647f56bd38,2830219,ACADEMIC_TEACHING,INGESTABLE,academic teaching material,NEEDS_REVIEW,OWNER_PLATFORM_IMPORT_INTENT_RIGHTS_UNVERIFIED
https://cityu-dg.instructure.com,233,General Physics I,Conservation of Energy.pdf,0546bd50d4be5c2d997e7545f2207af5f22ea624e6733094718906475fb7e05d,220823,ACADEMIC_TEACHING,INGESTABLE,academic teaching material,NEEDS_REVIEW,OWNER_PLATFORM_IMPORT_INTENT_RIGHTS_UNVERIFIED
https://cityu-dg.instructure.com,233,General Physics I,Equations for PHY1201 exam-V2021-4.pdf,cec47608abec713ad3a64de6737ad28094eebc1d46850bfe476dea57645eb7ca,1469628,ACADEMIC_TEACHING,BLOCKED,"ASSESSMENT_MATERIAL: an exam, quiz or marking document needs the owner's decision",BLOCKED_NEEDS_OWNER_DECISION,OWNER_PLATFORM_IMPORT_INTENT_RIGHTS_UNVERIFIED
https://cityu-dg.instructure.com,233,General Physics I,Equations for PHY1201 exam-V2021-7.pdf,e3830fea0855bb0ff216fec9312860f35c76286388103344e47970ea1a332d91,1470606,ACADEMIC_TEACHING,BLOCKED,"ASSESSMENT_MATERIAL: an exam, quiz or marking document needs the owner's decision",BLOCKED_NEEDS_OWNER_DECISION,OWNER_PLATFORM_IMPORT_INTENT_RIGHTS_UNVERIFIED
https://cityu-dg.instructure.com,233,General Physics I,Equations for PHY1201 exam-V2021.pdf,d65baab704c84540206bdb1131a7f5edadfe7c77ae7260b29e09ae02f0b1285b,1470101,ACADEMIC_TEACHING,BLOCKED,"ASSESSMENT_MATERIAL: an exam, quiz or marking document needs the owner's decision",BLOCKED_NEEDS_OWNER_DECISION,OWNER_PLATFORM_IMPORT_INTENT_RIGHTS_UNVERIFIED
https://cityu-dg.instructure.com,233,General Physics I,Equations for PHY1201.docx,05303eddc72543cf13d0b3f66f2d0c700c08e44f3b0ddd2b86dc2da80b598842,1056981,ACADEMIC_TEACHING,INGESTABLE,academic teaching material,NEEDS_REVIEW,OWNER_PLATFORM_IMPORT_INTENT_RIGHTS_UNVERIFIED
https://cityu-dg.instructure.com,233,General Physics I,JW2024-Lecture 10-Mechanical Waves.pdf,227195afaecd8e2b4de1381400be6c643e05c122b931b46d4c0d0a71b960e3ed,3311129,ACADEMIC_TEACHING,INGESTABLE,academic teaching material,NEEDS_REVIEW,OWNER_PLATFORM_IMPORT_INTENT_RIGHTS_UNVERIFIED
https://cityu-dg.instructure.com,233,General Physics I,JW2024-Lecture 11-Sound Waves.pdf,fca2e22a316c42fb9a3c345216069bbba24ac35d9fc1581dca69da8ca17b42bf,5492274,ACADEMIC_TEACHING,INGESTABLE,academic teaching material,NEEDS_REVIEW,OWNER_PLATFORM_IMPORT_INTENT_RIGHTS_UNVERIFIED
https://cityu-dg.instructure.com,233,General Physics I,JW2024-Lecture 6-Rotation II dynamics of rotational motion.pdf,c33fad1934537cbe3bc1923f0a5be11e6acd6c16c17bb74c491d8cb4cf203bb0,2807269,ACADEMIC_TEACHING,INGESTABLE,academic teaching material,NEEDS_REVIEW,OWNER_PLATFORM_IMPORT_INTENT_RIGHTS_UNVERIFIED
https://cityu-dg.instructure.com,233,General Physics I,JW2024-Lecture 7-Temperature and Heat.pdf,fcb777b9d9fac888ac500924617687ea4102c109d1e46ce8925d29119d985f35,4625068,ACADEMIC_TEACHING,INGESTABLE,academic teaching material,NEEDS_REVIEW,OWNER_PLATFORM_IMPORT_INTENT_RIGHTS_UNVERIFIED
https://cityu-dg.instructure.com,233,General Physics I,JW2024-Lectures 8&9-Thermal Properties of Matter.pdf,e27ce6aa69538a895574312c4c5ea8477c8ed27ba65ee23fb908c546ea7432e3,3255080,ACADEMIC_TEACHING,INGESTABLE,academic teaching material,NEEDS_REVIEW,OWNER_PLATFORM_IMPORT_INTENT_RIGHTS_UNVERIFIED
https://cityu-dg.instructure.com,233,General Physics I,Lab_Report_Template-17604.docx,3381c81572a7b8842a19bb7817d954b24b696426a6ce1bab29deb1f2673fff7f,840640,ACADEMIC_TEACHING,INGESTABLE,academic teaching material,NEEDS_REVIEW,OWNER_PLATFORM_IMPORT_INTENT_RIGHTS_UNVERIFIED
https://cityu-dg.instructure.com,233,General Physics I,Lab_Report_Template.docx,3381c81572a7b8842a19bb7817d954b24b696426a6ce1bab29deb1f2673fff7f,840640,ACADEMIC_TEACHING,INGESTABLE,academic teaching material,NEEDS_REVIEW,OWNER_PLATFORM_IMPORT_INTENT_RIGHTS_UNVERIFIED
https://cityu-dg.instructure.com,233,General Physics I,Practice questions for chapter 7.pdf,43888d2c2b88aba5cfcee05305b4efa5da9a62e6c1859a5f6f59461439f0018f,104685,ACADEMIC_TEACHING,INGESTABLE,academic teaching material,NEEDS_REVIEW,OWNER_PLATFORM_IMPORT_INTENT_RIGHTS_UNVERIFIED
https://cityu-dg.instructure.com,233,General Physics I,Revision-Dahlsten.pdf,6287242f1abcb3e1341d065ac4e3ad722eea32c449c7f15d9d4583a6023f6fc6,4779234,ACADEMIC_TEACHING,INGESTABLE,academic teaching material,NEEDS_REVIEW,OWNER_PLATFORM_IMPORT_INTENT_RIGHTS_UNVERIFIED
https://cityu-dg.instructure.com,233,General Physics I,Sample Examination Questions for PHY1201.pdf,d6b62b94145a4c552f707c352f388788836b6a29c3007d20cecd08e211f3eb69,610061,ACADEMIC_TEACHING,INGESTABLE,academic teaching material,NEEDS_REVIEW,OWNER_PLATFORM_IMPORT_INTENT_RIGHTS_UNVERIFIED
https://cityu-dg.instructure.com,233,General Physics I,Screen Shot 2015-01-17 at 6.25.41 PM.png,950d16ade57569db1f68973b705096b67ab6eee472d216a2bc1ae895f9223f68,21386,ACADEMIC_TEACHING,DOWNLOAD_ONLY,"unknown format: stored, never counted as learnable material",NEEDS_REVIEW,OWNER_PLATFORM_IMPORT_INTENT_RIGHTS_UNVERIFIED
https://cityu-dg.instructure.com,233,General Physics I,Screen Shot 2015-02-11 at 11.56.47 PM.png,eb2e09c1b4f82bbce31da58291f79c2400f809bb8926cacf3a8812b5477649e3,22262,ACADEMIC_TEACHING,DOWNLOAD_ONLY,"unknown format: stored, never counted as learnable material",NEEDS_REVIEW,OWNER_PLATFORM_IMPORT_INTENT_RIGHTS_UNVERIFIED
https://cityu-dg.instructure.com,233,General Physics I,Screen Shot 2015-02-12 at 12.10.14 AM.png,bc28c95205746f02c67e3bb541969c91c18914cb98373b103a3a6dfcf02d9161,37198,ACADEMIC_TEACHING,DOWNLOAD_ONLY,"unknown format: stored, never counted as learnable material",NEEDS_REVIEW,OWNER_PLATFORM_IMPORT_INTENT_RIGHTS_UNVERIFIED
https://cityu-dg.instructure.com,233,General Physics I,Screen Shot 2015-02-15 at 11.22.45 PM.png,185fd3a7fed5aaf4948d1c5220841ac2ac6cb35347544c4f5cc0bea11dd51ac8,82877,ACADEMIC_TEACHING,DOWNLOAD_ONLY,"unknown format: stored, never counted as learnable material",NEEDS_REVIEW,OWNER_PLATFORM_IMPORT_INTENT_RIGHTS_UNVERIFIED
https://cityu-dg.instructure.com,233,General Physics I,Screen Shot 2015-02-15 at 11.27.21 PM.png,c06b12c3b230ab20e4f5bcdd729d081dec0f7cd7b18e5d8a4d9a7312c032887c,43567,ACADEMIC_TEACHING,DOWNLOAD_ONLY,"unknown format: stored, never counted as learnable material",NEEDS_REVIEW,OWNER_PLATFORM_IMPORT_INTENT_RIGHTS_UNVERIFIED
https://cityu-dg.instructure.com,233,General Physics I,Screen Shot 2015-02-15 at 11.37.19 PM.png,e57fc223cf99bbac54b2bc51284cd8bbc40c0f4eb06e276128383dc40b44adb6,77259,ACADEMIC_TEACHING,DOWNLOAD_ONLY,"unknown format: stored, never counted as learnable material",NEEDS_REVIEW,OWNER_PLATFORM_IMPORT_INTENT_RIGHTS_UNVERIFIED
https://cityu-dg.instructure.com,233,General Physics I,Screen Shot 2015-02-15 at 11.41.27 PM.png,815aa1d7f99c13c6fddf3723f17ea9d49e81a5949ed1f624be5f00c6c0bcb2b8,80199,ACADEMIC_TEACHING,DOWNLOAD_ONLY,"unknown format: stored, never counted as learnable material",NEEDS_REVIEW,OWNER_PLATFORM_IMPORT_INTENT_RIGHTS_UNVERIFIED
https://cityu-dg.instructure.com,233,General Physics I,Screen Shot 2015-02-15 at 11.45.45 PM.png,e88e1251a6b2718324b1252c3d4472abe4562a023da62b93da823d1f65a1d067,56407,ACADEMIC_TEACHING,DOWNLOAD_ONLY,"unknown format: stored, never counted as learnable material",NEEDS_REVIEW,OWNER_PLATFORM_IMPORT_INTENT_RIGHTS_UNVERIFIED
https://cityu-dg.instructure.com,233,General Physics I,Screen Shot 2015-02-15 at 11.51.23 PM.png,a839e2121d4063ed845496ef3faded57cf9254fac3bc20847651c79ce66d22cf,26183,ACADEMIC_TEACHING,DOWNLOAD_ONLY,"unknown format: stored, never counted as learnable material",NEEDS_REVIEW,OWNER_PLATFORM_IMPORT_INTENT_RIGHTS_UNVERIFIED
https://cityu-dg.instructure.com,233,General Physics I,Screen Shot 2015-02-15 at 11.53.36 PM.png,521c72a3fca901cd065995033481bc02f4ae869f5b1ebffca4088a34cb4fa4ea,15466,ACADEMIC_TEACHING,DOWNLOAD_ONLY,"unknown format: stored, never counted as learnable material",NEEDS_REVIEW,OWNER_PLATFORM_IMPORT_INTENT_RIGHTS_UNVERIFIED
https://cityu-dg.instructure.com,233,General Physics I,Screen Shot 2015-02-15 at 11.58.17 PM.png,cc0919a2a352da334b035062ef7ff1a65d334839b343063e2aed1e3106f9db29,22057,ACADEMIC_TEACHING,DOWNLOAD_ONLY,"unknown format: stored, never counted as learnable material",NEEDS_REVIEW,OWNER_PLATFORM_IMPORT_INTENT_RIGHTS_UNVERIFIED
https://cityu-dg.instructure.com,233,General Physics I,Screen Shot 2015-02-24 at 12.24.46 AM.png,fade627dae5fcfb4689571b132603c9b930b04d1e2a229727823170f7f4aaf5c,44523,ACADEMIC_TEACHING,DOWNLOAD_ONLY,"unknown format: stored, never counted as learnable material",NEEDS_REVIEW,OWNER_PLATFORM_IMPORT_INTENT_RIGHTS_UNVERIFIED
https://cityu-dg.instructure.com,233,General Physics I,Screen Shot 2015-02-24 at 12.30.46 AM.png,c86f197f9fc3a7ab771d2853ef8597004ca5f9ff4860ec5ddbdb1d44211ab697,68201,ACADEMIC_TEACHING,DOWNLOAD_ONLY,"unknown format: stored, never counted as learnable material",NEEDS_REVIEW,OWNER_PLATFORM_IMPORT_INTENT_RIGHTS_UNVERIFIED
https://cityu-dg.instructure.com,233,General Physics I,Screen Shot 2015-02-24 at 12.31.46 AM.png,94bcb649c70756b6523151b79f65853cf54ee1c45046984c47c80ad0cb6fceb3,50422,ACADEMIC_TEACHING,DOWNLOAD_ONLY,"unknown format: stored, never counted as learnable material",NEEDS_REVIEW,OWNER_PLATFORM_IMPORT_INTENT_RIGHTS_UNVERIFIED
https://cityu-dg.instructure.com,233,General Physics I,Screen Shot 2015-02-24 at 12.37.20 AM.png,a2068d8cb23323ae13df9b46d1ce1639be14b5baa71fe883c848c7385cf06dfc,47179,ACADEMIC_TEACHING,DOWNLOAD_ONLY,"unknown format: stored, never counted as learnable material",NEEDS_REVIEW,OWNER_PLATFORM_IMPORT_INTENT_RIGHTS_UNVERIFIED
https://cityu-dg.instructure.com,233,General Physics I,Screen Shot 2015-02-24 at 12.45.25 AM.png,259ef4865e561efd156b17c36652dcbc649727f8f637fd25879cdc7ef1f2aef0,43637,ACADEMIC_TEACHING,DOWNLOAD_ONLY,"unknown format: stored, never counted as learnable material",NEEDS_REVIEW,OWNER_PLATFORM_IMPORT_INTENT_RIGHTS_UNVERIFIED
https://cityu-dg.instructure.com,233,General Physics I,Screen Shot 2015-09-22 at 11.42.33 am.png,9c500275cb9e638bacb57901b2c32f3f232b6c8e1a68d337aab640be15640edf,41957,ACADEMIC_TEACHING,DOWNLOAD_ONLY,"unknown format: stored, never counted as learnable material",NEEDS_REVIEW,OWNER_PLATFORM_IMPORT_INTENT_RIGHTS_UNVERIFIED
https://cityu-dg.instructure.com,233,General Physics I,Screen Shot 2015-09-23 at 2.39.52 pm.png,18d19b41d1dc321020bec528514ba7cb77d799aa4524dfc0fc0e0839d1794cea,65493,ACADEMIC_TEACHING,DOWNLOAD_ONLY,"unknown format: stored, never counted as learnable material",NEEDS_REVIEW,OWNER_PLATFORM_IMPORT_INTENT_RIGHTS_UNVERIFIED
https://cityu-dg.instructure.com,233,General Physics I,Screen Shot 2015-09-28 at 8.28.07 pm.png,916cffdb363bbcfe8c224afb6b10df8b709a36e4945f0e49e98868258d5f425f,120556,ACADEMIC_TEACHING,DOWNLOAD_ONLY,"unknown format: stored, never counted as learnable material",NEEDS_REVIEW,OWNER_PLATFORM_IMPORT_INTENT_RIGHTS_UNVERIFIED
https://cityu-dg.instructure.com,233,General Physics I,fig 3.2.png,f93c52b11da23c45d48b973acfca327ab6278a075e71d944498f5fb2968aa389,43730,ACADEMIC_TEACHING,DOWNLOAD_ONLY,"unknown format: stored, never counted as learnable material",NEEDS_REVIEW,OWNER_PLATFORM_IMPORT_INTENT_RIGHTS_UNVERIFIED
https://cityu-dg.instructure.com,233,General Physics I,fig 3.3.png,469079d69d66362b62236d4775a90ad5d2481905cb91e70e0974aa4c7d0ac49c,37392,ACADEMIC_TEACHING,DOWNLOAD_ONLY,"unknown format: stored, never counted as learnable material",NEEDS_REVIEW,OWNER_PLATFORM_IMPORT_INTENT_RIGHTS_UNVERIFIED
https://cityu-dg.instructure.com,233,General Physics I,fig 3.4.png,57ef02da9a1550acc5e272a820c84a9eb300578b1a7ff8e07e85730ccf21de93,54397,ACADEMIC_TEACHING,DOWNLOAD_ONLY,"unknown format: stored, never counted as learnable material",NEEDS_REVIEW,OWNER_PLATFORM_IMPORT_INTENT_RIGHTS_UNVERIFIED
https://cityu-dg.instructure.com,233,General Physics I,fig 5A.3.png,9ebdabf3f94de9ad4510474cea4a963d440b39dab411cd3a9af67a2211ee01b5,29126,ACADEMIC_TEACHING,DOWNLOAD_ONLY,"unknown format: stored, never counted as learnable material",NEEDS_REVIEW,OWNER_PLATFORM_IMPORT_INTENT_RIGHTS_UNVERIFIED
https://cityu-dg.instructure.com,233,General Physics I,format example.pdf,b629f8fd7866eb008eb47517ea0a8edeac685666ffe48ea6c45318cc4eb77ab1,38398,ACADEMIC_TEACHING,INGESTABLE,academic teaching material,NEEDS_REVIEW,OWNER_PLATFORM_IMPORT_INTENT_RIGHTS_UNVERIFIED
https://cityu-dg.instructure.com,233,General Physics I,lab groups.pdf,1901994d34cd132cc04853c5d4ce263327d224ac971e685c88818b3cfda732c8,49645,ACADEMIC_TEACHING,INGESTABLE,academic teaching material,NEEDS_REVIEW,OWNER_PLATFORM_IMPORT_INTENT_RIGHTS_UNVERIFIED
https://cityu-dg.instructure.com,233,General Physics I,practice questions for chapter 1.pdf,a31085525cb3dde24ba882f7a38f55bf8193da269d48c67c2d8ed7cffbc93d5b,120315,ACADEMIC_TEACHING,INGESTABLE,academic teaching material,NEEDS_REVIEW,OWNER_PLATFORM_IMPORT_INTENT_RIGHTS_UNVERIFIED
https://cityu-dg.instructure.com,233,General Physics I,practice questions for chapter 2.pdf,e2430310c997f9fc2d7fe852d66dc64bffe92b0c3c85ad204f237f66b9c771c7,116672,ACADEMIC_TEACHING,INGESTABLE,academic teaching material,NEEDS_REVIEW,OWNER_PLATFORM_IMPORT_INTENT_RIGHTS_UNVERIFIED
https://cityu-dg.instructure.com,233,General Physics I,practice questions for chapter 3.pdf,2515994fe3648bd6b0cbaa3df408f6389d2bef0d758177d387278d90fb29dd69,131201,ACADEMIC_TEACHING,INGESTABLE,academic teaching material,NEEDS_REVIEW,OWNER_PLATFORM_IMPORT_INTENT_RIGHTS_UNVERIFIED
https://cityu-dg.instructure.com,233,General Physics I,practice questions for chapter 4.pdf,8632e68578b3c1114808233a383cdda7dd0c95d24f27eefec0e5af64299237d3,164156,ACADEMIC_TEACHING,INGESTABLE,academic teaching material,NEEDS_REVIEW,OWNER_PLATFORM_IMPORT_INTENT_RIGHTS_UNVERIFIED
https://cityu-dg.instructure.com,233,General Physics I,practice questions for chapter 5A.pdf,7d2ed2ac81ea033a5217090e18adac478008b9f25495a5b495baa7cf3bc18084,119382,ACADEMIC_TEACHING,INGESTABLE,academic teaching material,NEEDS_REVIEW,OWNER_PLATFORM_IMPORT_INTENT_RIGHTS_UNVERIFIED
https://cityu-dg.instructure.com,233,General Physics I,practice questions for chapter 6.pdf,eb5cc878773d1b161bdd6e2567a5ec17b261a6bc256b68f614c121cba104e672,126544,ACADEMIC_TEACHING,INGESTABLE,academic teaching material,NEEDS_REVIEW,OWNER_PLATFORM_IMPORT_INTENT_RIGHTS_UNVERIFIED
https://cityu-dg.instructure.com,233,General Physics I,practice questions for chapter 9.pdf,670e423a3a9f1593e83deae27a75786bd890619b9c6c449c202536eeacfb6843,92254,ACADEMIC_TEACHING,INGESTABLE,academic teaching material,NEEDS_REVIEW,OWNER_PLATFORM_IMPORT_INTENT_RIGHTS_UNVERIFIED
https://cityu-dg.instructure.com,233,General Physics I,rollercoaster.png,48cbacb7f149816ee184b0a0a841ea623c07f68794b4f08b639725f6ab3b25cb,61785,ACADEMIC_TEACHING,DOWNLOAD_ONLY,"unknown format: stored, never counted as learnable material",NEEDS_REVIEW,OWNER_PLATFORM_IMPORT_INTENT_RIGHTS_UNVERIFIED
https://cityu-dg.instructure.com,240,Funda. of Internet App. Dev.,1Nail.jpg,8c0686742226c412c5a124c41b0433a15bf44679f0056cee626ebbe87c314a0b,3419,ACADEMIC_TEACHING,DOWNLOAD_ONLY,"unknown format: stored, never counted as learnable material",NEEDS_REVIEW,OWNER_PLATFORM_IMPORT_INTENT_RIGHTS_UNVERIFIED
https://cityu-dg.instructure.com,240,Funda. of Internet App. Dev.,2Nail.jpg,2194838984ba83d44f52982b64355d43d64082b46b57104bbdef17d4621303be,3379,ACADEMIC_TEACHING,DOWNLOAD_ONLY,"unknown format: stored, never counted as learnable material",NEEDS_REVIEW,OWNER_PLATFORM_IMPORT_INTENT_RIGHTS_UNVERIFIED
https://cityu-dg.instructure.com,240,Funda. of Internet App. Dev.,3Nail.jpg,b6ecc5c1eaaa02c2bb301a56bc8b23c462a82dd8c3c31622f75d0b9ac2319e9f,3819,ACADEMIC_TEACHING,DOWNLOAD_ONLY,"unknown format: stored, never counted as learnable material",NEEDS_REVIEW,OWNER_PLATFORM_IMPORT_INTENT_RIGHTS_UNVERIFIED
https://cityu-dg.instructure.com,240,Funda. of Internet App. Dev.,4Nail.jpg,ed64eeb94488d2ecb73d1db10545c5d1b4d7cfd77e81522f8484a95306b0deb0,3591,ACADEMIC_TEACHING,DOWNLOAD_ONLY,"unknown format: stored, never counted as learnable material",NEEDS_REVIEW,OWNER_PLATFORM_IMPORT_INTENT_RIGHTS_UNVERIFIED
https://cityu-dg.instructure.com,240,Funda. of Internet App. Dev.,5Nail.jpg,f7c60c270d9bccda3d9d14b459f371618323d485cf8402d402ee6da6e7a229d7,3433,ACADEMIC_TEACHING,DOWNLOAD_ONLY,"unknown format: stored, never counted as learnable material",NEEDS_REVIEW,OWNER_PLATFORM_IMPORT_INTENT_RIGHTS_UNVERIFIED
https://cityu-dg.instructure.com,240,Funda. of Internet App. Dev.,75934537.mp3,d4cb3172d991be5ff5db2d085fdae53ca06f1111bc109c0c0e2932d8cc23037c,44035,ACADEMIC_TEACHING,DOWNLOAD_ONLY,"no loader can read this format: stored, never counted as learnable material",NEEDS_REVIEW,OWNER_PLATFORM_IMPORT_INTENT_RIGHTS_UNVERIFIED
https://cityu-dg.instructure.com,240,Funda. of Internet App. Dev.,AC3-11372.jpeg,4a8f89df219b5ebc785adead695f5a1f6e27df1e56ca756709ff2e4a07229801,160343,ACADEMIC_TEACHING,DOWNLOAD_ONLY,"unknown format: stored, never counted as learnable material",NEEDS_REVIEW,OWNER_PLATFORM_IMPORT_INTENT_RIGHTS_UNVERIFIED
https://cityu-dg.instructure.com,240,Funda. of Internet App. Dev.,AC3-14131.jpeg,4a8f89df219b5ebc785adead695f5a1f6e27df1e56ca756709ff2e4a07229801,160343,ACADEMIC_TEACHING,DOWNLOAD_ONLY,"unknown format: stored, never counted as learnable material",NEEDS_REVIEW,OWNER_PLATFORM_IMPORT_INTENT_RIGHTS_UNVERIFIED
https://cityu-dg.instructure.com,240,Funda. of Internet App. Dev.,AC3.jpeg,4a8f89df219b5ebc785adead695f5a1f6e27df1e56ca756709ff2e4a07229801,160343,ACADEMIC_TEACHING,DOWNLOAD_ONLY,"unknown format: stored, never counted as learnable material",NEEDS_REVIEW,OWNER_PLATFORM_IMPORT_INTENT_RIGHTS_UNVERIFIED
https://cityu-dg.instructure.com,240,Funda. of Internet App. Dev.,CS2204-2425A-CW1.pdf,d96d99b5781eb73bc147ed23eec05b9518e4da1a641d5e667c7f3fb1f457344c,4437043,ACADEMIC_TEACHING,INGESTABLE,academic teaching material,NEEDS_REVIEW,OWNER_PLATFORM_IMPORT_INTENT_RIGHTS_UNVERIFIED
https://cityu-dg.instructure.com,240,Funda. of Internet App. Dev.,CS2204-2425A-CW2.pdf,ee39478639102184e437a42a02e987f9a320fd95c3d65caee281af212552b46c,2825424,ACADEMIC_TEACHING,INGESTABLE,academic teaching material,NEEDS_REVIEW,OWNER_PLATFORM_IMPORT_INTENT_RIGHTS_UNVERIFIED
https://cityu-dg.instructure.com,240,Funda. of Internet App. Dev.,CS2204-2425A-CW3.pdf,f95fd038a4731cb9ffd57b02d44e44c3660df683d5f8620f4fc270ac35934236,1270498,ACADEMIC_TEACHING,INGESTABLE,academic teaching material,NEEDS_REVIEW,OWNER_PLATFORM_IMPORT_INTENT_RIGHTS_UNVERIFIED
https://cityu-dg.instructure.com,240,Funda. of Internet App. Dev.,CS2204-FinalExam.pdf,74e43c5b8b22ec7f9dd891868f3ef19ee6bece8c32913687217b8ffe9b543017,157074,ACADEMIC_TEACHING,BLOCKED,"ASSESSMENT_MATERIAL: an exam, quiz or marking document needs the owner's decision",BLOCKED_NEEDS_OWNER_DECISION,OWNER_PLATFORM_IMPORT_INTENT_RIGHTS_UNVERIFIED
https://cityu-dg.instructure.com,240,Funda. of Internet App. Dev.,CS2204-Lec01-Introduction.pdf,94b6f19c2c15683b8da7f9282e83d40f6e00903196f76a490497cc0bceb16426,4529932,ACADEMIC_TEACHING,INGESTABLE,academic teaching material,NEEDS_REVIEW,OWNER_PLATFORM_IMPORT_INTENT_RIGHTS_UNVERIFIED
https://cityu-dg.instructure.com,240,Funda. of Internet App. Dev.,CS2204-Lec02-HTML-Part1.pdf,ad8a8d97dd461a87448d1e1bb2853eadff241b6c0be900a551afe6926f8823a1,4391327,ACADEMIC_TEACHING,INGESTABLE,academic teaching material,NEEDS_REVIEW,OWNER_PLATFORM_IMPORT_INTENT_RIGHTS_UNVERIFIED
https://cityu-dg.instructure.com,240,Funda. of Internet App. Dev.,CS2204-Lec03-HTML-Part2.pdf,f3002f9bc2d7bc5787c86690ab437aeb1919bab82cc5731cc6b4407dc13e3288,3100317,ACADEMIC_TEACHING,INGESTABLE,academic teaching material,NEEDS_REVIEW,OWNER_PLATFORM_IMPORT_INTENT_RIGHTS_UNVERIFIED
https://cityu-dg.instructure.com,240,Funda. of Internet App. Dev.,CS2204-Lec04-HTML-Part3-CSS-Part1.pdf,638a1336f9014cd19329a88e1116b085d9310b312eca27739bb217ef717652ad,2458287,ACADEMIC_TEACHING,INGESTABLE,academic teaching material,NEEDS_REVIEW,OWNER_PLATFORM_IMPORT_INTENT_RIGHTS_UNVERIFIED
https://cityu-dg.instructure.com,240,Funda. of Internet App. Dev.,CS2204-Lec05-CSS-Part2.pdf,88aadb6817d28e494a2d1859c4800b62e521d94ca0cdf9fbfa226d41c005a575,2949510,ACADEMIC_TEACHING,INGESTABLE,academic teaching material,NEEDS_REVIEW,OWNER_PLATFORM_IMPORT_INTENT_RIGHTS_UNVERIFIED
https://cityu-dg.instructure.com,240,Funda. of Internet App. Dev.,CS2204-Lec06-CSS.pdf,f75094b4df62ee2a31308841cce1271d4f1ff91ecb34221bfb17c2ab9555a33e,2628891,ACADEMIC_TEACHING,INGESTABLE,academic teaching material,NEEDS_REVIEW,OWNER_PLATFORM_IMPORT_INTENT_RIGHTS_UNVERIFIED
https://cityu-dg.instructure.com,240,Funda. of Internet App. Dev.,CS2204-Lec07-CSS-Part4.pdf,18e70c92d728fbb5054649b413e0ff19e68f46a1d1852c649494303c1b59b3d2,3569170,ACADEMIC_TEACHING,INGESTABLE,academic teaching material,NEEDS_REVIEW,OWNER_PLATFORM_IMPORT_INTENT_RIGHTS_UNVERIFIED
https://cityu-dg.instructure.com,240,Funda. of Internet App. Dev.,CS2204-Lec08-JavaScript-Part1.pdf,1beb8d4b406ed0b9855b89e2321ecf7c5f38ca81a9cf50a8fa3c5447f868a7a1,1534550,ACADEMIC_TEACHING,INGESTABLE,academic teaching material,NEEDS_REVIEW,OWNER_PLATFORM_IMPORT_INTENT_RIGHTS_UNVERIFIED
https://cityu-dg.instructure.com,240,Funda. of Internet App. Dev.,CS2204-Lec09-JavaScript-Part2.pdf,194e820eef0d5d1f57e829264535341651bc684f50782ffccc27cd51881cb3f0,1437155,ACADEMIC_TEACHING,INGESTABLE,academic teaching material,NEEDS_REVIEW,OWNER_PLATFORM_IMPORT_INTENT_RIGHTS_UNVERIFIED
https://cityu-dg.instructure.com,240,Funda. of Internet App. Dev.,CS2204-Lec10-JavaScript-Part3.pdf,c647443879216cd5437ab6bab83176726efca8458af58767082ae9c87f938fd0,1125965,ACADEMIC_TEACHING,INGESTABLE,academic teaching material,NEEDS_REVIEW,OWNER_PLATFORM_IMPORT_INTENT_RIGHTS_UNVERIFIED
https://cityu-dg.instructure.com,240,Funda. of Internet App. Dev.,CS2204-Lec11-JavaScript-Part4.pdf,bf3ed93ce3259303a6886b8c9e506048e61f0f7e33d594345e6d7488b30007c7,1692986,ACADEMIC_TEACHING,INGESTABLE,academic teaching material,NEEDS_REVIEW,OWNER_PLATFORM_IMPORT_INTENT_RIGHTS_UNVERIFIED
https://cityu-dg.instructure.com,240,Funda. of Internet App. Dev.,CS2204-Quiz.pdf,6c4197b567f59e4723b9e695ceff732e01b937697018eda60bc01d2c6463f9ed,124665,ACADEMIC_TEACHING,BLOCKED,"ASSESSMENT_MATERIAL: an exam, quiz or marking document needs the owner's decision",BLOCKED_NEEDS_OWNER_DECISION,OWNER_PLATFORM_IMPORT_INTENT_RIGHTS_UNVERIFIED
https://cityu-dg.instructure.com,240,Funda. of Internet App. Dev.,CS2204-Tutorial01.pdf,3ac540a28679635a0101b36119875cd90086b85bc922528dce1398e1d9089db9,253131,ACADEMIC_TEACHING,INGESTABLE,academic teaching material,NEEDS_REVIEW,OWNER_PLATFORM_IMPORT_INTENT_RIGHTS_UNVERIFIED
https://cityu-dg.instructure.com,240,Funda. of Internet App. Dev.,CS2204-Tutorial02.pdf,7bececcd2c20ac148a90718b3ddb6868ae5148b17618e35d7d8d8680e1ebac1f,578868,ACADEMIC_TEACHING,INGESTABLE,academic teaching material,NEEDS_REVIEW,OWNER_PLATFORM_IMPORT_INTENT_RIGHTS_UNVERIFIED
https://cityu-dg.instructure.com,240,Funda. of Internet App. Dev.,CS2204-Tutorial03.pdf,5a1770da499cb5f01aefad8fc6a34cc66962157e542ac6d8a9d18eeeedfbadd9,576103,ACADEMIC_TEACHING,INGESTABLE,academic teaching material,NEEDS_REVIEW,OWNER_PLATFORM_IMPORT_INTENT_RIGHTS_UNVERIFIED
https://cityu-dg.instructure.com,240,Funda. of Internet App. Dev.,CS2204-Tutorial04-Solution.html,5924b9e23d9d247c4282c42e7f762e3b49fac8378d1a050059de4180f501b743,2521,ACADEMIC_TEACHING,INGESTABLE,academic teaching material,NEEDS_REVIEW,OWNER_PLATFORM_IMPORT_INTENT_RIGHTS_UNVERIFIED
https://cityu-dg.instructure.com,240,Funda. of Internet App. Dev.,CS2204-Tutorial04.html,e1a56c93d41a7e92991daf99da5c87e9da9f0b40ac5a9dd5715c22868cf7df77,699,ACADEMIC_TEACHING,INGESTABLE,academic teaching material,NEEDS_REVIEW,OWNER_PLATFORM_IMPORT_INTENT_RIGHTS_UNVERIFIED
https://cityu-dg.instructure.com,240,Funda. of Internet App. Dev.,CS2204-Tutorial04.pdf,315dedad9918e57e8fc64e860b199a557ff2f3dccba4b47b9db0dc7140ddd8e9,179541,ACADEMIC_TEACHING,INGESTABLE,academic teaching material,NEEDS_REVIEW,OWNER_PLATFORM_IMPORT_INTENT_RIGHTS_UNVERIFIED
https://cityu-dg.instructure.com,240,Funda. of Internet App. Dev.,CS2204-Tutorial05.pdf,c415eaa6c29600163129b31d750bb070dbd385057d6c0e2526831b17c34932e4,245750,ACADEMIC_TEACHING,INGESTABLE,academic teaching material,NEEDS_REVIEW,OWNER_PLATFORM_IMPORT_INTENT_RIGHTS_UNVERIFIED
https://cityu-dg.instructure.com,240,Funda. of Internet App. Dev.,CS2204-Tutorial06.pdf,4c6660081c40f48f84d8b528af23fc028bb25112a8a9296166e0ac40cfe0283b,110380,ACADEMIC_TEACHING,INGESTABLE,academic teaching material,NEEDS_REVIEW,OWNER_PLATFORM_IMPORT_INTENT_RIGHTS_UNVERIFIED
https://cityu-dg.instructure.com,240,Funda. of Internet App. Dev.,CS2204-Tutorial07.pdf,57d01486b57f4934f159d029747f2b9b13a9167ca5bef8ad5e0d82795fa830b7,228983,ACADEMIC_TEACHING,INGESTABLE,academic teaching material,NEEDS_REVIEW,OWNER_PLATFORM_IMPORT_INTENT_RIGHTS_UNVERIFIED
https://cityu-dg.instructure.com,240,Funda. of Internet App. Dev.,CS2204-Tutorial08.pdf,3fe43567b8e598203bdf502ebd39bcf32a4491fdedc6694a9ea9932d3ca5c163,101367,ACADEMIC_TEACHING,INGESTABLE,academic teaching material,NEEDS_REVIEW,OWNER_PLATFORM_IMPORT_INTENT_RIGHTS_UNVERIFIED
https://cityu-dg.instructure.com,240,Funda. of Internet App. Dev.,CS2204-Tutorial3-4591.html,e921025c4b78365ef8be2d2d52c1153d8a5d6f49b02827c7c0007661bc3a022b,3838,ACADEMIC_TEACHING,INGESTABLE,academic teaching material,NEEDS_REVIEW,OWNER_PLATFORM_IMPORT_INTENT_RIGHTS_UNVERIFIED
https://cityu-dg.instructure.com,240,Funda. of Internet App. Dev.,CS2204-Tutorial3.html,2d1847acf7b8e0427b7c0d2bc0f6d266f3e52ec9ba9fa87f6dcc28fd7211d455,263,ACADEMIC_TEACHING,INGESTABLE,academic teaching material,NEEDS_REVIEW,OWNER_PLATFORM_IMPORT_INTENT_RIGHTS_UNVERIFIED
https://cityu-dg.instructure.com,240,Funda. of Internet App. Dev.,CS2204-form-script-6120.html,e4435bf490c19b24c2e43ec533bfe9939a5a04d174d4f33519cfd670e74a3a01,379,ACADEMIC_TEACHING,INGESTABLE,academic teaching material,NEEDS_REVIEW,OWNER_PLATFORM_IMPORT_INTENT_RIGHTS_UNVERIFIED
https://cityu-dg.instructure.com,240,Funda. of Internet App. Dev.,CS2204-form-script.html,e4435bf490c19b24c2e43ec533bfe9939a5a04d174d4f33519cfd670e74a3a01,379,ACADEMIC_TEACHING,INGESTABLE,academic teaching material,NEEDS_REVIEW,OWNER_PLATFORM_IMPORT_INTENT_RIGHTS_UNVERIFIED
https://cityu-dg.instructure.com,240,Funda. of Internet App. Dev.,CS2204-tut3-form-script.html,e4435bf490c19b24c2e43ec533bfe9939a5a04d174d4f33519cfd670e74a3a01,379,ACADEMIC_TEACHING,INGESTABLE,academic teaching material,NEEDS_REVIEW,OWNER_PLATFORM_IMPORT_INTENT_RIGHTS_UNVERIFIED
https://cityu-dg.instructure.com,240,Funda. of Internet App. Dev.,Castle.mp4,b6498afc2eb45aa20aa2531938396a120a0275c0506e9f893f0b2106ff2e2d2d,11413849,ACADEMIC_TEACHING,DOWNLOAD_ONLY,"no loader can read this format: stored, never counted as learnable material",NEEDS_REVIEW,OWNER_PLATFORM_IMPORT_INTENT_RIGHTS_UNVERIFIED
https://cityu-dg.instructure.com,240,Funda. of Internet App. Dev.,Castle.ogg,09bdf1226353c19f4c817e101e18c777c197c4d02f9ef4962c1aeb3fefe75aee,1242271,ACADEMIC_TEACHING,DOWNLOAD_ONLY,"unknown format: stored, never counted as learnable material",NEEDS_REVIEW,OWNER_PLATFORM_IMPORT_INTENT_RIGHTS_UNVERIFIED
https://cityu-dg.instructure.com,240,Funda. of Internet App. Dev.,Lec09-12-JS-JSON.html,81f1bca0202a23d14144c944adc397f43b02f416922b07f2965bceb7ea7acdba,176,ACADEMIC_TEACHING,INGESTABLE,academic teaching material,NEEDS_REVIEW,OWNER_PLATFORM_IMPORT_INTENT_RIGHTS_UNVERIFIED
https://cityu-dg.instructure.com,240,Funda. of Internet App. Dev.,Lec09-13-JS-new.html,0930740cbc403ea505b6009a60171991f2c3ec4a78ae7631dbcb21c43b084c59,168,ACADEMIC_TEACHING,INGESTABLE,academic teaching material,NEEDS_REVIEW,OWNER_PLATFORM_IMPORT_INTENT_RIGHTS_UNVERIFIED
https://cityu-dg.instructure.com,240,Funda. of Internet App. Dev.,Lec09-14-JS-constructor-15519.html,4c7a334d3a96001d3bc8a6e4c559f0b777abdfbe694a83d496e1990998aabade,184,ACADEMIC_TEACHING,INGESTABLE,academic teaching material,NEEDS_REVIEW,OWNER_PLATFORM_IMPORT_INTENT_RIGHTS_UNVERIFIED
https://cityu-dg.instructure.com,240,Funda. of Internet App. Dev.,Lec09-14-JS-constructor.html,6f70a19840ca93951340ee04f16d210066d70f2f038875a68cdb41569ff4cb67,176,ACADEMIC_TEACHING,INGESTABLE,academic teaching material,NEEDS_REVIEW,OWNER_PLATFORM_IMPORT_INTENT_RIGHTS_UNVERIFIED
https://cityu-dg.instructure.com,240,Funda. of Internet App. Dev.,Lec09-15-JS-for-in-15520.html,9a8ebb436bac7f765062a7098d9c8767d842a1a653d024606da8952cd5f0d9df,390,ACADEMIC_TEACHING,INGESTABLE,academic teaching material,NEEDS_REVIEW,OWNER_PLATFORM_IMPORT_INTENT_RIGHTS_UNVERIFIED
https://cityu-dg.instructure.com,240,Funda. of Internet App. Dev.,Lec09-15-JS-for-in.html,9a8ebb436bac7f765062a7098d9c8767d842a1a653d024606da8952cd5f0d9df,390,ACADEMIC_TEACHING,INGESTABLE,academic teaching material,NEEDS_REVIEW,OWNER_PLATFORM_IMPORT_INTENT_RIGHTS_UNVERIFIED
https://cityu-dg.instructure.com,240,Funda. of Internet App. Dev.,Lec12-03-JS-selector.html,ed0ebfbc55daa1673bb3b3949316bb20147bbc0298dc7430533cc5e25321b100,1279,ACADEMIC_TEACHING,INGESTABLE,academic teaching material,NEEDS_REVIEW,OWNER_PLATFORM_IMPORT_INTENT_RIGHTS_UNVERIFIED
https://cityu-dg.instructure.com,240,Funda. of Internet App. Dev.,Lec12-04-JS-content.html,dd37c36654b9a43f0edf64fecbb3e1bfb22d221b8136b8c385fd704e29a05a73,740,ACADEMIC_TEACHING,INGESTABLE,academic teaching material,NEEDS_REVIEW,OWNER_PLATFORM_IMPORT_INTENT_RIGHTS_UNVERIFIED
https://cityu-dg.instructure.com,240,Funda. of Internet App. Dev.,Lec12-05-JS-iteration.html,3e4f68861b64ec13d7d1c403dd25fe9017026b36d3938bd48465fcee62607d27,1072,ACADEMIC_TEACHING,INGESTABLE,academic teaching material,NEEDS_REVIEW,OWNER_PLATFORM_IMPORT_INTENT_RIGHTS_UNVERIFIED
https://cityu-dg.instructure.com,240,Funda. of Internet App. Dev.,Lec12-06-JS-table.html,9d709b68754609abcaf3d2e35eea4e709c47640e8c4485c4e6af522a34f767c7,1011,ACADEMIC_TEACHING,INGESTABLE,academic teaching material,NEEDS_REVIEW,OWNER_PLATFORM_IMPORT_INTENT_RIGHTS_UNVERIFIED
https://cityu-dg.instructure.com,240,Funda. of Internet App. Dev.,Lec12-07-JS-on.html,eeb6f731e427d07db4709f8f4fe90c9b00340ef46fb5ea32add7ef67535cc7d5,1374,ACADEMIC_TEACHING,INGESTABLE,academic teaching material,NEEDS_REVIEW,OWNER_PLATFORM_IMPORT_INTENT_RIGHTS_UNVERIFIED
https://cityu-dg.instructure.com,240,Funda. of Internet App. Dev.,Lec12-08-JS-on-in-one.html,f5325fe71263b2c6d43b6d5aa4b2738a2388d7c3ca865e0c3846a9c87e6e3153,1445,ACADEMIC_TEACHING,INGESTABLE,academic teaching material,NEEDS_REVIEW,OWNER_PLATFORM_IMPORT_INTENT_RIGHTS_UNVERIFIED
https://cityu-dg.instructure.com,240,Funda. of Internet App. Dev.,Mock-Final-CS2204-Solution.pdf,88df53936a3e8f45369fe04297f94761e58e126897ea669f36137511fdb8fdef,99300,ACADEMIC_TEACHING,BLOCKED,"ASSESSMENT_MATERIAL: an exam, quiz or marking document needs the owner's decision",BLOCKED_NEEDS_OWNER_DECISION,OWNER_PLATFORM_IMPORT_INTENT_RIGHTS_UNVERIFIED
https://cityu-dg.instructure.com,240,Funda. of Internet App. Dev.,Musical_Journey.mp4,f93d7d3d83071ec77ea2915692b6852696af3f13fe926b2979ebe8a1339bc07b,16837347,ACADEMIC_TEACHING,DOWNLOAD_ONLY,"no loader can read this format: stored, never counted as learnable material",NEEDS_REVIEW,OWNER_PLATFORM_IMPORT_INTENT_RIGHTS_UNVERIFIED
https://cityu-dg.instructure.com,240,Funda. of Internet App. Dev.,Musical_Journey.ogg,93c4deadd07184bd3fb73c7748d93e8475516a6c4a02527f90041ca66e4185ce,948994,ACADEMIC_TEACHING,DOWNLOAD_ONLY,"unknown format: stored, never counted as learnable material",NEEDS_REVIEW,OWNER_PLATFORM_IMPORT_INTENT_RIGHTS_UNVERIFIED
https://cityu-dg.instructure.com,240,Funda. of Internet App. Dev.,Tut01.pdf,d5d6fe3fa1409cc4fed228055da9d66bd713edafc6cca6fb6bdf53c60500c578,1486715,ACADEMIC_TEACHING,INGESTABLE,academic teaching material,NEEDS_REVIEW,OWNER_PLATFORM_IMPORT_INTENT_RIGHTS_UNVERIFIED
https://cityu-dg.instructure.com,240,Funda. of Internet App. Dev.,about.png,596156777f19b1b617971d768eb061f7d2e538d6cb1bcd439e1e527ced9d08b3,3586749,ACADEMIC_TEACHING,DOWNLOAD_ONLY,"unknown format: stored, never counted as learnable material",NEEDS_REVIEW,OWNER_PLATFORM_IMPORT_INTENT_RIGHTS_UNVERIFIED
https://cityu-dg.instructure.com,240,Funda. of Internet App. Dev.,avatar-11356.jpg,5dca4f8d960e4c51bc9856d3abccc030564dc21fb8390c2249f84ede8c687646,12861,ACADEMIC_TEACHING,DOWNLOAD_ONLY,"unknown format: stored, never counted as learnable material",NEEDS_REVIEW,OWNER_PLATFORM_IMPORT_INTENT_RIGHTS_UNVERIFIED
https://cityu-dg.instructure.com,240,Funda. of Internet App. Dev.,avatar-11373.jpg,5dca4f8d960e4c51bc9856d3abccc030564dc21fb8390c2249f84ede8c687646,12861,ACADEMIC_TEACHING,DOWNLOAD_ONLY,"unknown format: stored, never counted as learnable material",NEEDS_REVIEW,OWNER_PLATFORM_IMPORT_INTENT_RIGHTS_UNVERIFIED
https://cityu-dg.instructure.com,240,Funda. of Internet App. Dev.,avatar-12786.jpg,5dca4f8d960e4c51bc9856d3abccc030564dc21fb8390c2249f84ede8c687646,12861,ACADEMIC_TEACHING,DOWNLOAD_ONLY,"unknown format: stored, never counted as learnable material",NEEDS_REVIEW,OWNER_PLATFORM_IMPORT_INTENT_RIGHTS_UNVERIFIED
https://cityu-dg.instructure.com,240,Funda. of Internet App. Dev.,avatar-12798.jpg,5dca4f8d960e4c51bc9856d3abccc030564dc21fb8390c2249f84ede8c687646,12861,ACADEMIC_TEACHING,DOWNLOAD_ONLY,"unknown format: stored, never counted as learnable material",NEEDS_REVIEW,OWNER_PLATFORM_IMPORT_INTENT_RIGHTS_UNVERIFIED
https://cityu-dg.instructure.com,240,Funda. of Internet App. Dev.,avatar-14132.jpg,5dca4f8d960e4c51bc9856d3abccc030564dc21fb8390c2249f84ede8c687646,12861,ACADEMIC_TEACHING,DOWNLOAD_ONLY,"unknown format: stored, never counted as learnable material",NEEDS_REVIEW,OWNER_PLATFORM_IMPORT_INTENT_RIGHTS_UNVERIFIED
https://cityu-dg.instructure.com,240,Funda. of Internet App. Dev.,avatar-3403.jpg,5dca4f8d960e4c51bc9856d3abccc030564dc21fb8390c2249f84ede8c687646,12861,ACADEMIC_TEACHING,DOWNLOAD_ONLY,"unknown format: stored, never counted as learnable material",NEEDS_REVIEW,OWNER_PLATFORM_IMPORT_INTENT_RIGHTS_UNVERIFIED
https://cityu-dg.instructure.com,240,Funda. of Internet App. Dev.,avatar-4088.jpg,5dca4f8d960e4c51bc9856d3abccc030564dc21fb8390c2249f84ede8c687646,12861,ACADEMIC_TEACHING,DOWNLOAD_ONLY,"unknown format: stored, never counted as learnable material",NEEDS_REVIEW,OWNER_PLATFORM_IMPORT_INTENT_RIGHTS_UNVERIFIED
https://cityu-dg.instructure.com,240,Funda. of Internet App. Dev.,avatar-5012.jpg,5dca4f8d960e4c51bc9856d3abccc030564dc21fb8390c2249f84ede8c687646,12861,ACADEMIC_TEACHING,DOWNLOAD_ONLY,"unknown format: stored, never counted as learnable material",NEEDS_REVIEW,OWNER_PLATFORM_IMPORT_INTENT_RIGHTS_UNVERIFIED
https://cityu-dg.instructure.com,240,Funda. of Internet App. Dev.,avatar-5016.jpg,5dca4f8d960e4c51bc9856d3abccc030564dc21fb8390c2249f84ede8c687646,12861,ACADEMIC_TEACHING,DOWNLOAD_ONLY,"unknown format: stored, never counted as learnable material",NEEDS_REVIEW,OWNER_PLATFORM_IMPORT_INTENT_RIGHTS_UNVERIFIED
https://cityu-dg.instructure.com,240,Funda. of Internet App. Dev.,avatar-7397.jpg,5dca4f8d960e4c51bc9856d3abccc030564dc21fb8390c2249f84ede8c687646,12861,ACADEMIC_TEACHING,DOWNLOAD_ONLY,"unknown format: stored, never counted as learnable material",NEEDS_REVIEW,OWNER_PLATFORM_IMPORT_INTENT_RIGHTS_UNVERIFIED
https://cityu-dg.instructure.com,240,Funda. of Internet App. Dev.,avatar-7405.jpg,5dca4f8d960e4c51bc9856d3abccc030564dc21fb8390c2249f84ede8c687646,12861,ACADEMIC_TEACHING,DOWNLOAD_ONLY,"unknown format: stored, never counted as learnable material",NEEDS_REVIEW,OWNER_PLATFORM_IMPORT_INTENT_RIGHTS_UNVERIFIED
https://cityu-dg.instructure.com,240,Funda. of Internet App. Dev.,avatar-9102.jpg,5dca4f8d960e4c51bc9856d3abccc030564dc21fb8390c2249f84ede8c687646,12861,ACADEMIC_TEACHING,DOWNLOAD_ONLY,"unknown format: stored, never counted as learnable material",NEEDS_REVIEW,OWNER_PLATFORM_IMPORT_INTENT_RIGHTS_UNVERIFIED
https://cityu-dg.instructure.com,240,Funda. of Internet App. Dev.,avatar-9111.jpg,5dca4f8d960e4c51bc9856d3abccc030564dc21fb8390c2249f84ede8c687646,12861,ACADEMIC_TEACHING,DOWNLOAD_ONLY,"unknown format: stored, never counted as learnable material",NEEDS_REVIEW,OWNER_PLATFORM_IMPORT_INTENT_RIGHTS_UNVERIFIED
https://cityu-dg.instructure.com,240,Funda. of Internet App. Dev.,avatar-9122.jpg,5dca4f8d960e4c51bc9856d3abccc030564dc21fb8390c2249f84ede8c687646,12861,ACADEMIC_TEACHING,DOWNLOAD_ONLY,"unknown format: stored, never counted as learnable material",NEEDS_REVIEW,OWNER_PLATFORM_IMPORT_INTENT_RIGHTS_UNVERIFIED
https://cityu-dg.instructure.com,240,Funda. of Internet App. Dev.,avatar-9133.jpg,5dca4f8d960e4c51bc9856d3abccc030564dc21fb8390c2249f84ede8c687646,12861,ACADEMIC_TEACHING,DOWNLOAD_ONLY,"unknown format: stored, never counted as learnable material",NEEDS_REVIEW,OWNER_PLATFORM_IMPORT_INTENT_RIGHTS_UNVERIFIED
https://cityu-dg.instructure.com,240,Funda. of Internet App. Dev.,avatar.jpg,5dca4f8d960e4c51bc9856d3abccc030564dc21fb8390c2249f84ede8c687646,12861,ACADEMIC_TEACHING,DOWNLOAD_ONLY,"unknown format: stored, never counted as learnable material",NEEDS_REVIEW,OWNER_PLATFORM_IMPORT_INTENT_RIGHTS_UNVERIFIED
https://cityu-dg.instructure.com,240,Funda. of Internet App. Dev.,basic-11345.css,d1256d7ad34d8d2abbcb0ca58841214238053abfb4b956b1e9ee732b9953a446,69,ACADEMIC_TEACHING,INGESTABLE,academic teaching material,NEEDS_REVIEW,OWNER_PLATFORM_IMPORT_INTENT_RIGHTS_UNVERIFIED
https://cityu-dg.instructure.com,240,Funda. of Internet App. Dev.,basic-11362.css,d1256d7ad34d8d2abbcb0ca58841214238053abfb4b956b1e9ee732b9953a446,69,ACADEMIC_TEACHING,INGESTABLE,academic teaching material,NEEDS_REVIEW,OWNER_PLATFORM_IMPORT_INTENT_RIGHTS_UNVERIFIED
https://cityu-dg.instructure.com,240,Funda. of Internet App. Dev.,basic-12777.css,d1256d7ad34d8d2abbcb0ca58841214238053abfb4b956b1e9ee732b9953a446,69,ACADEMIC_TEACHING,INGESTABLE,academic teaching material,NEEDS_REVIEW,OWNER_PLATFORM_IMPORT_INTENT_RIGHTS_UNVERIFIED
https://cityu-dg.instructure.com,240,Funda. of Internet App. Dev.,basic-12789.css,d1256d7ad34d8d2abbcb0ca58841214238053abfb4b956b1e9ee732b9953a446,69,ACADEMIC_TEACHING,INGESTABLE,academic teaching material,NEEDS_REVIEW,OWNER_PLATFORM_IMPORT_INTENT_RIGHTS_UNVERIFIED
https://cityu-dg.instructure.com,240,Funda. of Internet App. Dev.,basic-14121.css,d1256d7ad34d8d2abbcb0ca58841214238053abfb4b956b1e9ee732b9953a446,69,ACADEMIC_TEACHING,INGESTABLE,academic teaching material,NEEDS_REVIEW,OWNER_PLATFORM_IMPORT_INTENT_RIGHTS_UNVERIFIED
https://cityu-dg.instructure.com,240,Funda. of Internet App. Dev.,basic-9125.css,23607ea900cdac9736ff65fe24174de0dc8f02502352dfdf2c08ff6ce4f0a32c,124,ACADEMIC_TEACHING,INGESTABLE,academic teaching material,NEEDS_REVIEW,OWNER_PLATFORM_IMPORT_INTENT_RIGHTS_UNVERIFIED
https://cityu-dg.instructure.com,240,Funda. of Internet App. Dev.,basic.css,1b9966a8728ded4dae250601bc8667ea10bae5884e976b6b54fb862f2e22aa79,55,ACADEMIC_TEACHING,INGESTABLE,academic teaching material,NEEDS_REVIEW,OWNER_PLATFORM_IMPORT_INTENT_RIGHTS_UNVERIFIED
https://cityu-dg.instructure.com,240,Funda. of Internet App. Dev.,basicLayout-11346.css,fc1f2da2a58d5a2651df7abb5f87f6ee2aa1f729b46f62897f9386851ebd1dd5,501,ACADEMIC_TEACHING,INGESTABLE,academic teaching material,NEEDS_REVIEW,OWNER_PLATFORM_IMPORT_INTENT_RIGHTS_UNVERIFIED
https://cityu-dg.instructure.com,240,Funda. of Internet App. Dev.,basicLayout-11363.css,fc1f2da2a58d5a2651df7abb5f87f6ee2aa1f729b46f62897f9386851ebd1dd5,501,ACADEMIC_TEACHING,INGESTABLE,academic teaching material,NEEDS_REVIEW,OWNER_PLATFORM_IMPORT_INTENT_RIGHTS_UNVERIFIED
https://cityu-dg.instructure.com,240,Funda. of Internet App. Dev.,basicLayout-12778.css,fc1f2da2a58d5a2651df7abb5f87f6ee2aa1f729b46f62897f9386851ebd1dd5,501,ACADEMIC_TEACHING,INGESTABLE,academic teaching material,NEEDS_REVIEW,OWNER_PLATFORM_IMPORT_INTENT_RIGHTS_UNVERIFIED
https://cityu-dg.instructure.com,240,Funda. of Internet App. Dev.,basicLayout-12790.css,fc1f2da2a58d5a2651df7abb5f87f6ee2aa1f729b46f62897f9386851ebd1dd5,501,ACADEMIC_TEACHING,INGESTABLE,academic teaching material,NEEDS_REVIEW,OWNER_PLATFORM_IMPORT_INTENT_RIGHTS_UNVERIFIED
https://cityu-dg.instructure.com,240,Funda. of Internet App. Dev.,basicLayout-14122.css,fc1f2da2a58d5a2651df7abb5f87f6ee2aa1f729b46f62897f9386851ebd1dd5,501,ACADEMIC_TEACHING,INGESTABLE,academic teaching material,NEEDS_REVIEW,OWNER_PLATFORM_IMPORT_INTENT_RIGHTS_UNVERIFIED
https://cityu-dg.instructure.com,240,Funda. of Internet App. Dev.,basicLayout-9126.css,610d67fd1a3e7e1771f8062f76786f86ddc781e643d855c3b8c25259087c276e,622,ACADEMIC_TEACHING,INGESTABLE,academic teaching material,NEEDS_REVIEW,OWNER_PLATFORM_IMPORT_INTENT_RIGHTS_UNVERIFIED
https://cityu-dg.instructure.com,240,Funda. of Internet App. Dev.,basicLayout.css,e3aca5d5cb1b94a8bdedaf4e01e6c9639d40c82f244577e1020cf52bcfca1140,480,ACADEMIC_TEACHING,INGESTABLE,academic teaching material,NEEDS_REVIEW,OWNER_PLATFORM_IMPORT_INTENT_RIGHTS_UNVERIFIED
https://cityu-dg.instructure.com,240,Funda. of Internet App. Dev.,basicStyle-11347.css,ec04d68b8a6ab25fe83e120a5ad665744b15f3c9f05c641ca8f6275face0bdd5,258,ACADEMIC_TEACHING,INGESTABLE,academic teaching material,NEEDS_REVIEW,OWNER_PLATFORM_IMPORT_INTENT_RIGHTS_UNVERIFIED
https://cityu-dg.instructure.com,240,Funda. of Internet App. Dev.,basicStyle-11364.css,ec04d68b8a6ab25fe83e120a5ad665744b15f3c9f05c641ca8f6275face0bdd5,258,ACADEMIC_TEACHING,INGESTABLE,academic teaching material,NEEDS_REVIEW,OWNER_PLATFORM_IMPORT_INTENT_RIGHTS_UNVERIFIED
https://cityu-dg.instructure.com,240,Funda. of Internet App. Dev.,basicStyle-12779.css,ec04d68b8a6ab25fe83e120a5ad665744b15f3c9f05c641ca8f6275face0bdd5,258,ACADEMIC_TEACHING,INGESTABLE,academic teaching material,NEEDS_REVIEW,OWNER_PLATFORM_IMPORT_INTENT_RIGHTS_UNVERIFIED
https://cityu-dg.instructure.com,240,Funda. of Internet App. Dev.,basicStyle-12791.css,ec04d68b8a6ab25fe83e120a5ad665744b15f3c9f05c641ca8f6275face0bdd5,258,ACADEMIC_TEACHING,INGESTABLE,academic teaching material,NEEDS_REVIEW,OWNER_PLATFORM_IMPORT_INTENT_RIGHTS_UNVERIFIED
https://cityu-dg.instructure.com,240,Funda. of Internet App. Dev.,basicStyle-14123.css,35a44da71fb482530e37bec966634f0f713b965284a67262e4d40adba8e44361,282,ACADEMIC_TEACHING,INGESTABLE,academic teaching material,NEEDS_REVIEW,OWNER_PLATFORM_IMPORT_INTENT_RIGHTS_UNVERIFIED
https://cityu-dg.instructure.com,240,Funda. of Internet App. Dev.,basicStyle-7400.css,1306ee006c76ddb9a46383da437dd982720c29f46ca02d394c313295ee6be52e,485,ACADEMIC_TEACHING,INGESTABLE,academic teaching material,NEEDS_REVIEW,OWNER_PLATFORM_IMPORT_INTENT_RIGHTS_UNVERIFIED
https://cityu-dg.instructure.com,240,Funda. of Internet App. Dev.,basicStyle-9096.css,aad2e243e80ab828ade9eb5ddb3499dad45f005d32f7b18953dac427d083801c,503,ACADEMIC_TEACHING,INGESTABLE,academic teaching material,NEEDS_REVIEW,OWNER_PLATFORM_IMPORT_INTENT_RIGHTS_UNVERIFIED
https://cityu-dg.instructure.com,240,Funda. of Internet App. Dev.,basicStyle-9105.css,aad2e243e80ab828ade9eb5ddb3499dad45f005d32f7b18953dac427d083801c,503,ACADEMIC_TEACHING,INGESTABLE,academic teaching material,NEEDS_REVIEW,OWNER_PLATFORM_IMPORT_INTENT_RIGHTS_UNVERIFIED
https://cityu-dg.instructure.com,240,Funda. of Internet App. Dev.,basicStyle-9116.css,ec04d68b8a6ab25fe83e120a5ad665744b15f3c9f05c641ca8f6275face0bdd5,258,ACADEMIC_TEACHING,INGESTABLE,academic teaching material,NEEDS_REVIEW,OWNER_PLATFORM_IMPORT_INTENT_RIGHTS_UNVERIFIED
https://cityu-dg.instructure.com,240,Funda. of Internet App. Dev.,basicStyle-9127.css,ec04d68b8a6ab25fe83e120a5ad665744b15f3c9f05c641ca8f6275face0bdd5,258,ACADEMIC_TEACHING,INGESTABLE,academic teaching material,NEEDS_REVIEW,OWNER_PLATFORM_IMPORT_INTENT_RIGHTS_UNVERIFIED
https://cityu-dg.instructure.com,240,Funda. of Internet App. Dev.,basicStyle.css,1306ee006c76ddb9a46383da437dd982720c29f46ca02d394c313295ee6be52e,485,ACADEMIC_TEACHING,INGESTABLE,academic teaching material,NEEDS_REVIEW,OWNER_PLATFORM_IMPORT_INTENT_RIGHTS_UNVERIFIED
https://cityu-dg.instructure.com,240,Funda. of Internet App. Dev.,blog-11370.html,b95d368709b517fe76a4839382bce1425543bd9c5472c17957bc3ecc9f669cd1,2607,ACADEMIC_TEACHING,INGESTABLE,academic teaching material,NEEDS_REVIEW,OWNER_PLATFORM_IMPORT_INTENT_RIGHTS_UNVERIFIED
https://cityu-dg.instructure.com,240,Funda. of Internet App. Dev.,blog-14129.html,4a454e4794b1d62d15df3fb4d86cfe8dc97bf8afc64cdd1440a3b38dcae7c6ff,2320,ACADEMIC_TEACHING,INGESTABLE,academic teaching material,NEEDS_REVIEW,OWNER_PLATFORM_IMPORT_INTENT_RIGHTS_UNVERIFIED
https://cityu-dg.instructure.com,240,Funda. of Internet App. Dev.,blog.html,1c25f54dadaa06162d41139f9bffe51fe00fb8ee0a8acb188bb5799d42850aea,1322,ACADEMIC_TEACHING,INGESTABLE,academic teaching material,NEEDS_REVIEW,OWNER_PLATFORM_IMPORT_INTENT_RIGHTS_UNVERIFIED
https://cityu-dg.instructure.com,240,Funda. of Internet App. Dev.,button.png,60dfe93c20ed2d5b9f614f3e5f7d73c414a8fe2eb0e8420ef44dd21e1068e43e,42053,ACADEMIC_TEACHING,DOWNLOAD_ONLY,"unknown format: stored, never counted as learnable material",NEEDS_REVIEW,OWNER_PLATFORM_IMPORT_INTENT_RIGHTS_UNVERIFIED
https://cityu-dg.instructure.com,240,Funda. of Internet App. Dev.,changeLanguage.js,19304ada57ea7e49228d89bf1a90466737af9a520db7570f1073e9667aee1eb9,293,ACADEMIC_TEACHING,INGESTABLE,academic teaching material,NEEDS_REVIEW,OWNER_PLATFORM_IMPORT_INTENT_RIGHTS_UNVERIFIED
https://cityu-dg.instructure.com,240,Funda. of Internet App. Dev.,cityu-11357.png,1c1c2fcbc7fa863ce436af3b6a6c910dbb262dff938b7cd9246eab793967ce48,2866,ACADEMIC_TEACHING,DOWNLOAD_ONLY,"unknown format: stored, never counted as learnable material",NEEDS_REVIEW,OWNER_PLATFORM_IMPORT_INTENT_RIGHTS_UNVERIFIED
https://cityu-dg.instructure.com,240,Funda. of Internet App. Dev.,cityu-11374.png,1c1c2fcbc7fa863ce436af3b6a6c910dbb262dff938b7cd9246eab793967ce48,2866,ACADEMIC_TEACHING,DOWNLOAD_ONLY,"unknown format: stored, never counted as learnable material",NEEDS_REVIEW,OWNER_PLATFORM_IMPORT_INTENT_RIGHTS_UNVERIFIED
https://cityu-dg.instructure.com,240,Funda. of Internet App. Dev.,cityu-12787.png,1c1c2fcbc7fa863ce436af3b6a6c910dbb262dff938b7cd9246eab793967ce48,2866,ACADEMIC_TEACHING,DOWNLOAD_ONLY,"unknown format: stored, never counted as learnable material",NEEDS_REVIEW,OWNER_PLATFORM_IMPORT_INTENT_RIGHTS_UNVERIFIED
https://cityu-dg.instructure.com,240,Funda. of Internet App. Dev.,cityu-12799.png,1c1c2fcbc7fa863ce436af3b6a6c910dbb262dff938b7cd9246eab793967ce48,2866,ACADEMIC_TEACHING,DOWNLOAD_ONLY,"unknown format: stored, never counted as learnable material",NEEDS_REVIEW,OWNER_PLATFORM_IMPORT_INTENT_RIGHTS_UNVERIFIED
https://cityu-dg.instructure.com,240,Funda. of Internet App. Dev.,cityu-14133.png,1c1c2fcbc7fa863ce436af3b6a6c910dbb262dff938b7cd9246eab793967ce48,2866,ACADEMIC_TEACHING,DOWNLOAD_ONLY,"unknown format: stored, never counted as learnable material",NEEDS_REVIEW,OWNER_PLATFORM_IMPORT_INTENT_RIGHTS_UNVERIFIED
https://cityu-dg.instructure.com,240,Funda. of Internet App. Dev.,cityu-5013.png,1c1c2fcbc7fa863ce436af3b6a6c910dbb262dff938b7cd9246eab793967ce48,2866,ACADEMIC_TEACHING,DOWNLOAD_ONLY,"unknown format: stored, never counted as learnable material",NEEDS_REVIEW,OWNER_PLATFORM_IMPORT_INTENT_RIGHTS_UNVERIFIED
https://cityu-dg.instructure.com,240,Funda. of Internet App. Dev.,cityu-5017.png,1c1c2fcbc7fa863ce436af3b6a6c910dbb262dff938b7cd9246eab793967ce48,2866,ACADEMIC_TEACHING,DOWNLOAD_ONLY,"unknown format: stored, never counted as learnable material",NEEDS_REVIEW,OWNER_PLATFORM_IMPORT_INTENT_RIGHTS_UNVERIFIED
https://cityu-dg.instructure.com,240,Funda. of Internet App. Dev.,cityu-7398.png,1c1c2fcbc7fa863ce436af3b6a6c910dbb262dff938b7cd9246eab793967ce48,2866,ACADEMIC_TEACHING,DOWNLOAD_ONLY,"unknown format: stored, never counted as learnable material",NEEDS_REVIEW,OWNER_PLATFORM_IMPORT_INTENT_RIGHTS_UNVERIFIED
https://cityu-dg.instructure.com,240,Funda. of Internet App. Dev.,cityu-7406.png,1c1c2fcbc7fa863ce436af3b6a6c910dbb262dff938b7cd9246eab793967ce48,2866,ACADEMIC_TEACHING,DOWNLOAD_ONLY,"unknown format: stored, never counted as learnable material",NEEDS_REVIEW,OWNER_PLATFORM_IMPORT_INTENT_RIGHTS_UNVERIFIED
https://cityu-dg.instructure.com,240,Funda. of Internet App. Dev.,cityu-9103.png,1c1c2fcbc7fa863ce436af3b6a6c910dbb262dff938b7cd9246eab793967ce48,2866,ACADEMIC_TEACHING,DOWNLOAD_ONLY,"unknown format: stored, never counted as learnable material",NEEDS_REVIEW,OWNER_PLATFORM_IMPORT_INTENT_RIGHTS_UNVERIFIED
https://cityu-dg.instructure.com,240,Funda. of Internet App. Dev.,cityu-9112.png,1c1c2fcbc7fa863ce436af3b6a6c910dbb262dff938b7cd9246eab793967ce48,2866,ACADEMIC_TEACHING,DOWNLOAD_ONLY,"unknown format: stored, never counted as learnable material",NEEDS_REVIEW,OWNER_PLATFORM_IMPORT_INTENT_RIGHTS_UNVERIFIED
https://cityu-dg.instructure.com,240,Funda. of Internet App. Dev.,cityu-9123.png,1c1c2fcbc7fa863ce436af3b6a6c910dbb262dff938b7cd9246eab793967ce48,2866,ACADEMIC_TEACHING,DOWNLOAD_ONLY,"unknown format: stored, never counted as learnable material",NEEDS_REVIEW,OWNER_PLATFORM_IMPORT_INTENT_RIGHTS_UNVERIFIED
https://cityu-dg.instructure.com,240,Funda. of Internet App. Dev.,cityu-9134.png,1c1c2fcbc7fa863ce436af3b6a6c910dbb262dff938b7cd9246eab793967ce48,2866,ACADEMIC_TEACHING,DOWNLOAD_ONLY,"unknown format: stored, never counted as learnable material",NEEDS_REVIEW,OWNER_PLATFORM_IMPORT_INTENT_RIGHTS_UNVERIFIED
https://cityu-dg.instructure.com,240,Funda. of Internet App. Dev.,cityu.png,1c1c2fcbc7fa863ce436af3b6a6c910dbb262dff938b7cd9246eab793967ce48,2866,ACADEMIC_TEACHING,DOWNLOAD_ONLY,"unknown format: stored, never counted as learnable material",NEEDS_REVIEW,OWNER_PLATFORM_IMPORT_INTENT_RIGHTS_UNVERIFIED
https://cityu-dg.instructure.com,240,Funda. of Internet App. Dev.,clerical_work-11375.jpg,df8d5509f058711ec1588fe37e0c023c52393c101bd87f6ef501bc65244eb09d,21519,ACADEMIC_TEACHING,DOWNLOAD_ONLY,"unknown format: stored, never counted as learnable material",NEEDS_REVIEW,OWNER_PLATFORM_IMPORT_INTENT_RIGHTS_UNVERIFIED
https://cityu-dg.instructure.com,240,Funda. of Internet App. Dev.,clerical_work-14134.jpg,df8d5509f058711ec1588fe37e0c023c52393c101bd87f6ef501bc65244eb09d,21519,ACADEMIC_TEACHING,DOWNLOAD_ONLY,"unknown format: stored, never counted as learnable material",NEEDS_REVIEW,OWNER_PLATFORM_IMPORT_INTENT_RIGHTS_UNVERIFIED
https://cityu-dg.instructure.com,240,Funda. of Internet App. Dev.,clerical_work.jpg,df8d5509f058711ec1588fe37e0c023c52393c101bd87f6ef501bc65244eb09d,21519,ACADEMIC_TEACHING,DOWNLOAD_ONLY,"unknown format: stored, never counted as learnable material",NEEDS_REVIEW,OWNER_PLATFORM_IMPORT_INTENT_RIGHTS_UNVERIFIED
https://cityu-dg.instructure.com,240,Funda. of Internet App. Dev.,connectify.png,dd80f1b69883c390ba832240a9bd83e310ac499b08c31ff772acc79ba245259f,360861,ACADEMIC_TEACHING,DOWNLOAD_ONLY,"unknown format: stored, never counted as learnable material",NEEDS_REVIEW,OWNER_PLATFORM_IMPORT_INTENT_RIGHTS_UNVERIFIED
https://cityu-dg.instructure.com,240,Funda. of Internet App. Dev.,content-1.html,840d963b8947113ed05b401368a820a1d432d02d4d04282b9ea59a16f274298b,734,ACADEMIC_TEACHING,INGESTABLE,academic teaching material,NEEDS_REVIEW,OWNER_PLATFORM_IMPORT_INTENT_RIGHTS_UNVERIFIED
https://cityu-dg.instructure.com,240,Funda. of Internet App. Dev.,content-2.html,75a9a11237d955bbb7965acfbf75abb19aa0d260d6e64357bdcb97177445da59,550,ACADEMIC_TEACHING,INGESTABLE,academic teaching material,NEEDS_REVIEW,OWNER_PLATFORM_IMPORT_INTENT_RIGHTS_UNVERIFIED
https://cityu-dg.instructure.com,240,Funda. of Internet App. Dev.,content.txt,b0bc529e5373bcee48da2ecc6829cdaecdef4b4f1c0dc1bc6d116afd11367a39,1569,ACADEMIC_TEACHING,INGESTABLE,academic teaching material,NEEDS_REVIEW,OWNER_PLATFORM_IMPORT_INTENT_RIGHTS_UNVERIFIED
https://cityu-dg.instructure.com,240,Funda. of Internet App. Dev.,createch.png,9398d1759f9a649fc7a8e6b40926baa7a80f569d73e4afa3ad526538883a81e6,356937,ACADEMIC_TEACHING,DOWNLOAD_ONLY,"unknown format: stored, never counted as learnable material",NEEDS_REVIEW,OWNER_PLATFORM_IMPORT_INTENT_RIGHTS_UNVERIFIED
https://cityu-dg.instructure.com,240,Funda. of Internet App. Dev.,cw1-contents.txt,1af4061a80b1a8a32df652b2ffb1aec5cd83b9a0e4dcc56f4528f6ed6a77f832,7454,ACADEMIC_TEACHING,INGESTABLE,academic teaching material,NEEDS_REVIEW,OWNER_PLATFORM_IMPORT_INTENT_RIGHTS_UNVERIFIED
https://cityu-dg.instructure.com,240,Funda. of Internet App. Dev.,cyberguard.png,287c2ff16b7cf60ee106acdeaf915f0a1cfd2d66337b62e1a6813d399e5c2184,532911,ACADEMIC_TEACHING,DOWNLOAD_ONLY,"unknown format: stored, never counted as learnable material",NEEDS_REVIEW,OWNER_PLATFORM_IMPORT_INTENT_RIGHTS_UNVERIFIED
https://cityu-dg.instructure.com,240,Funda. of Internet App. Dev.,dance-4582.jpg,08d39574c36aa4342ea12fd4bdc1cb1af3ab1654b5b0332f2346b10a00dfd45e,52868,ACADEMIC_TEACHING,DOWNLOAD_ONLY,"unknown format: stored, never counted as learnable material",NEEDS_REVIEW,OWNER_PLATFORM_IMPORT_INTENT_RIGHTS_UNVERIFIED
https://cityu-dg.instructure.com,240,Funda. of Internet App. Dev.,dance.jpg,08d39574c36aa4342ea12fd4bdc1cb1af3ab1654b5b0332f2346b10a00dfd45e,52868,ACADEMIC_TEACHING,DOWNLOAD_ONLY,"unknown format: stored, never counted as learnable material",NEEDS_REVIEW,OWNER_PLATFORM_IMPORT_INTENT_RIGHTS_UNVERIFIED
https://cityu-dg.instructure.com,240,Funda. of Internet App. Dev.,data_analysis-11376.jpg,a270a42735a101cc1aa1475f1e3e1eb6b3cad2c83ea2badd02e4f4818ea59681,2034410,ACADEMIC_TEACHING,DOWNLOAD_ONLY,"unknown format: stored, never counted as learnable material",NEEDS_REVIEW,OWNER_PLATFORM_IMPORT_INTENT_RIGHTS_UNVERIFIED
https://cityu-dg.instructure.com,240,Funda. of Internet App. Dev.,data_analysis-14135.jpg,a270a42735a101cc1aa1475f1e3e1eb6b3cad2c83ea2badd02e4f4818ea59681,2034410,ACADEMIC_TEACHING,DOWNLOAD_ONLY,"unknown format: stored, never counted as learnable material",NEEDS_REVIEW,OWNER_PLATFORM_IMPORT_INTENT_RIGHTS_UNVERIFIED
https://cityu-dg.instructure.com,240,Funda. of Internet App. Dev.,data_analysis.jpg,a270a42735a101cc1aa1475f1e3e1eb6b3cad2c83ea2badd02e4f4818ea59681,2034410,ACADEMIC_TEACHING,DOWNLOAD_ONLY,"unknown format: stored, never counted as learnable material",NEEDS_REVIEW,OWNER_PLATFORM_IMPORT_INTENT_RIGHTS_UNVERIFIED
https://cityu-dg.instructure.com,240,Funda. of Internet App. Dev.,dynamicLayout-11348.css,a829d7cc6da0b2e4f3b4cfdf894baa18d85198c81f2092867e4816a879c022e5,393,ACADEMIC_TEACHING,INGESTABLE,academic teaching material,NEEDS_REVIEW,OWNER_PLATFORM_IMPORT_INTENT_RIGHTS_UNVERIFIED
https://cityu-dg.instructure.com,240,Funda. of Internet App. Dev.,dynamicLayout-11365.css,a829d7cc6da0b2e4f3b4cfdf894baa18d85198c81f2092867e4816a879c022e5,393,ACADEMIC_TEACHING,INGESTABLE,academic teaching material,NEEDS_REVIEW,OWNER_PLATFORM_IMPORT_INTENT_RIGHTS_UNVERIFIED
https://cityu-dg.instructure.com,240,Funda. of Internet App. Dev.,dynamicLayout-12780.css,a829d7cc6da0b2e4f3b4cfdf894baa18d85198c81f2092867e4816a879c022e5,393,ACADEMIC_TEACHING,INGESTABLE,academic teaching material,NEEDS_REVIEW,OWNER_PLATFORM_IMPORT_INTENT_RIGHTS_UNVERIFIED
https://cityu-dg.instructure.com,240,Funda. of Internet App. Dev.,dynamicLayout-12792.css,a829d7cc6da0b2e4f3b4cfdf894baa18d85198c81f2092867e4816a879c022e5,393,ACADEMIC_TEACHING,INGESTABLE,academic teaching material,NEEDS_REVIEW,OWNER_PLATFORM_IMPORT_INTENT_RIGHTS_UNVERIFIED
https://cityu-dg.instructure.com,240,Funda. of Internet App. Dev.,dynamicLayout-14124.css,a829d7cc6da0b2e4f3b4cfdf894baa18d85198c81f2092867e4816a879c022e5,393,ACADEMIC_TEACHING,INGESTABLE,academic teaching material,NEEDS_REVIEW,OWNER_PLATFORM_IMPORT_INTENT_RIGHTS_UNVERIFIED
https://cityu-dg.instructure.com,240,Funda. of Internet App. Dev.,dynamicLayout-9106.css,c9f4615ac0296679a9ee1a4ffcbedbe5c5866756d22354f9e79e46ca67c09867,393,ACADEMIC_TEACHING,INGESTABLE,academic teaching material,NEEDS_REVIEW,OWNER_PLATFORM_IMPORT_INTENT_RIGHTS_UNVERIFIED
https://cityu-dg.instructure.com,240,Funda. of Internet App. Dev.,dynamicLayout-9117.css,a829d7cc6da0b2e4f3b4cfdf894baa18d85198c81f2092867e4816a879c022e5,393,ACADEMIC_TEACHING,INGESTABLE,academic teaching material,NEEDS_REVIEW,OWNER_PLATFORM_IMPORT_INTENT_RIGHTS_UNVERIFIED
https://cityu-dg.instructure.com,240,Funda. of Internet App. Dev.,dynamicLayout-9128.css,a829d7cc6da0b2e4f3b4cfdf894baa18d85198c81f2092867e4816a879c022e5,393,ACADEMIC_TEACHING,INGESTABLE,academic teaching material,NEEDS_REVIEW,OWNER_PLATFORM_IMPORT_INTENT_RIGHTS_UNVERIFIED
https://cityu-dg.instructure.com,240,Funda. of Internet App. Dev.,dynamicLayout.css,6d08d63d090e97adfd2eca042567ab2d163dad71f2ff971db923b5d31c995830,103,ACADEMIC_TEACHING,INGESTABLE,academic teaching material,NEEDS_REVIEW,OWNER_PLATFORM_IMPORT_INTENT_RIGHTS_UNVERIFIED
https://cityu-dg.instructure.com,240,Funda. of Internet App. Dev.,ecobuild.png,9c32d6be435e675bfa2d054e7b1807b9d3a65b82e921e83525edd6df9b2c1316,771591,ACADEMIC_TEACHING,DOWNLOAD_ONLY,"unknown format: stored, never counted as learnable material",NEEDS_REVIEW,OWNER_PLATFORM_IMPORT_INTENT_RIGHTS_UNVERIFIED
https://cityu-dg.instructure.com,240,Funda. of Internet App. Dev.,ecotech.png,fe4c7c831d536ae939935f3dcbca3f7a18d6466032ab7a52f517f4f38abe980e,262359,ACADEMIC_TEACHING,DOWNLOAD_ONLY,"unknown format: stored, never counted as learnable material",NEEDS_REVIEW,OWNER_PLATFORM_IMPORT_INTENT_RIGHTS_UNVERIFIED
https://cityu-dg.instructure.com,240,Funda. of Internet App. Dev.,footer_logo.png,02ebed4d068a450043adb10c4fab8946c41218da820303a0f4904aa448b7a06b,610661,ACADEMIC_TEACHING,DOWNLOAD_ONLY,"unknown format: stored, never counted as learnable material",NEEDS_REVIEW,OWNER_PLATFORM_IMPORT_INTENT_RIGHTS_UNVERIFIED
https://cityu-dg.instructure.com,240,Funda. of Internet App. Dev.,greenfuture.png,8900c0227515a6f45c8538572a60c40ae564e8560ded78ac1b8af499bc43cb75,222922,ACADEMIC_TEACHING,DOWNLOAD_ONLY,"unknown format: stored, never counted as learnable material",NEEDS_REVIEW,OWNER_PLATFORM_IMPORT_INTENT_RIGHTS_UNVERIFIED
https://cityu-dg.instructure.com,240,Funda. of Internet App. Dev.,healthsphere.png,bdfec30761a5506863e8e27654fd53783a842164c027fc1d4d28bff1e079b04c,147447,ACADEMIC_TEACHING,DOWNLOAD_ONLY,"unknown format: stored, never counted as learnable material",NEEDS_REVIEW,OWNER_PLATFORM_IMPORT_INTENT_RIGHTS_UNVERIFIED
https://cityu-dg.instructure.com,240,Funda. of Internet App. Dev.,img_forest.jpeg,e715fdae16f5f6d2a5cad5db39e1215065ec3c2182a15fe1db8be7ff9f42cc7f,61550,ACADEMIC_TEACHING,DOWNLOAD_ONLY,"unknown format: stored, never counted as learnable material",NEEDS_REVIEW,OWNER_PLATFORM_IMPORT_INTENT_RIGHTS_UNVERIFIED
https://cityu-dg.instructure.com,240,Funda. of Internet App. Dev.,img_mountains.jpeg,ed994934ecee192c92f1a12c28bef0f812f0a53026f0db5aeb16ebb342f7d221,24321,ACADEMIC_TEACHING,DOWNLOAD_ONLY,"unknown format: stored, never counted as learnable material",NEEDS_REVIEW,OWNER_PLATFORM_IMPORT_INTENT_RIGHTS_UNVERIFIED
https://cityu-dg.instructure.com,240,Funda. of Internet App. Dev.,img_snow.jpeg,05a88c7e56f35b22ca2b14c827f5a9f84ba2cae069f5c0aedfa29d9d36349407,23021,ACADEMIC_TEACHING,DOWNLOAD_ONLY,"unknown format: stored, never counted as learnable material",NEEDS_REVIEW,OWNER_PLATFORM_IMPORT_INTENT_RIGHTS_UNVERIFIED
https://cityu-dg.instructure.com,240,Funda. of Internet App. Dev.,index-11360.html,ccd08374c293af60949bdef418676769b60e4b0442e97752a8f5a7d5d935900a,3648,ACADEMIC_TEACHING,INGESTABLE,academic teaching material,NEEDS_REVIEW,OWNER_PLATFORM_IMPORT_INTENT_RIGHTS_UNVERIFIED
https://cityu-dg.instructure.com,240,Funda. of Internet App. Dev.,index-11377.html,ccd08374c293af60949bdef418676769b60e4b0442e97752a8f5a7d5d935900a,3648,ACADEMIC_TEACHING,INGESTABLE,academic teaching material,NEEDS_REVIEW,OWNER_PLATFORM_IMPORT_INTENT_RIGHTS_UNVERIFIED
https://cityu-dg.instructure.com,240,Funda. of Internet App. Dev.,index-12776.html,150f26dd266ba0c21cc8266cfc6948e2c1d3f9cea1c4e57191071debc54821ed,3617,ACADEMIC_TEACHING,INGESTABLE,academic teaching material,NEEDS_REVIEW,OWNER_PLATFORM_IMPORT_INTENT_RIGHTS_UNVERIFIED
https://cityu-dg.instructure.com,240,Funda. of Internet App. Dev.,index-12788.html,150f26dd266ba0c21cc8266cfc6948e2c1d3f9cea1c4e57191071debc54821ed,3617,ACADEMIC_TEACHING,INGESTABLE,academic teaching material,NEEDS_REVIEW,OWNER_PLATFORM_IMPORT_INTENT_RIGHTS_UNVERIFIED
https://cityu-dg.instructure.com,240,Funda. of Internet App. Dev.,index-14120.html,5f5320ccca32a08b75e5a71a4fd9f341cf7f5bdce42080524d7bf7d00e5e31fe,5982,ACADEMIC_TEACHING,INGESTABLE,academic teaching material,NEEDS_REVIEW,OWNER_PLATFORM_IMPORT_INTENT_RIGHTS_UNVERIFIED
https://cityu-dg.instructure.com,240,Funda. of Internet App. Dev.,index-3400.html,f7186551416627046be97355f0fb74ea4e921ee080d6ff767360d3541e81ea6d,123,ACADEMIC_TEACHING,INGESTABLE,academic teaching material,NEEDS_REVIEW,OWNER_PLATFORM_IMPORT_INTENT_RIGHTS_UNVERIFIED
https://cityu-dg.instructure.com,240,Funda. of Internet App. Dev.,index-3402.html,15ac9449557785424e4010dd076b1dc7c257c464e40d72b190be434b925dea5f,532,ACADEMIC_TEACHING,INGESTABLE,academic teaching material,NEEDS_REVIEW,OWNER_PLATFORM_IMPORT_INTENT_RIGHTS_UNVERIFIED
https://cityu-dg.instructure.com,240,Funda. of Internet App. Dev.,index-4087.html,8ef4378e305f6441aeeac3956ffa8f6d17debba9712722191ee964634332d941,598,ACADEMIC_TEACHING,INGESTABLE,academic teaching material,NEEDS_REVIEW,OWNER_PLATFORM_IMPORT_INTENT_RIGHTS_UNVERIFIED
https://cityu-dg.instructure.com,240,Funda. of Internet App. Dev.,index-5014.html,da668e5575992e779f3892cdee99651749ccde36adddd50f797612495c3996ba,2790,ACADEMIC_TEACHING,INGESTABLE,academic teaching material,NEEDS_REVIEW,OWNER_PLATFORM_IMPORT_INTENT_RIGHTS_UNVERIFIED
https://cityu-dg.instructure.com,240,Funda. of Internet App. Dev.,index-5015.html,13ac585bb8603b55617ab3ce6c8a2056902feca649495c76cb7e1cac5c0886f4,3352,ACADEMIC_TEACHING,INGESTABLE,academic teaching material,NEEDS_REVIEW,OWNER_PLATFORM_IMPORT_INTENT_RIGHTS_UNVERIFIED
https://cityu-dg.instructure.com,240,Funda. of Internet App. Dev.,index-7391.html,b20b3d8f4835c7d0399971bb64d021926cea5b16fbc46704910a8d08a0aca64f,3567,ACADEMIC_TEACHING,INGESTABLE,academic teaching material,NEEDS_REVIEW,OWNER_PLATFORM_IMPORT_INTENT_RIGHTS_UNVERIFIED
https://cityu-dg.instructure.com,240,Funda. of Internet App. Dev.,index-7399.html,5fb1ce3bd640e4399c67e40aab000f90673db1e4f82cff3114da8fd7a70b143c,3797,ACADEMIC_TEACHING,INGESTABLE,academic teaching material,NEEDS_REVIEW,OWNER_PLATFORM_IMPORT_INTENT_RIGHTS_UNVERIFIED
https://cityu-dg.instructure.com,240,Funda. of Internet App. Dev.,index-9095.html,f1ad2ed8ecb2de82395bd1581d8f60310aec7ec4ed481bd94a84c2197ffaf3b7,3540,ACADEMIC_TEACHING,INGESTABLE,academic teaching material,NEEDS_REVIEW,OWNER_PLATFORM_IMPORT_INTENT_RIGHTS_UNVERIFIED
https://cityu-dg.instructure.com,240,Funda. of Internet App. Dev.,index-9104.html,5838c20705ddbb4582bb9b06c33eed834557cd5e9e28ede40f3ef13bf1fc8265,3503,ACADEMIC_TEACHING,INGESTABLE,academic teaching material,NEEDS_REVIEW,OWNER_PLATFORM_IMPORT_INTENT_RIGHTS_UNVERIFIED
https://cityu-dg.instructure.com,240,Funda. of Internet App. Dev.,index-9113.html,77061c32612c5808f02bf634e688d109c432b6bfe0252aad3a797f2ac738c6d7,3498,ACADEMIC_TEACHING,INGESTABLE,academic teaching material,NEEDS_REVIEW,OWNER_PLATFORM_IMPORT_INTENT_RIGHTS_UNVERIFIED
https://cityu-dg.instructure.com,240,Funda. of Internet App. Dev.,index-9124.html,77061c32612c5808f02bf634e688d109c432b6bfe0252aad3a797f2ac738c6d7,3498,ACADEMIC_TEACHING,INGESTABLE,academic teaching material,NEEDS_REVIEW,OWNER_PLATFORM_IMPORT_INTENT_RIGHTS_UNVERIFIED
https://cityu-dg.instructure.com,240,Funda. of Internet App. Dev.,index.html,458ff084a53a51f47613fc50fa710b01ab816862b224cad5dcca1531e8cc2397,232,ACADEMIC_TEACHING,INGESTABLE,academic teaching material,NEEDS_REVIEW,OWNER_PLATFORM_IMPORT_INTENT_RIGHTS_UNVERIFIED
https://cityu-dg.instructure.com,240,Funda. of Internet App. Dev.,info.html,32a93d4a7fb2cb241b52c56eb3eba97efe5d0caf496fba120393573dfa77139b,214,ACADEMIC_TEACHING,INGESTABLE,academic teaching material,NEEDS_REVIEW,OWNER_PLATFORM_IMPORT_INTENT_RIGHTS_UNVERIFIED
https://cityu-dg.instructure.com,240,Funda. of Internet App. Dev.,jqueryLibrary.js,327499794e1fd4bd56b1a58e2c23f83803ebdbfedec32d1ca25c1863b4f873da,70263,ACADEMIC_TEACHING,INGESTABLE,academic teaching material,NEEDS_REVIEW,OWNER_PLATFORM_IMPORT_INTENT_RIGHTS_UNVERIFIED
https://cityu-dg.instructure.com,240,Funda. of Internet App. Dev.,lec02a-01-webpage-and-sourceCode.html,714143ece33e24748fd4fb8a96b362b4a0b85a4b495214c4e512822bacafe43b,1990,ACADEMIC_TEACHING,INGESTABLE,academic teaching material,NEEDS_REVIEW,OWNER_PLATFORM_IMPORT_INTENT_RIGHTS_UNVERIFIED
https://cityu-dg.instructure.com,240,Funda. of Internet App. Dev.,lec02a-02-tags.html,c72377c129b5196d6bb69788e62979e38a0efaf953512f256271fbed6a2e01fd,677,ACADEMIC_TEACHING,INGESTABLE,academic teaching material,NEEDS_REVIEW,OWNER_PLATFORM_IMPORT_INTENT_RIGHTS_UNVERIFIED
https://cityu-dg.instructure.com,240,Funda. of Internet App. Dev.,lec02a-03-blank.html,264ad0dc7b3b97b3c3237482edd6c915d1bf744c8ddebbd2ccaceac1d03e410c,20,ACADEMIC_TEACHING,INGESTABLE,academic teaching material,NEEDS_REVIEW,OWNER_PLATFORM_IMPORT_INTENT_RIGHTS_UNVERIFIED
https://cityu-dg.instructure.com,240,Funda. of Internet App. Dev.,lec02a-04-HTML-title.html,54c2b41e6027ae5933d7a96e5427ce5e1762748dd0c2ff43e93c5f72ada33a2e,131,ACADEMIC_TEACHING,INGESTABLE,academic teaching material,NEEDS_REVIEW,OWNER_PLATFORM_IMPORT_INTENT_RIGHTS_UNVERIFIED
https://cityu-dg.instructure.com,240,Funda. of Internet App. Dev.,lec02a-05-HTML-headings.html,9d548cb259e51cae066151d22e88445af19434f84cba6df76f2f193050ca1a59,924,ACADEMIC_TEACHING,INGESTABLE,academic teaching material,NEEDS_REVIEW,OWNER_PLATFORM_IMPORT_INTENT_RIGHTS_UNVERIFIED
https://cityu-dg.instructure.com,240,Funda. of Internet App. Dev.,lec02a-06-HTML-paragraphs.html,efbbd386e818f39eae0249895438d68d113bdafec44283d3b56018f493d9b67a,2046,ACADEMIC_TEACHING,INGESTABLE,academic teaching material,NEEDS_REVIEW,OWNER_PLATFORM_IMPORT_INTENT_RIGHTS_UNVERIFIED
https://cityu-dg.instructure.com,240,Funda. of Internet App. Dev.,lec02a-07-HTML-simple-link.html,fbd4d94b64f1335016a2f97cde3838f7b5b52079c6ca2ae515be9ee9ef227a42,275,ACADEMIC_TEACHING,INGESTABLE,academic teaching material,NEEDS_REVIEW,OWNER_PLATFORM_IMPORT_INTENT_RIGHTS_UNVERIFIED
https://cityu-dg.instructure.com,240,Funda. of Internet App. Dev.,lec02a-08-HTML-link-target.html,91218c8d8e8ddc38facfacd10e9530d22eb35534b8c95e98d8fedb6912c5b553,312,ACADEMIC_TEACHING,INGESTABLE,academic teaching material,NEEDS_REVIEW,OWNER_PLATFORM_IMPORT_INTENT_RIGHTS_UNVERIFIED
https://cityu-dg.instructure.com,240,Funda. of Internet App. Dev.,lec02a-09-HTML-link-action.html,a1840696d8c499a3e9aee256b56081ee7987cccb513af6b8fc4e3c2fb8aecf1f,348,ACADEMIC_TEACHING,INGESTABLE,academic teaching material,NEEDS_REVIEW,OWNER_PLATFORM_IMPORT_INTENT_RIGHTS_UNVERIFIED
https://cityu-dg.instructure.com,240,Funda. of Internet App. Dev.,lec02a-10-HTML-internal-link.html,2928320dc1c71d6b4b363e9713bfddf35ecdf482ba910348f646c60cdbb85d46,7925,ACADEMIC_TEACHING,INGESTABLE,academic teaching material,NEEDS_REVIEW,OWNER_PLATFORM_IMPORT_INTENT_RIGHTS_UNVERIFIED
https://cityu-dg.instructure.com,240,Funda. of Internet App. Dev.,lec02a-11-HTML-internal-link-div.html,5e76f8a0c80c8e3feadba73e7328582258001f21fd4ede900a81fbebb9f6b70d,8461,ACADEMIC_TEACHING,INGESTABLE,academic teaching material,NEEDS_REVIEW,OWNER_PLATFORM_IMPORT_INTENT_RIGHTS_UNVERIFIED
https://cityu-dg.instructure.com,240,Funda. of Internet App. Dev.,lec02a-12-HTML-image.html,2dfb22198746459d9c78fd90da68f0369a6acbf05231bbbb654d8e53efcaafa5,191,ACADEMIC_TEACHING,INGESTABLE,academic teaching material,NEEDS_REVIEW,OWNER_PLATFORM_IMPORT_INTENT_RIGHTS_UNVERIFIED
https://cityu-dg.instructure.com,240,Funda. of Internet App. Dev.,lec02a-13-HTML-image-alt.html,1bf4357a2554091768ba086719c04e429df1bb7b6dd3a8eee6dd759fe0019764,232,ACADEMIC_TEACHING,INGESTABLE,academic teaching material,NEEDS_REVIEW,OWNER_PLATFORM_IMPORT_INTENT_RIGHTS_UNVERIFIED
https://cityu-dg.instructure.com,240,Funda. of Internet App. Dev.,lec02a-14-HTML-empty-element.html,c59a5b94a1d906ed48eea4100ad8efbc19284b49504542c010b2a18e6fa3e2e3,244,ACADEMIC_TEACHING,INGESTABLE,academic teaching material,NEEDS_REVIEW,OWNER_PLATFORM_IMPORT_INTENT_RIGHTS_UNVERIFIED
https://cityu-dg.instructure.com,240,Funda. of Internet App. Dev.,lec02a-15-HTML-image-link.html,1a2d3af8274da2fe88e87eaf58dd700ce8813a672ac6254ca21f2f019d34ab01,310,ACADEMIC_TEACHING,INGESTABLE,academic teaching material,NEEDS_REVIEW,OWNER_PLATFORM_IMPORT_INTENT_RIGHTS_UNVERIFIED
https://cityu-dg.instructure.com,240,Funda. of Internet App. Dev.,lec02b-15-HTML-lists.html,9388396a90c8f99d9b1bf9f6d128a902181d62b8d0b446db9a3ac5c6efc6d816,316,ACADEMIC_TEACHING,INGESTABLE,academic teaching material,NEEDS_REVIEW,OWNER_PLATFORM_IMPORT_INTENT_RIGHTS_UNVERIFIED
https://cityu-dg.instructure.com,240,Funda. of Internet App. Dev.,lec02b-16-HTML-description-lists.html,c8502ad9024e49e4aa59d2d3fee0de7a50b60727ddb90bcbcef906f368d1da29,187,ACADEMIC_TEACHING,INGESTABLE,academic teaching material,NEEDS_REVIEW,OWNER_PLATFORM_IMPORT_INTENT_RIGHTS_UNVERIFIED
https://cityu-dg.instructure.com,240,Funda. of Internet App. Dev.,lec02b-17-HTML-tables.html,00d68f1967631b7ba0027182e712fc985c7e984e003e24d755f4381544a7889c,282,ACADEMIC_TEACHING,INGESTABLE,academic teaching material,NEEDS_REVIEW,OWNER_PLATFORM_IMPORT_INTENT_RIGHTS_UNVERIFIED
https://cityu-dg.instructure.com,240,Funda. of Internet App. Dev.,lec02b-18-HTML-table-detail.html,c1094c3968e3ed7c5f44b2da67dca9b8db696085593cd9152a5d6a1776b5d979,243,ACADEMIC_TEACHING,INGESTABLE,academic teaching material,NEEDS_REVIEW,OWNER_PLATFORM_IMPORT_INTENT_RIGHTS_UNVERIFIED
https://cityu-dg.instructure.com,240,Funda. of Internet App. Dev.,lec02b-19-HTML-table-cell-merging.html,62dbfbf6b0f97b3d8681a3a3b5d7b6f641d61256d4853052c0b1def6a34f815d,298,ACADEMIC_TEACHING,INGESTABLE,academic teaching material,NEEDS_REVIEW,OWNER_PLATFORM_IMPORT_INTENT_RIGHTS_UNVERIFIED
https://cityu-dg.instructure.com,240,Funda. of Internet App. Dev.,lec02b-20-HTML-form-basic-structure.html,f03f2ef92e4a15b9d9606236f29c48393d6a05371830ba9464a527e53eb14d47,199,ACADEMIC_TEACHING,INGESTABLE,academic teaching material,NEEDS_REVIEW,OWNER_PLATFORM_IMPORT_INTENT_RIGHTS_UNVERIFIED
https://cityu-dg.instructure.com,240,Funda. of Internet App. Dev.,lec02b-21-HTML-form-input-element-basic.html,1e6d038e2b08ddc3748966b803ba6e4a88fac426835beb36fdea0f003acd958c,243,ACADEMIC_TEACHING,INGESTABLE,academic teaching material,NEEDS_REVIEW,OWNER_PLATFORM_IMPORT_INTENT_RIGHTS_UNVERIFIED
https://cityu-dg.instructure.com,240,Funda. of Internet App. Dev.,lec02b-23-HTML-form-script.html,5cf27b74886f5d36babcfbe708fab794696f5a907468cf0dd81fac68ceaca5df,405,ACADEMIC_TEACHING,INGESTABLE,academic teaching material,NEEDS_REVIEW,OWNER_PLATFORM_IMPORT_INTENT_RIGHTS_UNVERIFIED
https://cityu-dg.instructure.com,240,Funda. of Internet App. Dev.,lec02b-24-HTML-video.html,3db0892e69cbd70ea0223b8470ecf97860678a2bd198eb1fa016ed06f0d3668e,110,ACADEMIC_TEACHING,INGESTABLE,academic teaching material,NEEDS_REVIEW,OWNER_PLATFORM_IMPORT_INTENT_RIGHTS_UNVERIFIED
https://cityu-dg.instructure.com,240,Funda. of Internet App. Dev.,lec02b-25-HTML-Additional-iframe.html,6b17bfeb82fd289a0981e027e6db0795bf973bde1617d3db28bd4039cf6812d8,157,ACADEMIC_TEACHING,INGESTABLE,academic teaching material,NEEDS_REVIEW,OWNER_PLATFORM_IMPORT_INTENT_RIGHTS_UNVERIFIED
https://cityu-dg.instructure.com,240,Funda. of Internet App. Dev.,lec04-20-HTML-form-basic-structure.html,507635b4ef4ed3f7a612fdf37387c906543f378bb16caf37ce75eab7e948cb7e,132,ACADEMIC_TEACHING,INGESTABLE,academic teaching material,NEEDS_REVIEW,OWNER_PLATFORM_IMPORT_INTENT_RIGHTS_UNVERIFIED
https://cityu-dg.instructure.com,240,Funda. of Internet App. Dev.,lec04-21-HTML-form-input-element-basic.html,9132efc769b5676da288bb6ac30c3ed6b0b6d06cf245170db2822b2c7c7cef9a,1854,ACADEMIC_TEACHING,INGESTABLE,academic teaching material,NEEDS_REVIEW,OWNER_PLATFORM_IMPORT_INTENT_RIGHTS_UNVERIFIED
https://cityu-dg.instructure.com,240,Funda. of Internet App. Dev.,lec04-22-HTML-form-input-element-new.html,1be1ca69f133b55652950f66dce469e1cc5d0ac6338e886aa13a96294836b4f3,186,ACADEMIC_TEACHING,INGESTABLE,academic teaching material,NEEDS_REVIEW,OWNER_PLATFORM_IMPORT_INTENT_RIGHTS_UNVERIFIED
https://cityu-dg.instructure.com,240,Funda. of Internet App. Dev.,lec04-23-HTML-form-script.html,3cc56a5580785d0b0dd68ff5739595bf9e54dc17d6899cc64fafd6eb5ccf1da8,358,ACADEMIC_TEACHING,INGESTABLE,academic teaching material,NEEDS_REVIEW,OWNER_PLATFORM_IMPORT_INTENT_RIGHTS_UNVERIFIED
https://cityu-dg.instructure.com,240,Funda. of Internet App. Dev.,lec04-24-HTML-form-group.html,db5972bb0d8e7d1cc0a38e82ba30772ee46331798d5e0da0a5fa5b28b1686303,240,ACADEMIC_TEACHING,INGESTABLE,academic teaching material,NEEDS_REVIEW,OWNER_PLATFORM_IMPORT_INTENT_RIGHTS_UNVERIFIED
https://cityu-dg.instructure.com,240,Funda. of Internet App. Dev.,lec04-26-CSS-simple-example.html,9fdb96e99289b78cd1809443e505ae38e685cce34a3ebfd1cdbe26e75f799d4b,267,ACADEMIC_TEACHING,INGESTABLE,academic teaching material,NEEDS_REVIEW,OWNER_PLATFORM_IMPORT_INTENT_RIGHTS_UNVERIFIED
https://cityu-dg.instructure.com,240,Funda. of Internet App. Dev.,lec04-27-CSS-element-selector.html,523cccad679b0dfe14f61e271a2916722ca5289732227e5cd0e2d7653d45f9c0,618,ACADEMIC_TEACHING,INGESTABLE,academic teaching material,NEEDS_REVIEW,OWNER_PLATFORM_IMPORT_INTENT_RIGHTS_UNVERIFIED
https://cityu-dg.instructure.com,240,Funda. of Internet App. Dev.,lec04-28-span-tag.html,80303f0dc5c6d75c013ce75fb9fc7ca8b70591d9836eb96fd22769f1c7d9615a,692,ACADEMIC_TEACHING,INGESTABLE,academic teaching material,NEEDS_REVIEW,OWNER_PLATFORM_IMPORT_INTENT_RIGHTS_UNVERIFIED
https://cityu-dg.instructure.com,240,Funda. of Internet App. Dev.,lec04-29-CSS-class-selector.html,aead690528c053b2fa557d825eb9ab0428d4b549f1bb2aabd4013bfac8986517,604,ACADEMIC_TEACHING,INGESTABLE,academic teaching material,NEEDS_REVIEW,OWNER_PLATFORM_IMPORT_INTENT_RIGHTS_UNVERIFIED
https://cityu-dg.instructure.com,240,Funda. of Internet App. Dev.,lec04-30-CSS-font.html,973b9bcee1407a40e5f39291a4b9e6f48098fdf37110de62fe6231fce170b41a,798,ACADEMIC_TEACHING,INGESTABLE,academic teaching material,NEEDS_REVIEW,OWNER_PLATFORM_IMPORT_INTENT_RIGHTS_UNVERIFIED
https://cityu-dg.instructure.com,240,Funda. of Internet App. Dev.,lec04-31-CSS-text.html,b5bd37206ffe7fecdb2ae04886efa747ead24489d7822c87e5099a9a64c47379,345,ACADEMIC_TEACHING,INGESTABLE,academic teaching material,NEEDS_REVIEW,OWNER_PLATFORM_IMPORT_INTENT_RIGHTS_UNVERIFIED
https://cityu-dg.instructure.com,240,Funda. of Internet App. Dev.,lec04-32-CSS-button.html,0b48dcd0688f27ef1495def2bf19c31f3edf23847d15ccfb458b6ebcbe7cd1e4,157,ACADEMIC_TEACHING,INGESTABLE,academic teaching material,NEEDS_REVIEW,OWNER_PLATFORM_IMPORT_INTENT_RIGHTS_UNVERIFIED
https://cityu-dg.instructure.com,240,Funda. of Internet App. Dev.,lec05-01-CSS-element-selector.html,0235eecf76e2f03ce398b600d0c6df9871799f950d0c899b4cdde3eff78524e1,666,ACADEMIC_TEACHING,INGESTABLE,academic teaching material,NEEDS_REVIEW,OWNER_PLATFORM_IMPORT_INTENT_RIGHTS_UNVERIFIED
https://cityu-dg.instructure.com,240,Funda. of Internet App. Dev.,lec05-02-CSS-class-selector.html,197bd9590d715c5186f50aff4818ca47a8f61b3675ee342066971cd2b7c4165a,659,ACADEMIC_TEACHING,INGESTABLE,academic teaching material,NEEDS_REVIEW,OWNER_PLATFORM_IMPORT_INTENT_RIGHTS_UNVERIFIED
https://cityu-dg.instructure.com,240,Funda. of Internet App. Dev.,lec05-03-CSS-id-selector.html,f5f440be2b4d387673f56d31afe48c3cef51d6b5092ad413f2305bd76a1f0c74,700,ACADEMIC_TEACHING,INGESTABLE,academic teaching material,NEEDS_REVIEW,OWNER_PLATFORM_IMPORT_INTENT_RIGHTS_UNVERIFIED
https://cityu-dg.instructure.com,240,Funda. of Internet App. Dev.,lec05-04-CSS-group-selector.html,bb488dcb78f30c27fe53687ef43969b94adba9d4d7645216e801cb86ceab53f7,661,ACADEMIC_TEACHING,INGESTABLE,academic teaching material,NEEDS_REVIEW,OWNER_PLATFORM_IMPORT_INTENT_RIGHTS_UNVERIFIED
https://cityu-dg.instructure.com,240,Funda. of Internet App. Dev.,lec05-05-CSS-contextual-selector.html,35958a5f6a7e595e2b94dbc4900a90f3a3313f35004757a5448638759623a784,1128,ACADEMIC_TEACHING,INGESTABLE,academic teaching material,NEEDS_REVIEW,OWNER_PLATFORM_IMPORT_INTENT_RIGHTS_UNVERIFIED
https://cityu-dg.instructure.com,240,Funda. of Internet App. Dev.,lec05-06-CSS-contextual-selector-2.html,0cf94dd0966d52cbcc9999f067f3d3a8ad5714b4efc1f9a5defc94fc5ba281d5,428,ACADEMIC_TEACHING,INGESTABLE,academic teaching material,NEEDS_REVIEW,OWNER_PLATFORM_IMPORT_INTENT_RIGHTS_UNVERIFIED
https://cityu-dg.instructure.com,240,Funda. of Internet App. Dev.,lec05-07-CSS-attribute-selector.html,c4756d30d724961621c2544995183179be8a4c962df174cb4a56d7c676f342b1,513,ACADEMIC_TEACHING,INGESTABLE,academic teaching material,NEEDS_REVIEW,OWNER_PLATFORM_IMPORT_INTENT_RIGHTS_UNVERIFIED
https://cityu-dg.instructure.com,240,Funda. of Internet App. Dev.,lec05-08-CSS-pseudo-class-selector.html,46d16380c5af94a4f7ef9014372e4b2a5bef740efe3970282dda1789257dbfd5,580,ACADEMIC_TEACHING,INGESTABLE,academic teaching material,NEEDS_REVIEW,OWNER_PLATFORM_IMPORT_INTENT_RIGHTS_UNVERIFIED
https://cityu-dg.instructure.com,240,Funda. of Internet App. Dev.,lec05-09-CSS-pseudo-element-selector.html,841b29d05f4615892d5187b10c3a2ea69e3edffbfa2a0e05393d0183c3319b29,903,ACADEMIC_TEACHING,INGESTABLE,academic teaching material,NEEDS_REVIEW,OWNER_PLATFORM_IMPORT_INTENT_RIGHTS_UNVERIFIED
https://cityu-dg.instructure.com,240,Funda. of Internet App. Dev.,lec05-10-CSS-inherited.html,bfb3014fc01500e1dc04df0c3bbfc08caf6d10bdac1cbb460e1b6eb7ddf4f078,1922,ACADEMIC_TEACHING,INGESTABLE,academic teaching material,NEEDS_REVIEW,OWNER_PLATFORM_IMPORT_INTENT_RIGHTS_UNVERIFIED
https://cityu-dg.instructure.com,240,Funda. of Internet App. Dev.,lec05-11-CSS-overriding-same.html,0bc3ede28a64a114127d8d3c2e178c4fe7e03f99a314875583e22b4016ff8635,249,ACADEMIC_TEACHING,INGESTABLE,academic teaching material,NEEDS_REVIEW,OWNER_PLATFORM_IMPORT_INTENT_RIGHTS_UNVERIFIED
https://cityu-dg.instructure.com,240,Funda. of Internet App. Dev.,lec05-12-CSS-priority-single.html,e4d4f8e8ee79b78650db4b77002a07150fb4ec2ed678df6ea196a23861a17407,266,ACADEMIC_TEACHING,INGESTABLE,academic teaching material,NEEDS_REVIEW,OWNER_PLATFORM_IMPORT_INTENT_RIGHTS_UNVERIFIED
https://cityu-dg.instructure.com,240,Funda. of Internet App. Dev.,lec05-13-CSS-priority-compound.html,f9bda4ed86360272211b1e18074c1685d26c4fc8060ea0777a941cee02b2cdab,253,ACADEMIC_TEACHING,INGESTABLE,academic teaching material,NEEDS_REVIEW,OWNER_PLATFORM_IMPORT_INTENT_RIGHTS_UNVERIFIED
https://cityu-dg.instructure.com,240,Funda. of Internet App. Dev.,lec05-14-CSS-external.css,b834bd1916b4472ce6d5d2677e36646531151ffbadac1f59a3379964ff8e5bbd,6,ACADEMIC_TEACHING,INGESTABLE,academic teaching material,NEEDS_REVIEW,OWNER_PLATFORM_IMPORT_INTENT_RIGHTS_UNVERIFIED
https://cityu-dg.instructure.com,240,Funda. of Internet App. Dev.,lec05-14-external-css.html,7d52a9510986cc6f25007ef66934df90a69b91ffb2f721f8872e465dce50df89,1173,ACADEMIC_TEACHING,INGESTABLE,academic teaching material,NEEDS_REVIEW,OWNER_PLATFORM_IMPORT_INTENT_RIGHTS_UNVERIFIED
https://cityu-dg.instructure.com,240,Funda. of Internet App. Dev.,lec05-15-CSS-media-type.html,0aa7ebaf7ff1fa5ffc1aadc0d0184b9742ecd12d4a444211294ba027fab943f2,1895,ACADEMIC_TEACHING,INGESTABLE,academic teaching material,NEEDS_REVIEW,OWNER_PLATFORM_IMPORT_INTENT_RIGHTS_UNVERIFIED
https://cityu-dg.instructure.com,240,Funda. of Internet App. Dev.,lec05-15-print.css,8af14bc2f21b93e92edfcace36403806841cddaa2433b78851b4d42d75515880,1275,ACADEMIC_TEACHING,INGESTABLE,academic teaching material,NEEDS_REVIEW,OWNER_PLATFORM_IMPORT_INTENT_RIGHTS_UNVERIFIED
https://cityu-dg.instructure.com,240,Funda. of Internet App. Dev.,lec05-15-screen.css,e6eb4d61f23fe9dda4b833702ae7d9d0dd67a2d3b225e190cd35efa425afdb36,1818,ACADEMIC_TEACHING,INGESTABLE,academic teaching material,NEEDS_REVIEW,OWNER_PLATFORM_IMPORT_INTENT_RIGHTS_UNVERIFIED
https://cityu-dg.instructure.com,240,Funda. of Internet App. Dev.,lec06-01-CSS-width-and-height.html,de81e198ee6031ec9aaebb70019ad638a2c6e0c1b5aa47ff355afc4b31d6fa43,595,ACADEMIC_TEACHING,INGESTABLE,academic teaching material,NEEDS_REVIEW,OWNER_PLATFORM_IMPORT_INTENT_RIGHTS_UNVERIFIED
https://cityu-dg.instructure.com,240,Funda. of Internet App. Dev.,lec06-02-CSS-border.html,e164ea23ee7dd788261e86499e2d512ad20cc22ac5c90014a1500d7cdbef95a3,596,ACADEMIC_TEACHING,INGESTABLE,academic teaching material,NEEDS_REVIEW,OWNER_PLATFORM_IMPORT_INTENT_RIGHTS_UNVERIFIED
https://cityu-dg.instructure.com,240,Funda. of Internet App. Dev.,lec06-03-CSS-border-collapse.html,982b2588acd587e3483892e2b36ebcfaaf5b86f4363efbcba13a013c73210d53,605,ACADEMIC_TEACHING,INGESTABLE,academic teaching material,NEEDS_REVIEW,OWNER_PLATFORM_IMPORT_INTENT_RIGHTS_UNVERIFIED
https://cityu-dg.instructure.com,240,Funda. of Internet App. Dev.,lec06-04-CSS-padding.html,7918efb02d64016e26e97ada6273697aaa4f7313be21a81c1704b2a5216e063c,793,ACADEMIC_TEACHING,INGESTABLE,academic teaching material,NEEDS_REVIEW,OWNER_PLATFORM_IMPORT_INTENT_RIGHTS_UNVERIFIED
https://cityu-dg.instructure.com,240,Funda. of Internet App. Dev.,lec06-05-CSS-margin.html,06b8b93d6062e9e0735a3e9822b6deb02742aeef264831b5767080efa141fa2e,703,ACADEMIC_TEACHING,INGESTABLE,academic teaching material,NEEDS_REVIEW,OWNER_PLATFORM_IMPORT_INTENT_RIGHTS_UNVERIFIED
https://cityu-dg.instructure.com,240,Funda. of Internet App. Dev.,lec06-06-CSS-margin-merging.html,7ff8524c2e54875fad99f29c137cb2e5f34997429276b716c9eaf066eb7e8ccd,306,ACADEMIC_TEACHING,INGESTABLE,academic teaching material,NEEDS_REVIEW,OWNER_PLATFORM_IMPORT_INTENT_RIGHTS_UNVERIFIED
https://cityu-dg.instructure.com,240,Funda. of Internet App. Dev.,lec06-07-CSS-overflow.html,03aae56873aebefe6868c563796f4209367774add1a5ad5ab375ff1eb2bef3d1,1396,ACADEMIC_TEACHING,INGESTABLE,academic teaching material,NEEDS_REVIEW,OWNER_PLATFORM_IMPORT_INTENT_RIGHTS_UNVERIFIED
https://cityu-dg.instructure.com,240,Funda. of Internet App. Dev.,lec06-08-CSS-type-block.html,957ef050302b818212b08a4f7496b6c46eb6ba73d4b0089ac26a8df195dc65b1,222,ACADEMIC_TEACHING,INGESTABLE,academic teaching material,NEEDS_REVIEW,OWNER_PLATFORM_IMPORT_INTENT_RIGHTS_UNVERIFIED
https://cityu-dg.instructure.com,240,Funda. of Internet App. Dev.,lec06-09-CSS-type-conversion.html,65d40e2f8fec35c4ff5a564ecb339685e0449ffa8255b0e567dd1b5fbd7a5d3d,386,ACADEMIC_TEACHING,INGESTABLE,academic teaching material,NEEDS_REVIEW,OWNER_PLATFORM_IMPORT_INTENT_RIGHTS_UNVERIFIED
https://cityu-dg.instructure.com,240,Funda. of Internet App. Dev.,lec06-10-CSS-display.html,25e1f905df3798c57e3bf587df8f36b8b54a06ef8a58c412f48a848258a7cc21,254,ACADEMIC_TEACHING,INGESTABLE,academic teaching material,NEEDS_REVIEW,OWNER_PLATFORM_IMPORT_INTENT_RIGHTS_UNVERIFIED
https://cityu-dg.instructure.com,240,Funda. of Internet App. Dev.,lec06-11-CSS-float.html,3462d5163190d35fd6e2895f89a703f5672c475c0dd1ed0f2d17c86c3fb95632,823,ACADEMIC_TEACHING,INGESTABLE,academic teaching material,NEEDS_REVIEW,OWNER_PLATFORM_IMPORT_INTENT_RIGHTS_UNVERIFIED
https://cityu-dg.instructure.com,240,Funda. of Internet App. Dev.,lec06-12-CSS-float-three-box.html,d9849dd04c9792fb3338adedd2120f79b797ea3060bb606301ad6dafd7060749,257,ACADEMIC_TEACHING,INGESTABLE,academic teaching material,NEEDS_REVIEW,OWNER_PLATFORM_IMPORT_INTENT_RIGHTS_UNVERIFIED
https://cityu-dg.instructure.com,240,Funda. of Internet App. Dev.,lec06-13-CSS-float2.html,1e0f3e7a7866ba7639f1bfd22d6d76838d42ac1617d7835b2f29a822049ed0fe,974,ACADEMIC_TEACHING,INGESTABLE,academic teaching material,NEEDS_REVIEW,OWNER_PLATFORM_IMPORT_INTENT_RIGHTS_UNVERIFIED
https://cityu-dg.instructure.com,240,Funda. of Internet App. Dev.,lec06-14-CSS-clear-11320.html,7d6287f2c8d49297b58ed4dbe2fecbf59c23c196de0062d497e5873a57f0ece0,2092,ACADEMIC_TEACHING,INGESTABLE,academic teaching material,NEEDS_REVIEW,OWNER_PLATFORM_IMPORT_INTENT_RIGHTS_UNVERIFIED
https://cityu-dg.instructure.com,240,Funda. of Internet App. Dev.,lec06-14-CSS-clear.html,1e7702ccc8ecc8d81a7a13c15731664d660072ae96bc9b85daab166e99fc860a,2094,ACADEMIC_TEACHING,INGESTABLE,academic teaching material,NEEDS_REVIEW,OWNER_PLATFORM_IMPORT_INTENT_RIGHTS_UNVERIFIED
https://cityu-dg.instructure.com,240,Funda. of Internet App. Dev.,lec06-15-CSS-clear2-11321.html,8e0359255426b8f7c264a89c726106c31f6b5525bb8042c42e61631a3a476312,377,ACADEMIC_TEACHING,INGESTABLE,academic teaching material,NEEDS_REVIEW,OWNER_PLATFORM_IMPORT_INTENT_RIGHTS_UNVERIFIED
https://cityu-dg.instructure.com,240,Funda. of Internet App. Dev.,lec06-15-CSS-clear2.html,627b35c1c4baaddf7a18e8a758f683ee230fa524fb60e3605a8013c48ef13c1c,385,ACADEMIC_TEACHING,INGESTABLE,academic teaching material,NEEDS_REVIEW,OWNER_PLATFORM_IMPORT_INTENT_RIGHTS_UNVERIFIED
https://cityu-dg.instructure.com,240,Funda. of Internet App. Dev.,lec06-16-CSS-calc-11322.html,bea2287f98cf4c3ee0531a3065e2f635247740efadba95e15483001d00acdcbf,359,ACADEMIC_TEACHING,INGESTABLE,academic teaching material,NEEDS_REVIEW,OWNER_PLATFORM_IMPORT_INTENT_RIGHTS_UNVERIFIED
https://cityu-dg.instructure.com,240,Funda. of Internet App. Dev.,lec06-16-CSS-calc.html,bea2287f98cf4c3ee0531a3065e2f635247740efadba95e15483001d00acdcbf,359,ACADEMIC_TEACHING,INGESTABLE,academic teaching material,NEEDS_REVIEW,OWNER_PLATFORM_IMPORT_INTENT_RIGHTS_UNVERIFIED
https://cityu-dg.instructure.com,240,Funda. of Internet App. Dev.,lec07-01-CSS-block.html,cf1aabcc0413e20a4c610f7815bb8e0cb29a2ee192f68665c7e0bc981401c210,426,ACADEMIC_TEACHING,INGESTABLE,academic teaching material,NEEDS_REVIEW,OWNER_PLATFORM_IMPORT_INTENT_RIGHTS_UNVERIFIED
https://cityu-dg.instructure.com,240,Funda. of Internet App. Dev.,lec07-02-CSS-inline.html,518d5a514c00400c15505443ad91bb6c14e48787ecd0f2aac8bd88edfbee65c0,362,ACADEMIC_TEACHING,INGESTABLE,academic teaching material,NEEDS_REVIEW,OWNER_PLATFORM_IMPORT_INTENT_RIGHTS_UNVERIFIED
https://cityu-dg.instructure.com,240,Funda. of Internet App. Dev.,lec07-03-CSS-inline-block.html,f0f28ee9fe03b87fcc5a69a994ff38bf025f44de1626a068a93982763861a9c3,394,ACADEMIC_TEACHING,INGESTABLE,academic teaching material,NEEDS_REVIEW,OWNER_PLATFORM_IMPORT_INTENT_RIGHTS_UNVERIFIED
https://cityu-dg.instructure.com,240,Funda. of Internet App. Dev.,lec07-04-CSS-display-property.html,529056e7a7f4956a3fa0b45690063b972579eca5f357af811e2d61cdb361fcca,1019,ACADEMIC_TEACHING,INGESTABLE,academic teaching material,NEEDS_REVIEW,OWNER_PLATFORM_IMPORT_INTENT_RIGHTS_UNVERIFIED
https://cityu-dg.instructure.com,240,Funda. of Internet App. Dev.,lec07-05-CSS-display-none-visibility.html,1d31216dee502fbd9b96bddfdb04c723bde98fcccab01fdee75c66f2ceaf4224,410,ACADEMIC_TEACHING,INGESTABLE,academic teaching material,NEEDS_REVIEW,OWNER_PLATFORM_IMPORT_INTENT_RIGHTS_UNVERIFIED
https://cityu-dg.instructure.com,240,Funda. of Internet App. Dev.,lec07-06-CSS-relative.html,cfc8bd4290d3430923a42371c12dbaae935ee21b625515bd809aa934db547047,441,ACADEMIC_TEACHING,INGESTABLE,academic teaching material,NEEDS_REVIEW,OWNER_PLATFORM_IMPORT_INTENT_RIGHTS_UNVERIFIED
https://cityu-dg.instructure.com,240,Funda. of Internet App. Dev.,lec07-07-CSS-Z-index.html,3648c95dbe58bb0638cd9ecc0da85842581215302549efb6c1507809d235874f,517,ACADEMIC_TEACHING,INGESTABLE,academic teaching material,NEEDS_REVIEW,OWNER_PLATFORM_IMPORT_INTENT_RIGHTS_UNVERIFIED
https://cityu-dg.instructure.com,240,Funda. of Internet App. Dev.,lec07-08-CSS-absolute.html,9102ff7d482908e79ab073c69c1db850eca887bd19185a30eb1a647069963776,2349,ACADEMIC_TEACHING,INGESTABLE,academic teaching material,NEEDS_REVIEW,OWNER_PLATFORM_IMPORT_INTENT_RIGHTS_UNVERIFIED
https://cityu-dg.instructure.com,240,Funda. of Internet App. Dev.,lec07-09-CSS-fixed.html,12b3c4da7e191d19ea093e8204c169e1e249722be596749ac9abe154c668fe14,2166,ACADEMIC_TEACHING,INGESTABLE,academic teaching material,NEEDS_REVIEW,OWNER_PLATFORM_IMPORT_INTENT_RIGHTS_UNVERIFIED
https://cityu-dg.instructure.com,240,Funda. of Internet App. Dev.,lec07-10-CSS-positioning.html,1c8ca27cd70666316353152087ed37c5430151ac2c573e28548676b3268ace2a,298,ACADEMIC_TEACHING,INGESTABLE,academic teaching material,NEEDS_REVIEW,OWNER_PLATFORM_IMPORT_INTENT_RIGHTS_UNVERIFIED
https://cityu-dg.instructure.com,240,Funda. of Internet App. Dev.,lec07-11-CSS-fixed-layout.html,fa6b8abbed8a4b532006a681bee7e83caf4871125e4304099d9a22a7b77af8df,1917,ACADEMIC_TEACHING,INGESTABLE,academic teaching material,NEEDS_REVIEW,OWNER_PLATFORM_IMPORT_INTENT_RIGHTS_UNVERIFIED
https://cityu-dg.instructure.com,240,Funda. of Internet App. Dev.,lec07-11-fixed-layout.css,f3970dc8a7d2961b7b61f8b0eab90b172121aaf5d49354fd3d724c1c14e41289,1832,ACADEMIC_TEACHING,INGESTABLE,academic teaching material,NEEDS_REVIEW,OWNER_PLATFORM_IMPORT_INTENT_RIGHTS_UNVERIFIED
https://cityu-dg.instructure.com,240,Funda. of Internet App. Dev.,lec07-12-CSS-liquid-layout.html,ea56c4ab3e95ec9bcc86b4d7e57f31231d8751a59d59ab7f29cdf374eba4bf81,1921,ACADEMIC_TEACHING,INGESTABLE,academic teaching material,NEEDS_REVIEW,OWNER_PLATFORM_IMPORT_INTENT_RIGHTS_UNVERIFIED
https://cityu-dg.instructure.com,240,Funda. of Internet App. Dev.,lec07-12-liquid-layout.css,407fcf5de81f6c330545059fa434946c98b589894e91655f907cb892a9d7f067,1832,ACADEMIC_TEACHING,INGESTABLE,academic teaching material,NEEDS_REVIEW,OWNER_PLATFORM_IMPORT_INTENT_RIGHTS_UNVERIFIED
https://cityu-dg.instructure.com,240,Funda. of Internet App. Dev.,lec07-13-CSS-responsive-design.html,6795c91222cdd33dc7bbf125ee63dcd238c1503215d23c3a8f2f50ed79664787,1416,ACADEMIC_TEACHING,INGESTABLE,academic teaching material,NEEDS_REVIEW,OWNER_PLATFORM_IMPORT_INTENT_RIGHTS_UNVERIFIED
https://cityu-dg.instructure.com,240,Funda. of Internet App. Dev.,lec07-14-CSS-CSS3-advance-tech.html,f2ef10afa3a5af7f956c8645fac7dcb63723f6d103ecc28863c9e1c1fdbbe3a4,1578,ACADEMIC_TEACHING,INGESTABLE,academic teaching material,NEEDS_REVIEW,OWNER_PLATFORM_IMPORT_INTENT_RIGHTS_UNVERIFIED
https://cityu-dg.instructure.com,240,Funda. of Internet App. Dev.,lec07-15-CSS-box-shadow-optional.html,61fe7fb0f74dc961242d99747e79183d276db4910079744cc1d1d2e97b7c3be5,998,ACADEMIC_TEACHING,INGESTABLE,academic teaching material,NEEDS_REVIEW,OWNER_PLATFORM_IMPORT_INTENT_RIGHTS_UNVERIFIED
https://cityu-dg.instructure.com,240,Funda. of Internet App. Dev.,lec07-16-CSS-transition-optional.html,282c79751d45c991cefd6c42b60c2738351a015d4c2f174daee0263417e5e862,857,ACADEMIC_TEACHING,INGESTABLE,academic teaching material,NEEDS_REVIEW,OWNER_PLATFORM_IMPORT_INTENT_RIGHTS_UNVERIFIED
https://cityu-dg.instructure.com,240,Funda. of Internet App. Dev.,lec08-01-JS-first-example.html,5bd0857376b8f6e8dcb63402e6c52d299ca8cb85cb74a08102dfc30a76330538,184,ACADEMIC_TEACHING,INGESTABLE,academic teaching material,NEEDS_REVIEW,OWNER_PLATFORM_IMPORT_INTENT_RIGHTS_UNVERIFIED
https://cityu-dg.instructure.com,240,Funda. of Internet App. Dev.,lec08-02-JS-external-script.html,b400680cfcffc3976a4bb0e9dd96e7794102b8d6d3e073cc03283f21327556be,211,ACADEMIC_TEACHING,INGESTABLE,academic teaching material,NEEDS_REVIEW,OWNER_PLATFORM_IMPORT_INTENT_RIGHTS_UNVERIFIED
https://cityu-dg.instructure.com,240,Funda. of Internet App. Dev.,lec08-02-external-script.js,ca452a778322112acf74d2542d39fd7e2d2c4687aedcf0fe895d60ca1fbb536b,3,ACADEMIC_TEACHING,INGESTABLE,academic teaching material,NEEDS_REVIEW,OWNER_PLATFORM_IMPORT_INTENT_RIGHTS_UNVERIFIED
https://cityu-dg.instructure.com,240,Funda. of Internet App. Dev.,lec08-03-JS-variables.html,acec7f3d8b59254438da61ae7f0513284399aede72b096f56193705336d94972,155,ACADEMIC_TEACHING,INGESTABLE,academic teaching material,NEEDS_REVIEW,OWNER_PLATFORM_IMPORT_INTENT_RIGHTS_UNVERIFIED
https://cityu-dg.instructure.com,240,Funda. of Internet App. Dev.,lec08-04-JS-numbers.html,111276eae199cc988eb5c1fc198126ab33d20f9bafee0b6215cbf5454f1868a0,167,ACADEMIC_TEACHING,INGESTABLE,academic teaching material,NEEDS_REVIEW,OWNER_PLATFORM_IMPORT_INTENT_RIGHTS_UNVERIFIED
https://cityu-dg.instructure.com,240,Funda. of Internet App. Dev.,lec08-05-JS-string.html,111276eae199cc988eb5c1fc198126ab33d20f9bafee0b6215cbf5454f1868a0,167,ACADEMIC_TEACHING,INGESTABLE,academic teaching material,NEEDS_REVIEW,OWNER_PLATFORM_IMPORT_INTENT_RIGHTS_UNVERIFIED
https://cityu-dg.instructure.com,240,Funda. of Internet App. Dev.,lec08-06-JS-undefined.html,225f950bc751cc5f0d2830c283bfa028bc0ea114b91bbdf2e07d3f160a058344,158,ACADEMIC_TEACHING,INGESTABLE,academic teaching material,NEEDS_REVIEW,OWNER_PLATFORM_IMPORT_INTENT_RIGHTS_UNVERIFIED
https://cityu-dg.instructure.com,240,Funda. of Internet App. Dev.,lec08-07-JS-conversion.html,bc7710fc25a0450a8c925ae9aee2b8af3cb9bd5693d9530827945057c997ea7c,159,ACADEMIC_TEACHING,INGESTABLE,academic teaching material,NEEDS_REVIEW,OWNER_PLATFORM_IMPORT_INTENT_RIGHTS_UNVERIFIED
https://cityu-dg.instructure.com,240,Funda. of Internet App. Dev.,lec08-08-JS-array.html,3488db77bc2fa83504907c47125ffc81b6bd9e458420aa44a968117c3e2043a7,166,ACADEMIC_TEACHING,INGESTABLE,academic teaching material,NEEDS_REVIEW,OWNER_PLATFORM_IMPORT_INTENT_RIGHTS_UNVERIFIED
https://cityu-dg.instructure.com,240,Funda. of Internet App. Dev.,lec08-09-JS-arithmetic-operators.html,2821395e97f5c429b4af94d1bcaba08ff43f6b0bd1a17da6a624e2264b5047d7,167,ACADEMIC_TEACHING,INGESTABLE,academic teaching material,NEEDS_REVIEW,OWNER_PLATFORM_IMPORT_INTENT_RIGHTS_UNVERIFIED
https://cityu-dg.instructure.com,240,Funda. of Internet App. Dev.,lec08-10-JS-compare-logic.html,9b130e42cb5058cf01a96326b093c30ff62b030fa27f038358839486ead65397,175,ACADEMIC_TEACHING,INGESTABLE,academic teaching material,NEEDS_REVIEW,OWNER_PLATFORM_IMPORT_INTENT_RIGHTS_UNVERIFIED
https://cityu-dg.instructure.com,240,Funda. of Internet App. Dev.,lec08-11-JS-comment.html,b79494f577782bb547f8b29303910eb62474b93e9d37b6d3e055e45bec3628ad,393,ACADEMIC_TEACHING,INGESTABLE,academic teaching material,NEEDS_REVIEW,OWNER_PLATFORM_IMPORT_INTENT_RIGHTS_UNVERIFIED
https://cityu-dg.instructure.com,240,Funda. of Internet App. Dev.,lec08-12-JS-if.html,707d76ea423d79fcebc7d59af01f865594e453e0eca66825574c02ee06c67779,212,ACADEMIC_TEACHING,INGESTABLE,academic teaching material,NEEDS_REVIEW,OWNER_PLATFORM_IMPORT_INTENT_RIGHTS_UNVERIFIED
https://cityu-dg.instructure.com,240,Funda. of Internet App. Dev.,lec08-13-JS-if-else.html,aedd7d2b02d44c9b39a45a0863f60421c26d20228eb063edfc0f355b7a6e9215,227,ACADEMIC_TEACHING,INGESTABLE,academic teaching material,NEEDS_REVIEW,OWNER_PLATFORM_IMPORT_INTENT_RIGHTS_UNVERIFIED
https://cityu-dg.instructure.com,240,Funda. of Internet App. Dev.,lec08-14-JS-N-way-conditional.html,47a14d5a0a0ee4155f21a83fb801a45ae3da6a5d1937ed569d540ff3f4966630,206,ACADEMIC_TEACHING,INGESTABLE,academic teaching material,NEEDS_REVIEW,OWNER_PLATFORM_IMPORT_INTENT_RIGHTS_UNVERIFIED
https://cityu-dg.instructure.com,240,Funda. of Internet App. Dev.,lec08-15-JS-switch.html,bccabf271d433fb4906967411006f75de78fff26a6312c009ec6b9a03558a4e1,268,ACADEMIC_TEACHING,INGESTABLE,academic teaching material,NEEDS_REVIEW,OWNER_PLATFORM_IMPORT_INTENT_RIGHTS_UNVERIFIED
https://cityu-dg.instructure.com,240,Funda. of Internet App. Dev.,lec09-01-JS-for-loop.html,9cfa7bcc9e237921325ca3311e1cf84226462547a631547a5ce9eb67a8b5f7f7,177,ACADEMIC_TEACHING,INGESTABLE,academic teaching material,NEEDS_REVIEW,OWNER_PLATFORM_IMPORT_INTENT_RIGHTS_UNVERIFIED
https://cityu-dg.instructure.com,240,Funda. of Internet App. Dev.,lec09-02-JS-for-array.html,c8dabe24e1d5a5c70abb53c692e865624a296c2f3ced7ff2b220cdabe0077ab2,356,ACADEMIC_TEACHING,INGESTABLE,academic teaching material,NEEDS_REVIEW,OWNER_PLATFORM_IMPORT_INTENT_RIGHTS_UNVERIFIED
https://cityu-dg.instructure.com,240,Funda. of Internet App. Dev.,lec09-03-JS-while-loop.html,cf418e61276a89cf6cf05ad58477cca66b8315caaa923300cc7716195e34d9d1,200,ACADEMIC_TEACHING,INGESTABLE,academic teaching material,NEEDS_REVIEW,OWNER_PLATFORM_IMPORT_INTENT_RIGHTS_UNVERIFIED
https://cityu-dg.instructure.com,240,Funda. of Internet App. Dev.,lec09-04-JS-do-while.html,47650b7f2418a17d00a0f0bcd8f6b34df9a69518f653bb3d3c8463719081446c,298,ACADEMIC_TEACHING,INGESTABLE,academic teaching material,NEEDS_REVIEW,OWNER_PLATFORM_IMPORT_INTENT_RIGHTS_UNVERIFIED
https://cityu-dg.instructure.com,240,Funda. of Internet App. Dev.,lec09-05-JS-function-declare.html,0226da6dae14b82816601587c4dc0a499b176f0b1ef3947367b8a820ceeb74c7,335,ACADEMIC_TEACHING,INGESTABLE,academic teaching material,NEEDS_REVIEW,OWNER_PLATFORM_IMPORT_INTENT_RIGHTS_UNVERIFIED
https://cityu-dg.instructure.com,240,Funda. of Internet App. Dev.,lec09-06-JS-function-parameters.html,c4dfdb0e3e4ec4df0aee2ed8d0b422fd1232d7eb06fee147efda8cc7807866f4,312,ACADEMIC_TEACHING,INGESTABLE,academic teaching material,NEEDS_REVIEW,OWNER_PLATFORM_IMPORT_INTENT_RIGHTS_UNVERIFIED
https://cityu-dg.instructure.com,240,Funda. of Internet App. Dev.,lec09-07-JS-find-min.html,a941fb270201d921f2a1d187ed00e6547b32e1b17c8a36aefd61d35a38e78867,399,ACADEMIC_TEACHING,INGESTABLE,academic teaching material,NEEDS_REVIEW,OWNER_PLATFORM_IMPORT_INTENT_RIGHTS_UNVERIFIED
https://cityu-dg.instructure.com,240,Funda. of Internet App. Dev.,lec09-08-JS-scope.html,140647e8bc8b88baacb91f62f301b0d6cb576689e0a06b267d2dedb38ab47a1d,600,ACADEMIC_TEACHING,INGESTABLE,academic teaching material,NEEDS_REVIEW,OWNER_PLATFORM_IMPORT_INTENT_RIGHTS_UNVERIFIED
https://cityu-dg.instructure.com,240,Funda. of Internet App. Dev.,lec09-09-JS-hoisting.html,a7a9970177258a915e87e1a381f773173aaf08b67fba4fc503a9859ca9396f62,547,ACADEMIC_TEACHING,INGESTABLE,academic teaching material,NEEDS_REVIEW,OWNER_PLATFORM_IMPORT_INTENT_RIGHTS_UNVERIFIED
https://cityu-dg.instructure.com,240,Funda. of Internet App. Dev.,lec09-10-JS-hoisting-2.html,dc0123df8d69527f62d1d9e547f862ce51c4e9d842754391b332254a114aab48,355,ACADEMIC_TEACHING,INGESTABLE,academic teaching material,NEEDS_REVIEW,OWNER_PLATFORM_IMPORT_INTENT_RIGHTS_UNVERIFIED
https://cityu-dg.instructure.com,240,Funda. of Internet App. Dev.,lec09-11-JS-let.html,f5f8aa7e87dd8d41a2e4593be6f8816ff1594107f488bd0b368bd565dd34c83e,1058,ACADEMIC_TEACHING,INGESTABLE,academic teaching material,NEEDS_REVIEW,OWNER_PLATFORM_IMPORT_INTENT_RIGHTS_UNVERIFIED
https://cityu-dg.instructure.com,240,Funda. of Internet App. Dev.,lec10-01-JS-boolean.html,6b131e3b4596e2c6325cbb6f5d22f88feabf05a470eed9667a0dab1d3dc3e539,697,ACADEMIC_TEACHING,INGESTABLE,academic teaching material,NEEDS_REVIEW,OWNER_PLATFORM_IMPORT_INTENT_RIGHTS_UNVERIFIED
https://cityu-dg.instructure.com,240,Funda. of Internet App. Dev.,lec10-02-JS-math.html,b42535f76f1f059c9831c67172816bc3a4d50da8a87e0fb9985a8d7cf419fb5a,921,ACADEMIC_TEACHING,INGESTABLE,academic teaching material,NEEDS_REVIEW,OWNER_PLATFORM_IMPORT_INTENT_RIGHTS_UNVERIFIED
https://cityu-dg.instructure.com,240,Funda. of Internet App. Dev.,lec10-03-JS-date.html,bf8f58b3e9ffca457c4dbbaa3cde2b3bb763cfb30a7f840d4f86361e77d71dfd,678,ACADEMIC_TEACHING,INGESTABLE,academic teaching material,NEEDS_REVIEW,OWNER_PLATFORM_IMPORT_INTENT_RIGHTS_UNVERIFIED
https://cityu-dg.instructure.com,240,Funda. of Internet App. Dev.,lec10-04-JS-array.html,d1279cf8fe0436cd1d59cc1154bd901953859019a6f0940d62d3997fbd1935b9,884,ACADEMIC_TEACHING,INGESTABLE,academic teaching material,NEEDS_REVIEW,OWNER_PLATFORM_IMPORT_INTENT_RIGHTS_UNVERIFIED
https://cityu-dg.instructure.com,240,Funda. of Internet App. Dev.,lec10-05-JS-string.html,e02dab86b3d71e77f57eaa10ec6015728be2b727225ccd7483c56251ee15bcde,879,ACADEMIC_TEACHING,INGESTABLE,academic teaching material,NEEDS_REVIEW,OWNER_PLATFORM_IMPORT_INTENT_RIGHTS_UNVERIFIED
https://cityu-dg.instructure.com,240,Funda. of Internet App. Dev.,lec10-06-JS-string-2.html,69a4bf5fd8e7b5c6dcf21429ef25669276446975cacab4acbe3d5b3fd317b108,259,ACADEMIC_TEACHING,INGESTABLE,academic teaching material,NEEDS_REVIEW,OWNER_PLATFORM_IMPORT_INTENT_RIGHTS_UNVERIFIED
https://cityu-dg.instructure.com,240,Funda. of Internet App. Dev.,lec10-07-JS-byID.html,5804f57e8f1c08a95e60299a93c21e5b2e4bd12bc407ca09fa9cc5ecd7afa353,515,ACADEMIC_TEACHING,INGESTABLE,academic teaching material,NEEDS_REVIEW,OWNER_PLATFORM_IMPORT_INTENT_RIGHTS_UNVERIFIED
https://cityu-dg.instructure.com,240,Funda. of Internet App. Dev.,lec10-08-JS-Query.html,6c4182bdbebda6f02caf3af0163d429f0f5c50e4dea2cd23e953a42eff2961ac,383,ACADEMIC_TEACHING,INGESTABLE,academic teaching material,NEEDS_REVIEW,OWNER_PLATFORM_IMPORT_INTENT_RIGHTS_UNVERIFIED
https://cityu-dg.instructure.com,240,Funda. of Internet App. Dev.,lec10-09-JS-event-attribute.html,6454f6023b2ade7b4cd9533eb0241b77481fdf8eec349a09a5ff7e4cc8c4577f,225,ACADEMIC_TEACHING,INGESTABLE,academic teaching material,NEEDS_REVIEW,OWNER_PLATFORM_IMPORT_INTENT_RIGHTS_UNVERIFIED
https://cityu-dg.instructure.com,240,Funda. of Internet App. Dev.,lec10-10-JS-event-object-18171.html,2f45ca52daf080bcd20c3048832a9b4332487c241d895e519594a64d18641366,250,ACADEMIC_TEACHING,INGESTABLE,academic teaching material,NEEDS_REVIEW,OWNER_PLATFORM_IMPORT_INTENT_RIGHTS_UNVERIFIED
https://cityu-dg.instructure.com,240,Funda. of Internet App. Dev.,lec10-10-JS-event-object.html,ed054725f0c1a30202ca9c1da77f7b9963b36ef09bcfbd489f55055ba208cc3e,238,ACADEMIC_TEACHING,INGESTABLE,academic teaching material,NEEDS_REVIEW,OWNER_PLATFORM_IMPORT_INTENT_RIGHTS_UNVERIFIED
https://cityu-dg.instructure.com,240,Funda. of Internet App. Dev.,lec10-11-JS-event-handler.html,9be3923469c48d442174bf5b8b2c5005e10de546f5127cc88abb3eab32e49321,284,ACADEMIC_TEACHING,INGESTABLE,academic teaching material,NEEDS_REVIEW,OWNER_PLATFORM_IMPORT_INTENT_RIGHTS_UNVERIFIED
https://cityu-dg.instructure.com,240,Funda. of Internet App. Dev.,lec10-12-JS-innerHTML.html,df7278d05a28d594b6f7ab4ee4ed6f8be1a8717c67b4c52bc2f4586d864273a7,276,ACADEMIC_TEACHING,INGESTABLE,academic teaching material,NEEDS_REVIEW,OWNER_PLATFORM_IMPORT_INTENT_RIGHTS_UNVERIFIED
https://cityu-dg.instructure.com,240,Funda. of Internet App. Dev.,lec10-13-JS-attribute.html,5c2df41d5f4108cd5f8ea8fc25f9b1a9dcd5d6b2e56635a8e5a81ccd56f49ee0,409,ACADEMIC_TEACHING,INGESTABLE,academic teaching material,NEEDS_REVIEW,OWNER_PLATFORM_IMPORT_INTENT_RIGHTS_UNVERIFIED
https://cityu-dg.instructure.com,240,Funda. of Internet App. Dev.,lec10-14-JS-name.html,8802920e675192cc2685466c3e665a0d6b0673396f47bb5cbf64fb5c57f9a5e0,1046,ACADEMIC_TEACHING,INGESTABLE,academic teaching material,NEEDS_REVIEW,OWNER_PLATFORM_IMPORT_INTENT_RIGHTS_UNVERIFIED
https://cityu-dg.instructure.com,240,Funda. of Internet App. Dev.,lec10-15-JS-relation.html,eee0d29bb5ebc70a0fa6722cb7ceb4f3ed43e639c9607e833a5c151cd51f2fc1,444,ACADEMIC_TEACHING,INGESTABLE,academic teaching material,NEEDS_REVIEW,OWNER_PLATFORM_IMPORT_INTENT_RIGHTS_UNVERIFIED
https://cityu-dg.instructure.com,240,Funda. of Internet App. Dev.,lec10-16-JS-event-listener.html,72bbca4aa6e7f1f38824ba7ca5d97eed7eb436c598e13759e1408185fa5a4aee,294,ACADEMIC_TEACHING,INGESTABLE,academic teaching material,NEEDS_REVIEW,OWNER_PLATFORM_IMPORT_INTENT_RIGHTS_UNVERIFIED
https://cityu-dg.instructure.com,240,Funda. of Internet App. Dev.,lec10-17-JS-object-this.html,dacc0b001b52695f04b50cd92b0a5b8292e97c8ca5d0d32053d814b7c2aaae69,372,ACADEMIC_TEACHING,INGESTABLE,academic teaching material,NEEDS_REVIEW,OWNER_PLATFORM_IMPORT_INTENT_RIGHTS_UNVERIFIED
https://cityu-dg.instructure.com,240,Funda. of Internet App. Dev.,lec11-01-JS-delete.html,ef1c7113a6ba8c9d1b5e9d09b145891fb1edc9f55d57a2578d7efdbc67af540b,359,ACADEMIC_TEACHING,INGESTABLE,academic teaching material,NEEDS_REVIEW,OWNER_PLATFORM_IMPORT_INTENT_RIGHTS_UNVERIFIED
https://cityu-dg.instructure.com,240,Funda. of Internet App. Dev.,lec11-02-JS-table.html,28d4b7d5a080746c5c088866fda85fcb43cc1811c97d52dc7362db4dd136530e,957,ACADEMIC_TEACHING,INGESTABLE,academic teaching material,NEEDS_REVIEW,OWNER_PLATFORM_IMPORT_INTENT_RIGHTS_UNVERIFIED
https://cityu-dg.instructure.com,240,Funda. of Internet App. Dev.,lec11-03-JS-create.html,ef2f38340f88b4ab8cf3ceb5429555ee8927a43dc24c82f5cf2e23ec10d7683d,545,ACADEMIC_TEACHING,INGESTABLE,academic teaching material,NEEDS_REVIEW,OWNER_PLATFORM_IMPORT_INTENT_RIGHTS_UNVERIFIED
https://cityu-dg.instructure.com,240,Funda. of Internet App. Dev.,lec11-04-JS-innerHTML.html,00f1970ea017088c1249877407cd6ead5d91266aa4339b8ae38cf7ffa94cedc8,375,ACADEMIC_TEACHING,INGESTABLE,academic teaching material,NEEDS_REVIEW,OWNER_PLATFORM_IMPORT_INTENT_RIGHTS_UNVERIFIED
https://cityu-dg.instructure.com,240,Funda. of Internet App. Dev.,lec11-05-JS-innerHTML2.html,8d6c0df8ccd6f47d18bc0968640bf339e45f65dfcb6bd7a59866628b43e18627,515,ACADEMIC_TEACHING,INGESTABLE,academic teaching material,NEEDS_REVIEW,OWNER_PLATFORM_IMPORT_INTENT_RIGHTS_UNVERIFIED
https://cityu-dg.instructure.com,240,Funda. of Internet App. Dev.,lec11-06-JS-innerHTML3.html,0af46c001704fef4dc513007528e0afbfcfe8c6d9475eb724d19669a45b4df5e,2380,ACADEMIC_TEACHING,INGESTABLE,academic teaching material,NEEDS_REVIEW,OWNER_PLATFORM_IMPORT_INTENT_RIGHTS_UNVERIFIED
https://cityu-dg.instructure.com,240,Funda. of Internet App. Dev.,lec11-07-JS-load.html,b168f55dad2aa4df365bd34e76f6bec73e1619d1cbe9ed436f7b715bbd488cce,251,ACADEMIC_TEACHING,INGESTABLE,academic teaching material,NEEDS_REVIEW,OWNER_PLATFORM_IMPORT_INTENT_RIGHTS_UNVERIFIED
https://cityu-dg.instructure.com,240,Funda. of Internet App. Dev.,lec11-08-JS-dynamic-content.html,edd275843f8a9d026c3b4a1eed4938cd81061b3c7f8497f81bb6f64393e68656,1175,ACADEMIC_TEACHING,INGESTABLE,academic teaching material,NEEDS_REVIEW,OWNER_PLATFORM_IMPORT_INTENT_RIGHTS_UNVERIFIED
https://cityu-dg.instructure.com,240,Funda. of Internet App. Dev.,lec11-09-JS-script-video.html,9632be291b63b59a1473e57f8a1fec785deaa03514d02dea833c1a3fdd799e74,1296,ACADEMIC_TEACHING,INGESTABLE,academic teaching material,NEEDS_REVIEW,OWNER_PLATFORM_IMPORT_INTENT_RIGHTS_UNVERIFIED
https://cityu-dg.instructure.com,240,Funda. of Internet App. Dev.,lec11-10-JS-slide-show.html,31e7bdc0ad120d24c6d0d76b1e66c402f48a9753a2e45cd279349a0130de64d0,880,ACADEMIC_TEACHING,INGESTABLE,academic teaching material,NEEDS_REVIEW,OWNER_PLATFORM_IMPORT_INTENT_RIGHTS_UNVERIFIED
https://cityu-dg.instructure.com,240,Funda. of Internet App. Dev.,lec12-01-JS-jQuery.html,1640df59f6a8aa1af40a297f8503779e91fb7ae64eca2b0e7c43375cb6b32fe6,349,ACADEMIC_TEACHING,INGESTABLE,academic teaching material,NEEDS_REVIEW,OWNER_PLATFORM_IMPORT_INTENT_RIGHTS_UNVERIFIED
https://cityu-dg.instructure.com,240,Funda. of Internet App. Dev.,lec12-02-JS-launch.html,da036891fa3b77f806e4958bb68c9c2ec370a9bdb66287ada212ee3709877e4c,525,ACADEMIC_TEACHING,INGESTABLE,academic teaching material,NEEDS_REVIEW,OWNER_PLATFORM_IMPORT_INTENT_RIGHTS_UNVERIFIED
https://cityu-dg.instructure.com,240,Funda. of Internet App. Dev.,loan.png,3188f8cdb1f619c0acf229a900be4c0e0e64c8a0d68311593ef573d91c739ba7,131890,ACADEMIC_TEACHING,DOWNLOAD_ONLY,"unknown format: stored, never counted as learnable material",NEEDS_REVIEW,OWNER_PLATFORM_IMPORT_INTENT_RIGHTS_UNVERIFIED
https://cityu-dg.instructure.com,240,Funda. of Internet App. Dev.,loans.jpg,0aeafa7214a07a19798066193dc07b839e55b10d14db1ad5cd573015dff66251,2316,ACADEMIC_TEACHING,DOWNLOAD_ONLY,"unknown format: stored, never counted as learnable material",NEEDS_REVIEW,OWNER_PLATFORM_IMPORT_INTENT_RIGHTS_UNVERIFIED
https://cityu-dg.instructure.com,240,Funda. of Internet App. Dev.,location.jpg,49086ee1aa4b917dc980905e16d3a657a22e62ca6bb576963ee745830f6bfbc3,208163,ACADEMIC_TEACHING,DOWNLOAD_ONLY,"unknown format: stored, never counted as learnable material",NEEDS_REVIEW,OWNER_PLATFORM_IMPORT_INTENT_RIGHTS_UNVERIFIED
https://cityu-dg.instructure.com,240,Funda. of Internet App. Dev.,logo-3397.jpg,4862d66723d4c0ce209eceb3ee5a20ad497c64eaa6f54fd2ba4cba5cef59267f,5844,ACADEMIC_TEACHING,DOWNLOAD_ONLY,"unknown format: stored, never counted as learnable material",NEEDS_REVIEW,OWNER_PLATFORM_IMPORT_INTENT_RIGHTS_UNVERIFIED
https://cityu-dg.instructure.com,240,Funda. of Internet App. Dev.,logo.jpg,4862d66723d4c0ce209eceb3ee5a20ad497c64eaa6f54fd2ba4cba5cef59267f,5844,ACADEMIC_TEACHING,DOWNLOAD_ONLY,"unknown format: stored, never counted as learnable material",NEEDS_REVIEW,OWNER_PLATFORM_IMPORT_INTENT_RIGHTS_UNVERIFIED
https://cityu-dg.instructure.com,240,Funda. of Internet App. Dev.,logo.png,fa735c3b850c04fc29e3a5e51f43715db8d015e9ba1f101d7ef519faaacb4d52,775121,ACADEMIC_TEACHING,DOWNLOAD_ONLY,"unknown format: stored, never counted as learnable material",NEEDS_REVIEW,OWNER_PLATFORM_IMPORT_INTENT_RIGHTS_UNVERIFIED
https://cityu-dg.instructure.com,240,Funda. of Internet App. Dev.,navStyle-11349.css,9448229250ff4460e7c9b5319b1d7393d7cca61391c89757067d2cbf9339ea79,458,ACADEMIC_TEACHING,INGESTABLE,academic teaching material,NEEDS_REVIEW,OWNER_PLATFORM_IMPORT_INTENT_RIGHTS_UNVERIFIED
https://cityu-dg.instructure.com,240,Funda. of Internet App. Dev.,navStyle-11366.css,9448229250ff4460e7c9b5319b1d7393d7cca61391c89757067d2cbf9339ea79,458,ACADEMIC_TEACHING,INGESTABLE,academic teaching material,NEEDS_REVIEW,OWNER_PLATFORM_IMPORT_INTENT_RIGHTS_UNVERIFIED
https://cityu-dg.instructure.com,240,Funda. of Internet App. Dev.,navStyle-12781.css,9448229250ff4460e7c9b5319b1d7393d7cca61391c89757067d2cbf9339ea79,458,ACADEMIC_TEACHING,INGESTABLE,academic teaching material,NEEDS_REVIEW,OWNER_PLATFORM_IMPORT_INTENT_RIGHTS_UNVERIFIED
https://cityu-dg.instructure.com,240,Funda. of Internet App. Dev.,navStyle-12793.css,9448229250ff4460e7c9b5319b1d7393d7cca61391c89757067d2cbf9339ea79,458,ACADEMIC_TEACHING,INGESTABLE,academic teaching material,NEEDS_REVIEW,OWNER_PLATFORM_IMPORT_INTENT_RIGHTS_UNVERIFIED
https://cityu-dg.instructure.com,240,Funda. of Internet App. Dev.,navStyle-14125.css,9448229250ff4460e7c9b5319b1d7393d7cca61391c89757067d2cbf9339ea79,458,ACADEMIC_TEACHING,INGESTABLE,academic teaching material,NEEDS_REVIEW,OWNER_PLATFORM_IMPORT_INTENT_RIGHTS_UNVERIFIED
https://cityu-dg.instructure.com,240,Funda. of Internet App. Dev.,navStyle-7401.css,f679767709f0499094e85ea6e593288ebddb2bcf351d93c8a96f308f5145972f,376,ACADEMIC_TEACHING,INGESTABLE,academic teaching material,NEEDS_REVIEW,OWNER_PLATFORM_IMPORT_INTENT_RIGHTS_UNVERIFIED
https://cityu-dg.instructure.com,240,Funda. of Internet App. Dev.,navStyle-9098.css,9448229250ff4460e7c9b5319b1d7393d7cca61391c89757067d2cbf9339ea79,458,ACADEMIC_TEACHING,INGESTABLE,academic teaching material,NEEDS_REVIEW,OWNER_PLATFORM_IMPORT_INTENT_RIGHTS_UNVERIFIED
https://cityu-dg.instructure.com,240,Funda. of Internet App. Dev.,navStyle-9107.css,9448229250ff4460e7c9b5319b1d7393d7cca61391c89757067d2cbf9339ea79,458,ACADEMIC_TEACHING,INGESTABLE,academic teaching material,NEEDS_REVIEW,OWNER_PLATFORM_IMPORT_INTENT_RIGHTS_UNVERIFIED
https://cityu-dg.instructure.com,240,Funda. of Internet App. Dev.,navStyle-9118.css,9448229250ff4460e7c9b5319b1d7393d7cca61391c89757067d2cbf9339ea79,458,ACADEMIC_TEACHING,INGESTABLE,academic teaching material,NEEDS_REVIEW,OWNER_PLATFORM_IMPORT_INTENT_RIGHTS_UNVERIFIED
https://cityu-dg.instructure.com,240,Funda. of Internet App. Dev.,navStyle-9129.css,9448229250ff4460e7c9b5319b1d7393d7cca61391c89757067d2cbf9339ea79,458,ACADEMIC_TEACHING,INGESTABLE,academic teaching material,NEEDS_REVIEW,OWNER_PLATFORM_IMPORT_INTENT_RIGHTS_UNVERIFIED
https://cityu-dg.instructure.com,240,Funda. of Internet App. Dev.,navStyle.css,f679767709f0499094e85ea6e593288ebddb2bcf351d93c8a96f308f5145972f,376,ACADEMIC_TEACHING,INGESTABLE,academic teaching material,NEEDS_REVIEW,OWNER_PLATFORM_IMPORT_INTENT_RIGHTS_UNVERIFIED
https://cityu-dg.instructure.com,240,Funda. of Internet App. Dev.,neonlight-11367.css,e74754f5d05d29416b2c1508003fa07975fd140ed7a224f626fe1b7f1c4bdfb0,520,ACADEMIC_TEACHING,INGESTABLE,academic teaching material,NEEDS_REVIEW,OWNER_PLATFORM_IMPORT_INTENT_RIGHTS_UNVERIFIED
https://cityu-dg.instructure.com,240,Funda. of Internet App. Dev.,neonlight-12782.css,8d5010db49087a2f662a0bdfb70e161a257b501e6798124216149ed4f6488df4,10,ACADEMIC_TEACHING,INGESTABLE,academic teaching material,NEEDS_REVIEW,OWNER_PLATFORM_IMPORT_INTENT_RIGHTS_UNVERIFIED
https://cityu-dg.instructure.com,240,Funda. of Internet App. Dev.,neonlight-12794.css,b5a56153b25312c10c2c39aa44ab75d77091e7405deea4b5a946f3e69e9da714,528,ACADEMIC_TEACHING,INGESTABLE,academic teaching material,NEEDS_REVIEW,OWNER_PLATFORM_IMPORT_INTENT_RIGHTS_UNVERIFIED
https://cityu-dg.instructure.com,240,Funda. of Internet App. Dev.,neonlight-14126.css,e74754f5d05d29416b2c1508003fa07975fd140ed7a224f626fe1b7f1c4bdfb0,520,ACADEMIC_TEACHING,INGESTABLE,academic teaching material,NEEDS_REVIEW,OWNER_PLATFORM_IMPORT_INTENT_RIGHTS_UNVERIFIED
https://cityu-dg.instructure.com,240,Funda. of Internet App. Dev.,neonlight.css,e74754f5d05d29416b2c1508003fa07975fd140ed7a224f626fe1b7f1c4bdfb0,520,ACADEMIC_TEACHING,INGESTABLE,academic teaching material,NEEDS_REVIEW,OWNER_PLATFORM_IMPORT_INTENT_RIGHTS_UNVERIFIED
https://cityu-dg.instructure.com,240,Funda. of Internet App. Dev.,print-11351.css,b9d338ad46125a2dec2feddc090b6b7f37db23dd87ae219991918d4a02508f38,87,ACADEMIC_TEACHING,INGESTABLE,academic teaching material,NEEDS_REVIEW,OWNER_PLATFORM_IMPORT_INTENT_RIGHTS_UNVERIFIED
https://cityu-dg.instructure.com,240,Funda. of Internet App. Dev.,print-11368.css,b9d338ad46125a2dec2feddc090b6b7f37db23dd87ae219991918d4a02508f38,87,ACADEMIC_TEACHING,INGESTABLE,academic teaching material,NEEDS_REVIEW,OWNER_PLATFORM_IMPORT_INTENT_RIGHTS_UNVERIFIED
https://cityu-dg.instructure.com,240,Funda. of Internet App. Dev.,print-12783.css,b9d338ad46125a2dec2feddc090b6b7f37db23dd87ae219991918d4a02508f38,87,ACADEMIC_TEACHING,INGESTABLE,academic teaching material,NEEDS_REVIEW,OWNER_PLATFORM_IMPORT_INTENT_RIGHTS_UNVERIFIED
https://cityu-dg.instructure.com,240,Funda. of Internet App. Dev.,print-12795.css,b9d338ad46125a2dec2feddc090b6b7f37db23dd87ae219991918d4a02508f38,87,ACADEMIC_TEACHING,INGESTABLE,academic teaching material,NEEDS_REVIEW,OWNER_PLATFORM_IMPORT_INTENT_RIGHTS_UNVERIFIED
https://cityu-dg.instructure.com,240,Funda. of Internet App. Dev.,print-14127.css,b9d338ad46125a2dec2feddc090b6b7f37db23dd87ae219991918d4a02508f38,87,ACADEMIC_TEACHING,INGESTABLE,academic teaching material,NEEDS_REVIEW,OWNER_PLATFORM_IMPORT_INTENT_RIGHTS_UNVERIFIED
https://cityu-dg.instructure.com,240,Funda. of Internet App. Dev.,print-7402.css,b9d338ad46125a2dec2feddc090b6b7f37db23dd87ae219991918d4a02508f38,87,ACADEMIC_TEACHING,INGESTABLE,academic teaching material,NEEDS_REVIEW,OWNER_PLATFORM_IMPORT_INTENT_RIGHTS_UNVERIFIED
https://cityu-dg.instructure.com,240,Funda. of Internet App. Dev.,print-9099.css,b9d338ad46125a2dec2feddc090b6b7f37db23dd87ae219991918d4a02508f38,87,ACADEMIC_TEACHING,INGESTABLE,academic teaching material,NEEDS_REVIEW,OWNER_PLATFORM_IMPORT_INTENT_RIGHTS_UNVERIFIED
https://cityu-dg.instructure.com,240,Funda. of Internet App. Dev.,print-9108.css,b9d338ad46125a2dec2feddc090b6b7f37db23dd87ae219991918d4a02508f38,87,ACADEMIC_TEACHING,INGESTABLE,academic teaching material,NEEDS_REVIEW,OWNER_PLATFORM_IMPORT_INTENT_RIGHTS_UNVERIFIED
https://cityu-dg.instructure.com,240,Funda. of Internet App. Dev.,print-9119.css,b9d338ad46125a2dec2feddc090b6b7f37db23dd87ae219991918d4a02508f38,87,ACADEMIC_TEACHING,INGESTABLE,academic teaching material,NEEDS_REVIEW,OWNER_PLATFORM_IMPORT_INTENT_RIGHTS_UNVERIFIED
https://cityu-dg.instructure.com,240,Funda. of Internet App. Dev.,print-9130.css,b9d338ad46125a2dec2feddc090b6b7f37db23dd87ae219991918d4a02508f38,87,ACADEMIC_TEACHING,INGESTABLE,academic teaching material,NEEDS_REVIEW,OWNER_PLATFORM_IMPORT_INTENT_RIGHTS_UNVERIFIED
https://cityu-dg.instructure.com,240,Funda. of Internet App. Dev.,print.css,b9d338ad46125a2dec2feddc090b6b7f37db23dd87ae219991918d4a02508f38,87,ACADEMIC_TEACHING,INGESTABLE,academic teaching material,NEEDS_REVIEW,OWNER_PLATFORM_IMPORT_INTENT_RIGHTS_UNVERIFIED
https://cityu-dg.instructure.com,240,Funda. of Internet App. Dev.,quantum.png,0b8b973df8a51e5f4638cc328635125c022da8df5d72caab13487f38a7d335cd,448891,ACADEMIC_TEACHING,DOWNLOAD_ONLY,"unknown format: stored, never counted as learnable material",NEEDS_REVIEW,OWNER_PLATFORM_IMPORT_INTENT_RIGHTS_UNVERIFIED
https://cityu-dg.instructure.com,240,Funda. of Internet App. Dev.,recycle.png,6f6b16f56b155f7f009385bae5301dac51fd505dbfd43eb1aa1b91243430ff51,445970,ACADEMIC_TEACHING,DOWNLOAD_ONLY,"unknown format: stored, never counted as learnable material",NEEDS_REVIEW,OWNER_PLATFORM_IMPORT_INTENT_RIGHTS_UNVERIFIED
https://cityu-dg.instructure.com,240,Funda. of Internet App. Dev.,reset-11352.css,3058b1867b776c3b693a0a615bc786c0855e9d68affe84bf42240eac48b87330,141,ACADEMIC_TEACHING,INGESTABLE,academic teaching material,NEEDS_REVIEW,OWNER_PLATFORM_IMPORT_INTENT_RIGHTS_UNVERIFIED
https://cityu-dg.instructure.com,240,Funda. of Internet App. Dev.,reset-11369.css,3058b1867b776c3b693a0a615bc786c0855e9d68affe84bf42240eac48b87330,141,ACADEMIC_TEACHING,INGESTABLE,academic teaching material,NEEDS_REVIEW,OWNER_PLATFORM_IMPORT_INTENT_RIGHTS_UNVERIFIED
https://cityu-dg.instructure.com,240,Funda. of Internet App. Dev.,reset-12784.css,3058b1867b776c3b693a0a615bc786c0855e9d68affe84bf42240eac48b87330,141,ACADEMIC_TEACHING,INGESTABLE,academic teaching material,NEEDS_REVIEW,OWNER_PLATFORM_IMPORT_INTENT_RIGHTS_UNVERIFIED
https://cityu-dg.instructure.com,240,Funda. of Internet App. Dev.,reset-12796.css,3058b1867b776c3b693a0a615bc786c0855e9d68affe84bf42240eac48b87330,141,ACADEMIC_TEACHING,INGESTABLE,academic teaching material,NEEDS_REVIEW,OWNER_PLATFORM_IMPORT_INTENT_RIGHTS_UNVERIFIED
https://cityu-dg.instructure.com,240,Funda. of Internet App. Dev.,reset-14128.css,3058b1867b776c3b693a0a615bc786c0855e9d68affe84bf42240eac48b87330,141,ACADEMIC_TEACHING,INGESTABLE,academic teaching material,NEEDS_REVIEW,OWNER_PLATFORM_IMPORT_INTENT_RIGHTS_UNVERIFIED
https://cityu-dg.instructure.com,240,Funda. of Internet App. Dev.,reset-7403.css,54ee6f198855d3ea704b6f599985140bf41655b152fea0578c696ebfde187b29,139,ACADEMIC_TEACHING,INGESTABLE,academic teaching material,NEEDS_REVIEW,OWNER_PLATFORM_IMPORT_INTENT_RIGHTS_UNVERIFIED
https://cityu-dg.instructure.com,240,Funda. of Internet App. Dev.,reset-9100.css,3058b1867b776c3b693a0a615bc786c0855e9d68affe84bf42240eac48b87330,141,ACADEMIC_TEACHING,INGESTABLE,academic teaching material,NEEDS_REVIEW,OWNER_PLATFORM_IMPORT_INTENT_RIGHTS_UNVERIFIED
https://cityu-dg.instructure.com,240,Funda. of Internet App. Dev.,reset-9109.css,3058b1867b776c3b693a0a615bc786c0855e9d68affe84bf42240eac48b87330,141,ACADEMIC_TEACHING,INGESTABLE,academic teaching material,NEEDS_REVIEW,OWNER_PLATFORM_IMPORT_INTENT_RIGHTS_UNVERIFIED
https://cityu-dg.instructure.com,240,Funda. of Internet App. Dev.,reset-9120.css,3058b1867b776c3b693a0a615bc786c0855e9d68affe84bf42240eac48b87330,141,ACADEMIC_TEACHING,INGESTABLE,academic teaching material,NEEDS_REVIEW,OWNER_PLATFORM_IMPORT_INTENT_RIGHTS_UNVERIFIED
https://cityu-dg.instructure.com,240,Funda. of Internet App. Dev.,reset-9131.css,3058b1867b776c3b693a0a615bc786c0855e9d68affe84bf42240eac48b87330,141,ACADEMIC_TEACHING,INGESTABLE,academic teaching material,NEEDS_REVIEW,OWNER_PLATFORM_IMPORT_INTENT_RIGHTS_UNVERIFIED
https://cityu-dg.instructure.com,240,Funda. of Internet App. Dev.,reset.css,54ee6f198855d3ea704b6f599985140bf41655b152fea0578c696ebfde187b29,139,ACADEMIC_TEACHING,INGESTABLE,academic teaching material,NEEDS_REVIEW,OWNER_PLATFORM_IMPORT_INTENT_RIGHTS_UNVERIFIED
https://cityu-dg.instructure.com,240,Funda. of Internet App. Dev.,schedule-11354.html,d50d5ea8fcf84c7e7bbc268f0e98647d4a5d13a68b499a3cec90f7e6cd1416fb,7693,ACADEMIC_TEACHING,INGESTABLE,academic teaching material,NEEDS_REVIEW,OWNER_PLATFORM_IMPORT_INTENT_RIGHTS_UNVERIFIED
https://cityu-dg.instructure.com,240,Funda. of Internet App. Dev.,schedule-11371.html,d50d5ea8fcf84c7e7bbc268f0e98647d4a5d13a68b499a3cec90f7e6cd1416fb,7693,ACADEMIC_TEACHING,INGESTABLE,academic teaching material,NEEDS_REVIEW,OWNER_PLATFORM_IMPORT_INTENT_RIGHTS_UNVERIFIED
https://cityu-dg.instructure.com,240,Funda. of Internet App. Dev.,schedule-12785.html,d50d5ea8fcf84c7e7bbc268f0e98647d4a5d13a68b499a3cec90f7e6cd1416fb,7693,ACADEMIC_TEACHING,INGESTABLE,academic teaching material,NEEDS_REVIEW,OWNER_PLATFORM_IMPORT_INTENT_RIGHTS_UNVERIFIED
https://cityu-dg.instructure.com,240,Funda. of Internet App. Dev.,schedule-12797.html,d50d5ea8fcf84c7e7bbc268f0e98647d4a5d13a68b499a3cec90f7e6cd1416fb,7693,ACADEMIC_TEACHING,INGESTABLE,academic teaching material,NEEDS_REVIEW,OWNER_PLATFORM_IMPORT_INTENT_RIGHTS_UNVERIFIED
https://cityu-dg.instructure.com,240,Funda. of Internet App. Dev.,schedule-14130.html,fecf8b7ef160f506a2b1c71946105bf55987b62adfed5d607c6da349df7d8f7b,7634,ACADEMIC_TEACHING,INGESTABLE,academic teaching material,NEEDS_REVIEW,OWNER_PLATFORM_IMPORT_INTENT_RIGHTS_UNVERIFIED
https://cityu-dg.instructure.com,240,Funda. of Internet App. Dev.,schedule-5018.html,2a70de8c4cd999629c322724c4ce64299e862dd936ffa97251f92751ea1d6160,4333,ACADEMIC_TEACHING,INGESTABLE,academic teaching material,NEEDS_REVIEW,OWNER_PLATFORM_IMPORT_INTENT_RIGHTS_UNVERIFIED
https://cityu-dg.instructure.com,240,Funda. of Internet App. Dev.,schedule-7396.html,9c1b56337f655fc75935d062f1f689b924085fb5dccfc562a64514f56aebd417,8019,ACADEMIC_TEACHING,INGESTABLE,academic teaching material,NEEDS_REVIEW,OWNER_PLATFORM_IMPORT_INTENT_RIGHTS_UNVERIFIED
https://cityu-dg.instructure.com,240,Funda. of Internet App. Dev.,schedule-7404.html,8b1d970d916f01bdb2ca5da9c573f70e3c063894a4e919085e4f093061c36e50,8335,ACADEMIC_TEACHING,INGESTABLE,academic teaching material,NEEDS_REVIEW,OWNER_PLATFORM_IMPORT_INTENT_RIGHTS_UNVERIFIED
https://cityu-dg.instructure.com,240,Funda. of Internet App. Dev.,schedule-9101.html,d50d5ea8fcf84c7e7bbc268f0e98647d4a5d13a68b499a3cec90f7e6cd1416fb,7693,ACADEMIC_TEACHING,INGESTABLE,academic teaching material,NEEDS_REVIEW,OWNER_PLATFORM_IMPORT_INTENT_RIGHTS_UNVERIFIED
https://cityu-dg.instructure.com,240,Funda. of Internet App. Dev.,schedule-9110.html,d50d5ea8fcf84c7e7bbc268f0e98647d4a5d13a68b499a3cec90f7e6cd1416fb,7693,ACADEMIC_TEACHING,INGESTABLE,academic teaching material,NEEDS_REVIEW,OWNER_PLATFORM_IMPORT_INTENT_RIGHTS_UNVERIFIED
https://cityu-dg.instructure.com,240,Funda. of Internet App. Dev.,schedule-9121.html,d50d5ea8fcf84c7e7bbc268f0e98647d4a5d13a68b499a3cec90f7e6cd1416fb,7693,ACADEMIC_TEACHING,INGESTABLE,academic teaching material,NEEDS_REVIEW,OWNER_PLATFORM_IMPORT_INTENT_RIGHTS_UNVERIFIED
https://cityu-dg.instructure.com,240,Funda. of Internet App. Dev.,schedule-9132.html,d50d5ea8fcf84c7e7bbc268f0e98647d4a5d13a68b499a3cec90f7e6cd1416fb,7693,ACADEMIC_TEACHING,INGESTABLE,academic teaching material,NEEDS_REVIEW,OWNER_PLATFORM_IMPORT_INTENT_RIGHTS_UNVERIFIED
https://cityu-dg.instructure.com,240,Funda. of Internet App. Dev.,schedule.html,8c8e18d8f5215c47900a2ae6165cb46e0871c4baebec44aa1fc3101ff5333c29,296,ACADEMIC_TEACHING,INGESTABLE,academic teaching material,NEEDS_REVIEW,OWNER_PLATFORM_IMPORT_INTENT_RIGHTS_UNVERIFIED
https://cityu-dg.instructure.com,240,Funda. of Internet App. Dev.,smartcity.png,f4dfd6e3fe3664187dc4e823e79b3c5dfcf5778c9fc808d1b84fd6e14b00e8c7,758337,ACADEMIC_TEACHING,DOWNLOAD_ONLY,"unknown format: stored, never counted as learnable material",NEEDS_REVIEW,OWNER_PLATFORM_IMPORT_INTENT_RIGHTS_UNVERIFIED
https://cityu-dg.instructure.com,240,Funda. of Internet App. Dev.,t5-text1-8023.css,043cd704df84a8bd566a00aa0b6206b12a8743c91cfb9caa4b58d5da12db96cd,398,ACADEMIC_TEACHING,INGESTABLE,academic teaching material,NEEDS_REVIEW,OWNER_PLATFORM_IMPORT_INTENT_RIGHTS_UNVERIFIED
https://cityu-dg.instructure.com,240,Funda. of Internet App. Dev.,t5-text1-8024.html,af61e99691b9deadffcb046eef88361dc22915bc84618dca76172375389c730f,3639,ACADEMIC_TEACHING,INGESTABLE,academic teaching material,NEEDS_REVIEW,OWNER_PLATFORM_IMPORT_INTENT_RIGHTS_UNVERIFIED
https://cityu-dg.instructure.com,240,Funda. of Internet App. Dev.,t5-text1.css,b834bd1916b4472ce6d5d2677e36646531151ffbadac1f59a3379964ff8e5bbd,6,ACADEMIC_TEACHING,INGESTABLE,academic teaching material,NEEDS_REVIEW,OWNER_PLATFORM_IMPORT_INTENT_RIGHTS_UNVERIFIED
https://cityu-dg.instructure.com,240,Funda. of Internet App. Dev.,t5-text1.html,06337faf683a0c22b55ad687ea45ec2fdca3b96f274dc222628541ec2fa26144,3577,ACADEMIC_TEACHING,INGESTABLE,academic teaching material,NEEDS_REVIEW,OWNER_PLATFORM_IMPORT_INTENT_RIGHTS_UNVERIFIED
https://cityu-dg.instructure.com,240,Funda. of Internet App. Dev.,t5-text2-8025.css,53636cab6560f9dbe7025b35bfcb878878c14170f63ba749a5a08c79fa238e3b,369,ACADEMIC_TEACHING,INGESTABLE,academic teaching material,NEEDS_REVIEW,OWNER_PLATFORM_IMPORT_INTENT_RIGHTS_UNVERIFIED
https://cityu-dg.instructure.com,240,Funda. of Internet App. Dev.,t5-text2-8026.html,cc8f4a59a830f619cb8ccf5ba3e6124448fe971814c7655826f40147661a3f91,1392,ACADEMIC_TEACHING,INGESTABLE,academic teaching material,NEEDS_REVIEW,OWNER_PLATFORM_IMPORT_INTENT_RIGHTS_UNVERIFIED
https://cityu-dg.instructure.com,240,Funda. of Internet App. Dev.,t5-text2.css,b834bd1916b4472ce6d5d2677e36646531151ffbadac1f59a3379964ff8e5bbd,6,ACADEMIC_TEACHING,INGESTABLE,academic teaching material,NEEDS_REVIEW,OWNER_PLATFORM_IMPORT_INTENT_RIGHTS_UNVERIFIED
https://cityu-dg.instructure.com,240,Funda. of Internet App. Dev.,t5-text2.html,6dbdb2f4cf6ffebf9b0474019e39f592818711843405901815c0a63b375d711a,1332,ACADEMIC_TEACHING,INGESTABLE,academic teaching material,NEEDS_REVIEW,OWNER_PLATFORM_IMPORT_INTENT_RIGHTS_UNVERIFIED
https://cityu-dg.instructure.com,240,Funda. of Internet App. Dev.,t6a-10213.css,b834bd1916b4472ce6d5d2677e36646531151ffbadac1f59a3379964ff8e5bbd,6,ACADEMIC_TEACHING,INGESTABLE,academic teaching material,NEEDS_REVIEW,OWNER_PLATFORM_IMPORT_INTENT_RIGHTS_UNVERIFIED
https://cityu-dg.instructure.com,240,Funda. of Internet App. Dev.,t6a.css,0abc6d20aeb8eb609a47cced8cd5504644e047f80d5aed6196441cf27e3a6fa1,210,ACADEMIC_TEACHING,INGESTABLE,academic teaching material,NEEDS_REVIEW,OWNER_PLATFORM_IMPORT_INTENT_RIGHTS_UNVERIFIED
https://cityu-dg.instructure.com,240,Funda. of Internet App. Dev.,t6b-10214.css,b834bd1916b4472ce6d5d2677e36646531151ffbadac1f59a3379964ff8e5bbd,6,ACADEMIC_TEACHING,INGESTABLE,academic teaching material,NEEDS_REVIEW,OWNER_PLATFORM_IMPORT_INTENT_RIGHTS_UNVERIFIED
https://cityu-dg.instructure.com,240,Funda. of Internet App. Dev.,t6b.css,81be6bb0f579fc57f722ad97879e1f7a5923f6050d564e3e25e6ebd63794a493,345,ACADEMIC_TEACHING,INGESTABLE,academic teaching material,NEEDS_REVIEW,OWNER_PLATFORM_IMPORT_INTENT_RIGHTS_UNVERIFIED
https://cityu-dg.instructure.com,240,Funda. of Internet App. Dev.,t6c-10215.css,b834bd1916b4472ce6d5d2677e36646531151ffbadac1f59a3379964ff8e5bbd,6,ACADEMIC_TEACHING,INGESTABLE,academic teaching material,NEEDS_REVIEW,OWNER_PLATFORM_IMPORT_INTENT_RIGHTS_UNVERIFIED
https://cityu-dg.instructure.com,240,Funda. of Internet App. Dev.,t6c.css,50375e098a9a56de373f9610fa8c0b28bf1a4f233b028b55dccf4c793a9be06d,346,ACADEMIC_TEACHING,INGESTABLE,academic teaching material,NEEDS_REVIEW,OWNER_PLATFORM_IMPORT_INTENT_RIGHTS_UNVERIFIED
https://cityu-dg.instructure.com,240,Funda. of Internet App. Dev.,t6d-10216.css,b834bd1916b4472ce6d5d2677e36646531151ffbadac1f59a3379964ff8e5bbd,6,ACADEMIC_TEACHING,INGESTABLE,academic teaching material,NEEDS_REVIEW,OWNER_PLATFORM_IMPORT_INTENT_RIGHTS_UNVERIFIED
https://cityu-dg.instructure.com,240,Funda. of Internet App. Dev.,t6d.css,45078bab28616cd1a8b643752441da191cc2e7a05c58b6595f7622edb088e6f9,421,ACADEMIC_TEACHING,INGESTABLE,academic teaching material,NEEDS_REVIEW,OWNER_PLATFORM_IMPORT_INTENT_RIGHTS_UNVERIFIED
https://cityu-dg.instructure.com,240,Funda. of Internet App. Dev.,techwave.png,2d9a96ad573340c533edaecfdad33d07cf37e22cec455cae2f6432c61994a272,391507,ACADEMIC_TEACHING,DOWNLOAD_ONLY,"unknown format: stored, never counted as learnable material",NEEDS_REVIEW,OWNER_PLATFORM_IMPORT_INTENT_RIGHTS_UNVERIFIED
https://cityu-dg.instructure.com,240,Funda. of Internet App. Dev.,trailer.mp4,3b3f4f624f70685adc86bbe69501b37012d3d172d0559fe9ba5eb45f1f460143,5589974,ACADEMIC_TEACHING,DOWNLOAD_ONLY,"no loader can read this format: stored, never counted as learnable material",NEEDS_REVIEW,OWNER_PLATFORM_IMPORT_INTENT_RIGHTS_UNVERIFIED
https://cityu-dg.instructure.com,240,Funda. of Internet App. Dev.,tutorial2-4583.html,94e4627906cbe6f96708ca2b9c096620e1a499a4537fb7683ac8399bceae88f4,1942,ACADEMIC_TEACHING,INGESTABLE,academic teaching material,NEEDS_REVIEW,OWNER_PLATFORM_IMPORT_INTENT_RIGHTS_UNVERIFIED
https://cityu-dg.instructure.com,240,Funda. of Internet App. Dev.,tutorial2.html,491d399be382ddda8484155c9a78bdb29d88918204b1b2bf9157ec3a45af8075,17,ACADEMIC_TEACHING,INGESTABLE,academic teaching material,NEEDS_REVIEW,OWNER_PLATFORM_IMPORT_INTENT_RIGHTS_UNVERIFIED
https://cityu-dg.instructure.com,240,Funda. of Internet App. Dev.,tutorial6-10212.html,c75c6312017e7a2dc532227f949b73c96eb306e28bb1a87bb241d21772c30c1a,2118,ACADEMIC_TEACHING,INGESTABLE,academic teaching material,NEEDS_REVIEW,OWNER_PLATFORM_IMPORT_INTENT_RIGHTS_UNVERIFIED
https://cityu-dg.instructure.com,240,Funda. of Internet App. Dev.,tutorial6.html,241f27fb20d377d98c354760cd5d417c6b4ee71c3433a2866bd46e3be6c24e83,2118,ACADEMIC_TEACHING,INGESTABLE,academic teaching material,NEEDS_REVIEW,OWNER_PLATFORM_IMPORT_INTENT_RIGHTS_UNVERIFIED
https://cityu-dg.instructure.com,240,Funda. of Internet App. Dev.,tutorial7.css,681b3fe6ba3cc0950646e32bd50f04fa20a4d282de29ea2c6007668fd044fd25,772,ACADEMIC_TEACHING,INGESTABLE,academic teaching material,NEEDS_REVIEW,OWNER_PLATFORM_IMPORT_INTENT_RIGHTS_UNVERIFIED
https://cityu-dg.instructure.com,240,Funda. of Internet App. Dev.,tutorial7.html,5ee7d57b8a24f59963f5b99399eb4f5568309bf390c41afaf239515f6bef4aea,1077,ACADEMIC_TEACHING,INGESTABLE,academic teaching material,NEEDS_REVIEW,OWNER_PLATFORM_IMPORT_INTENT_RIGHTS_UNVERIFIED
https://cityu-dg.instructure.com,240,Funda. of Internet App. Dev.,tutorial8-12891.html,891029d152160e361ef1cb9e3ecd5996518a2a962e7cd272127c7df87e65bdd4,1710,ACADEMIC_TEACHING,INGESTABLE,academic teaching material,NEEDS_REVIEW,OWNER_PLATFORM_IMPORT_INTENT_RIGHTS_UNVERIFIED
https://cityu-dg.instructure.com,240,Funda. of Internet App. Dev.,tutorial8.html,80912c7d47a5fb87a7c0877167f0878cf05a9f0436241f1f44e37ec554f0a364,487,ACADEMIC_TEACHING,INGESTABLE,academic teaching material,NEEDS_REVIEW,OWNER_PLATFORM_IMPORT_INTENT_RIGHTS_UNVERIFIED
https://cityu-dg.instructure.com,240,Funda. of Internet App. Dev.,waterwise.png,dbc94424b0fddba183bee78136a1f8dd0ea45e175032b644dca0576ce4f3c7c6,419844,ACADEMIC_TEACHING,DOWNLOAD_ONLY,"unknown format: stored, never counted as learnable material",NEEDS_REVIEW,OWNER_PLATFORM_IMPORT_INTENT_RIGHTS_UNVERIFIED
https://cityu-dg.instructure.com,257,University English I,Academic English - an overview by Stephen Bolton.doc,2b8dbf3d3a9fa5ac830ae2fd0fa56e43078704908cfb5a29939f7e6ec844d386,55808,ACADEMIC_TEACHING,INGESTABLE,academic teaching material,NEEDS_REVIEW,OWNER_PLATFORM_IMPORT_INTENT_RIGHTS_UNVERIFIED
https://cityu-dg.instructure.com,257,University English I,Argumentative Essay Graphic Organiser -2972.pdf,17bd990aa9d745772f843e9023974007097cf48d0264e101e2dcc9c26ec36d5c,27791,ACADEMIC_TEACHING,INGESTABLE,academic teaching material,NEEDS_REVIEW,OWNER_PLATFORM_IMPORT_INTENT_RIGHTS_UNVERIFIED
https://cityu-dg.instructure.com,257,University English I,Argumentative Essay Graphic Organiser .pdf,6dba2d13be0fb03431da9841e2d6a7b6e33dbf081c6a56ce7b3b86a182e4e05c,28737,ACADEMIC_TEACHING,INGESTABLE,academic teaching material,NEEDS_REVIEW,OWNER_PLATFORM_IMPORT_INTENT_RIGHTS_UNVERIFIED
https://cityu-dg.instructure.com,257,University English I,Consultation_Schedule.pdf,6a03baa6b05bed36b531249a78b1fc634a09852fa3fa00803350a9ae56d620d5,115860,ACADEMIC_TEACHING,INGESTABLE,academic teaching material,NEEDS_REVIEW,OWNER_PLATFORM_IMPORT_INTENT_RIGHTS_UNVERIFIED
https://cityu-dg.instructure.com,257,University English I,Data_Visualization_vid.mp4,5b237e277bfe82f10816936348579d4fcfb3657a0869c50b33121749fc9a518c,133587535,ACADEMIC_TEACHING,DOWNLOAD_ONLY,"no loader can read this format: stored, never counted as learnable material",NEEDS_REVIEW,OWNER_PLATFORM_IMPORT_INTENT_RIGHTS_UNVERIFIED
https://cityu-dg.instructure.com,257,University English I,Essay Format Guide.docx,7e655abc112de62d2048ba76502259334af04882522cd8c7234885f72336ec26,19495,ACADEMIC_TEACHING,INGESTABLE,academic teaching material,NEEDS_REVIEW,OWNER_PLATFORM_IMPORT_INTENT_RIGHTS_UNVERIFIED
https://cityu-dg.instructure.com,257,University English I,Fossil Fuel_Infographic_Sample_Summer 2017.pdf,3bfe242b44a64899874d39548e9263ff766832f87d074d9bf43c892315e3f69d,904207,ACADEMIC_TEACHING,INGESTABLE,academic teaching material,NEEDS_REVIEW,OWNER_PLATFORM_IMPORT_INTENT_RIGHTS_UNVERIFIED
https://cityu-dg.instructure.com,257,University English I,GE1401 Course Schedule OverviewDG.docx,eab898ee59ac2ad6f2da28eca926af6f629bb594fd1d7c395479828598030545,29244,ACADEMIC_TEACHING,INGESTABLE,academic teaching material,NEEDS_REVIEW,OWNER_PLATFORM_IMPORT_INTENT_RIGHTS_UNVERIFIED
https://cityu-dg.instructure.com,257,University English I,GE1401 Course Syllabus_DG.docx,9e4963c54c8e9ef459919d30960c5f1d84df5ef3f8a3678c6c58dc55d304f116,37792,ACADEMIC_TEACHING,INGESTABLE,academic teaching material,NEEDS_REVIEW,OWNER_PLATFORM_IMPORT_INTENT_RIGHTS_UNVERIFIED
https://cityu-dg.instructure.com,257,University English I,GE1401 Lesson 1 Course introduction DG.pdf,3914f86599abd10becbaba2e0be96e84ac5b66c324d9253520e65d3ebc728278,9635391,ACADEMIC_TEACHING,INGESTABLE,academic teaching material,NEEDS_REVIEW,OWNER_PLATFORM_IMPORT_INTENT_RIGHTS_UNVERIFIED
https://cityu-dg.instructure.com,257,University English I,GE1401 Lesson 5 Infographic & Writing DG.pdf,ffb45e92f89ea6959dfff83294f55d042bb648ef77435939f01c47f45ef66ba4,1596326,ACADEMIC_TEACHING,INGESTABLE,academic teaching material,NEEDS_REVIEW,OWNER_PLATFORM_IMPORT_INTENT_RIGHTS_UNVERIFIED
https://cityu-dg.instructure.com,257,University English I,GE1401 Needs Analysis Questionnaire.docx,7e05c33d72bab61b3bea96cef2694eef6ea43ef8d125dd21eac8ddddcf0a0cec,38156,ACADEMIC_TEACHING,INGESTABLE,academic teaching material,NEEDS_REVIEW,OWNER_PLATFORM_IMPORT_INTENT_RIGHTS_UNVERIFIED
https://cityu-dg.instructure.com,257,University English I,GE1401 STUDENT rubrics Argumentative Essay.docx,8d4b77d55c5a66025a230a910059eaa5893131ec3861168ea11bf5243568f2a3,21267,ACADEMIC_TEACHING,INGESTABLE,academic teaching material,NEEDS_REVIEW,OWNER_PLATFORM_IMPORT_INTENT_RIGHTS_UNVERIFIED
https://cityu-dg.instructure.com,257,University English I,GE1401 STUDENT rubrics Infographic.docx,fdf96c3ee8c5d06b58c017614b2ba2cd95c22179f2953a64f6edf7248dc1b9fd,21381,ACADEMIC_TEACHING,INGESTABLE,academic teaching material,NEEDS_REVIEW,OWNER_PLATFORM_IMPORT_INTENT_RIGHTS_UNVERIFIED
https://cityu-dg.instructure.com,257,University English I,GE1401 STUDENT rubrics Online Modules.docx,017d461ac770c1d364772f449efd8c90c6235e8b10d03c4d0abcea6217f0bfe6,18238,ACADEMIC_TEACHING,INGESTABLE,academic teaching material,NEEDS_REVIEW,OWNER_PLATFORM_IMPORT_INTENT_RIGHTS_UNVERIFIED
https://cityu-dg.instructure.com,257,University English I,GE1401 STUDENT rubrics Participation.docx,455f1a746cfe74d69ce740afaee45d8b28e3767c56b69a252ff7fea393c40f0d,20010,ACADEMIC_TEACHING,INGESTABLE,academic teaching material,NEEDS_REVIEW,OWNER_PLATFORM_IMPORT_INTENT_RIGHTS_UNVERIFIED
https://cityu-dg.instructure.com,257,University English I,GE1401 STUDENT rubrics Self Assessment-17416.docx,afa69bac31eb00e8ed06d91aa49e853bffa50e9bc164687b73236f3822940861,18727,ACADEMIC_TEACHING,INGESTABLE,academic teaching material,NEEDS_REVIEW,OWNER_PLATFORM_IMPORT_INTENT_RIGHTS_UNVERIFIED
https://cityu-dg.instructure.com,257,University English I,GE1401 STUDENT rubrics Self Assessment.docx,16f3dc3b1e0ca38991053503453ce514e4504416238b287d6d11387afc3ffb95,18437,ACADEMIC_TEACHING,INGESTABLE,academic teaching material,NEEDS_REVIEW,OWNER_PLATFORM_IMPORT_INTENT_RIGHTS_UNVERIFIED
https://cityu-dg.instructure.com,257,University English I,GE1401 Unit 1 DG.docx,391620d9cc85d72c832c29f211ca10b30e9bdaf00a404b53d1e17eedc966274d,47700,ACADEMIC_TEACHING,INGESTABLE,academic teaching material,NEEDS_REVIEW,OWNER_PLATFORM_IMPORT_INTENT_RIGHTS_UNVERIFIED
https://cityu-dg.instructure.com,257,University English I,GE1401 Unit 2 Lib_Wkshp_Infographic_DG.docx,bfc87bc9d1c0b9fa8cdecd28b7d536bd254a1183f0870415cbcb4553f5ddf4ee,24428,ACADEMIC_TEACHING,INGESTABLE,academic teaching material,NEEDS_REVIEW,OWNER_PLATFORM_IMPORT_INTENT_RIGHTS_UNVERIFIED
https://cityu-dg.instructure.com,257,University English I,"GE1401 Unit 6 Arg, Thesis & Org DG.pdf",af6a1aba17dd795cabbd46334090667eabb904202eea98b07dda8e1d22251e94,7980707,ACADEMIC_TEACHING,INGESTABLE,academic teaching material,NEEDS_REVIEW,OWNER_PLATFORM_IMPORT_INTENT_RIGHTS_UNVERIFIED
https://cityu-dg.instructure.com,257,University English I,GE1401 Wk8 -PeerRev & Fdbck DG .pptx,69fa316a80937c0c121ea03069cf49151a45d6c7af7db6444eae22cede83ab7b,285844831,ACADEMIC_TEACHING,INGESTABLE,academic teaching material,NEEDS_REVIEW,OWNER_PLATFORM_IMPORT_INTENT_RIGHTS_UNVERIFIED
https://cityu-dg.instructure.com,257,University English I,GE1401-1001-Schedule.docx,fdd41b3742aaa3dd1d089cd9ab55cbd3aa0f0171e33c753ab34025d708cd7890,18467,ACADEMIC_TEACHING,INGESTABLE,academic teaching material,NEEDS_REVIEW,OWNER_PLATFORM_IMPORT_INTENT_RIGHTS_UNVERIFIED
https://cityu-dg.instructure.com,257,University English I,GE1401-1003-Schedule.docx,b64a3ace4080897ea3055d185abb4e9e13e1978ec3b753465dece8df844391da,18642,ACADEMIC_TEACHING,INGESTABLE,academic teaching material,NEEDS_REVIEW,OWNER_PLATFORM_IMPORT_INTENT_RIGHTS_UNVERIFIED
https://cityu-dg.instructure.com,257,University English I,GE1401-1004-Schedule.docx,4128977abcc5f73f63c06dcf44c464b7db01c532db1061da4190e6ee724f29fa,18802,ACADEMIC_TEACHING,INGESTABLE,academic teaching material,NEEDS_REVIEW,OWNER_PLATFORM_IMPORT_INTENT_RIGHTS_UNVERIFIED
https://cityu-dg.instructure.com,257,University English I,GE1401-1005-Schedule.docx,818252644337dc182332a2ea292e91d9d0fb0393e47eb90c47373f789057fc8a,18636,ACADEMIC_TEACHING,INGESTABLE,academic teaching material,NEEDS_REVIEW,OWNER_PLATFORM_IMPORT_INTENT_RIGHTS_UNVERIFIED
https://cityu-dg.instructure.com,257,University English I,GE1401-1006-Schedule.docx,5ce3f589f5478e57eba76370112d016a86a065c9bddeaf2d3cd8c02c4ae261c9,18530,ACADEMIC_TEACHING,INGESTABLE,academic teaching material,NEEDS_REVIEW,OWNER_PLATFORM_IMPORT_INTENT_RIGHTS_UNVERIFIED
https://cityu-dg.instructure.com,257,University English I,GE1401_Essay_topics_DG.docx,97d6f473009b0d1296a40b79cb2a60d2d399cf5ffd19bccf03c686939b907e87,22178,ACADEMIC_TEACHING,INGESTABLE,academic teaching material,NEEDS_REVIEW,OWNER_PLATFORM_IMPORT_INTENT_RIGHTS_UNVERIFIED
https://cityu-dg.instructure.com,257,University English I,ICE BREAKER Student Bingo DG.docx,87089c20adc9b5c10650bf558ad527124d987d42e654751b56d2df7a61c6e32c,22533,ACADEMIC_TEACHING,INGESTABLE,academic teaching material,NEEDS_REVIEW,OWNER_PLATFORM_IMPORT_INTENT_RIGHTS_UNVERIFIED
https://cityu-dg.instructure.com,257,University English I,IEEE-Editorial-Style.pdf,4891f9e7ae600ddc57628d46b242f5319b8924789841aac33b847001c2bedaba,809723,ACADEMIC_TEACHING,INGESTABLE,academic teaching material,NEEDS_REVIEW,OWNER_PLATFORM_IMPORT_INTENT_RIGHTS_UNVERIFIED
https://cityu-dg.instructure.com,257,University English I,IEEE_Reference_Guide-4248.pdf,aca661c01d54c87e0f6ccf480f28aaad791af85a2848f4bfa7234a2092540321,475442,ACADEMIC_TEACHING,INGESTABLE,academic teaching material,NEEDS_REVIEW,OWNER_PLATFORM_IMPORT_INTENT_RIGHTS_UNVERIFIED
https://cityu-dg.instructure.com,257,University English I,IEEE_Reference_Guide.pdf,aca661c01d54c87e0f6ccf480f28aaad791af85a2848f4bfa7234a2092540321,475442,ACADEMIC_TEACHING,INGESTABLE,academic teaching material,NEEDS_REVIEW,OWNER_PLATFORM_IMPORT_INTENT_RIGHTS_UNVERIFIED
https://cityu-dg.instructure.com,257,University English I,Infographic sample A.pdf,74811f54cea25797cfe6ea1245081e04bad91bbd2b0f641bdea2f5d79bf40ced,6499057,ACADEMIC_TEACHING,INGESTABLE,academic teaching material,NEEDS_REVIEW,OWNER_PLATFORM_IMPORT_INTENT_RIGHTS_UNVERIFIED
https://cityu-dg.instructure.com,257,University English I,Infographic sample B.pdf,27b7ababa1352283272ca35426004d6cac6abf5f4f8329eb57ec136c7097b674,14205694,ACADEMIC_TEACHING,INGESTABLE,academic teaching material,NEEDS_REVIEW,OWNER_PLATFORM_IMPORT_INTENT_RIGHTS_UNVERIFIED
https://cityu-dg.instructure.com,257,University English I,Infographic sample C.pdf,24b7bb5225b37901a87c0a0e559aacec62870d91dc69f5c36d933b691860f990,1519102,ACADEMIC_TEACHING,INGESTABLE,academic teaching material,NEEDS_REVIEW,OWNER_PLATFORM_IMPORT_INTENT_RIGHTS_UNVERIFIED
https://cityu-dg.instructure.com,257,University English I,Intro to Reflection Video.mp4,336988a8440d6672bc13c56d39e02347773678512cc06b73a0adf9a3745209a8,19269963,ACADEMIC_TEACHING,DOWNLOAD_ONLY,"no loader can read this format: stored, never counted as learnable material",NEEDS_REVIEW,OWNER_PLATFORM_IMPORT_INTENT_RIGHTS_UNVERIFIED
https://cityu-dg.instructure.com,257,University English I,Lamott_Shitty First Drafts.pdf,6551913dcef8f49b515dd6d7f7603469a01a362086ad4914b7838f496107b61b,127373,ACADEMIC_TEACHING,INGESTABLE,academic teaching material,NEEDS_REVIEW,OWNER_PLATFORM_IMPORT_INTENT_RIGHTS_UNVERIFIED
https://cityu-dg.instructure.com,257,University English I,MarkMate_malaria.docx,dc255beedc7a224af63cf96dba524376ebf773ab0b5666a52789feade92fb3ea,16503,ACADEMIC_TEACHING,INGESTABLE,academic teaching material,NEEDS_REVIEW,OWNER_PLATFORM_IMPORT_INTENT_RIGHTS_UNVERIFIED
https://cityu-dg.instructure.com,257,University English I,Minimum Wage in HK_Infographic_Sample_Summer 2017.pdf,f00356cbad6adc1d35ff5f2436a71b90c86fb331ba9cec673916b30e26e623ae,970277,ACADEMIC_TEACHING,INGESTABLE,academic teaching material,NEEDS_REVIEW,OWNER_PLATFORM_IMPORT_INTENT_RIGHTS_UNVERIFIED
https://cityu-dg.instructure.com,257,University English I,Nov.14.pdf,e61a17129ece2204eca73b6ca02e2ade395c25a64f0404bc2562f9f1af7cea61,790000,ACADEMIC_TEACHING,INGESTABLE,academic teaching material,NEEDS_REVIEW,OWNER_PLATFORM_IMPORT_INTENT_RIGHTS_UNVERIFIED
https://cityu-dg.instructure.com,257,University English I,Overpopulation_Infographic_Sample_Summer 2017.pdf,0c3d21bdc9d480d294432a4a76052f5efc0bc0e69b0ef5d771aec25844139a3e,390395,ACADEMIC_TEACHING,INGESTABLE,academic teaching material,NEEDS_REVIEW,OWNER_PLATFORM_IMPORT_INTENT_RIGHTS_UNVERIFIED
https://cityu-dg.instructure.com,257,University English I,UNIT 13 Reflection DG.docx,8a173686b85100256b00b92ef8da720fe90a1690c041d05ffba210cd9f31be9a,34555,ACADEMIC_TEACHING,INGESTABLE,academic teaching material,NEEDS_REVIEW,OWNER_PLATFORM_IMPORT_INTENT_RIGHTS_UNVERIFIED
https://cityu-dg.instructure.com,257,University English I,Unit 10 Review_Prax_Revision_DG.docx,aeb61feb55050a8e30a49ba4ec546e5a1dacb136310e07fcc992a1f86c0937c4,34253,ACADEMIC_TEACHING,INGESTABLE,academic teaching material,NEEDS_REVIEW,OWNER_PLATFORM_IMPORT_INTENT_RIGHTS_UNVERIFIED
https://cityu-dg.instructure.com,257,University English I,Unit 11 Tools for Revision.docx,a5933edf080321f60ea422d3659b856d8550a1b90930c5e9825ce5ad6f47cd6a,23410,ACADEMIC_TEACHING,INGESTABLE,academic teaching material,NEEDS_REVIEW,OWNER_PLATFORM_IMPORT_INTENT_RIGHTS_UNVERIFIED
https://cityu-dg.instructure.com,257,University English I,Unit 12 Local Revision.docx,e71bbc36addab0d251bd96799329977847218ff333200e4ef597c7f040e37537,19337,ACADEMIC_TEACHING,INGESTABLE,academic teaching material,NEEDS_REVIEW,OWNER_PLATFORM_IMPORT_INTENT_RIGHTS_UNVERIFIED
https://cityu-dg.instructure.com,257,University English I,Unit 3 Data Rep & Commentary DG.docx,95c93da83378602eaaa31480278e94b108c41514d43ea6068fe6799852d1d288,25939,ACADEMIC_TEACHING,INGESTABLE,academic teaching material,NEEDS_REVIEW,OWNER_PLATFORM_IMPORT_INTENT_RIGHTS_UNVERIFIED
https://cityu-dg.instructure.com,257,University English I,Unit 4 Use & Report Sources DG.docx,8d89a2f554d9903a5bcfdbce4c6cce2d3492af06cd0f61bba4cdf7898323202c,35418,ACADEMIC_TEACHING,INGESTABLE,academic teaching material,NEEDS_REVIEW,OWNER_PLATFORM_IMPORT_INTENT_RIGHTS_UNVERIFIED
https://cityu-dg.instructure.com,257,University English I,Unit 5 Infog Share & Process Writing DG.docx,b5d483509164f8e98bfbb4a92085def1f7c257cd786ad8cdf2b303545c1c01f1,406109,ACADEMIC_TEACHING,INGESTABLE,academic teaching material,NEEDS_REVIEW,OWNER_PLATFORM_IMPORT_INTENT_RIGHTS_UNVERIFIED
https://cityu-dg.instructure.com,257,University English I,Unit 6 Argument Evidence & Org DG.docx,98e3e4b9dc03eba0cdc1d3e052e256b43a7f9db6fb49958c157b7e78cd0e4a4a,35457,ACADEMIC_TEACHING,INGESTABLE,academic teaching material,NEEDS_REVIEW,OWNER_PLATFORM_IMPORT_INTENT_RIGHTS_UNVERIFIED
https://cityu-dg.instructure.com,257,University English I,Unit 7 Paragraphing and Cohesion DG.docx,52b77ac1304f4573fc78602c2d767d0c438dc7a4f082977d419e1a1a376a503a,42964,ACADEMIC_TEACHING,INGESTABLE,academic teaching material,NEEDS_REVIEW,OWNER_PLATFORM_IMPORT_INTENT_RIGHTS_UNVERIFIED
https://cityu-dg.instructure.com,257,University English I,Unit 8 Peer Rev & Critical Read DG.docx,f09353f0255c210d213b4b0c21d4b0c23d4ad315a45a9ee73b09050ad580f76f,30881,ACADEMIC_TEACHING,INGESTABLE,academic teaching material,NEEDS_REVIEW,OWNER_PLATFORM_IMPORT_INTENT_RIGHTS_UNVERIFIED
https://cityu-dg.instructure.com,257,University English I,Unit 9 Stance Style and Register DG.docx,7d7db32792def762b75d764d1f2950492e00d97e17055e504ac68f2ce095e6b9,36374,ACADEMIC_TEACHING,INGESTABLE,academic teaching material,NEEDS_REVIEW,OWNER_PLATFORM_IMPORT_INTENT_RIGHTS_UNVERIFIED
https://cityu-dg.instructure.com,257,University English I,Visme_vid-5337.mp4,afe01060806dd6f02403504e9963b42875b055a024740e382131cf983fa4cb2e,30488167,ACADEMIC_TEACHING,DOWNLOAD_ONLY,"no loader can read this format: stored, never counted as learnable material",NEEDS_REVIEW,OWNER_PLATFORM_IMPORT_INTENT_RIGHTS_UNVERIFIED
https://cityu-dg.instructure.com,257,University English I,Visme_vid.mp4,afe01060806dd6f02403504e9963b42875b055a024740e382131cf983fa4cb2e,30488167,ACADEMIC_TEACHING,DOWNLOAD_ONLY,"no loader can read this format: stored, never counted as learnable material",NEEDS_REVIEW,OWNER_PLATFORM_IMPORT_INTENT_RIGHTS_UNVERIFIED
https://cityu-dg.instructure.com,257,University English I,Writer Spills Secrets.docx,0263c5a520bcf4dd06a7c9149b45fbd76d2a19946db2bb9c7d3f9c5bd3c1e22b,15695,ACADEMIC_TEACHING,INGESTABLE,academic teaching material,NEEDS_REVIEW,OWNER_PLATFORM_IMPORT_INTENT_RIGHTS_UNVERIFIED
https://cityu-dg.instructure.com,268,Fundamentals of Advertising,A_Questioning_Route.pdf,d770a89df36dda0a10a623dc9b4490f250a7ac178437f5ef5d4e7c7caec4b2f6,257509,ACADEMIC_TEACHING,INGESTABLE,academic teaching material,NEEDS_REVIEW,OWNER_PLATFORM_IMPORT_INTENT_RIGHTS_UNVERIFIED
https://cityu-dg.instructure.com,268,Fundamentals of Advertising,Case Study Group Assignment.pdf,b46ec429d4459356a515bca6f59329fb6ed6ff84d112db8d06ea19a680f1ecc7,85828,ACADEMIC_TEACHING,INGESTABLE,academic teaching material,NEEDS_REVIEW,OWNER_PLATFORM_IMPORT_INTENT_RIGHTS_UNVERIFIED
https://cityu-dg.instructure.com,268,Fundamentals of Advertising,Final Project.pdf,705a063e0d7b5317a5af32c7645fcdc5d192de2546e5bca6ac27e93fb4ab68e1,87407,ACADEMIC_TEACHING,BLOCKED,"ASSESSMENT_MATERIAL: an exam, quiz or marking document needs the owner's decision",BLOCKED_NEEDS_OWNER_DECISION,OWNER_PLATFORM_IMPORT_INTENT_RIGHTS_UNVERIFIED
https://cityu-dg.instructure.com,268,Fundamentals of Advertising,GE2001 2024 Fall.pdf,12f8e1cbfbbc56bfd9697ea61df4ddb82e7d7a16c9ee1ef4e00e530c0fa1a820,136013,ACADEMIC_TEACHING,INGESTABLE,academic teaching material,NEEDS_REVIEW,OWNER_PLATFORM_IMPORT_INTENT_RIGHTS_UNVERIFIED
https://cityu-dg.instructure.com,268,Fundamentals of Advertising,Hallmark_Case_Study.pdf,9f58ab8a8c44e75bd528b15f61e088a97df3b4ff341311f694a1c9dfd2bce488,504135,ACADEMIC_TEACHING,INGESTABLE,academic teaching material,NEEDS_REVIEW,OWNER_PLATFORM_IMPORT_INTENT_RIGHTS_UNVERIFIED
https://cityu-dg.instructure.com,268,Fundamentals of Advertising,Week 1 Intro to Advertising.pdf,0831a41b9fb0db0225fe1514a57cf1259bdb2e39e9e1c45f8977b8a63679b3e2,4665811,ACADEMIC_TEACHING,INGESTABLE,academic teaching material,NEEDS_REVIEW,OWNER_PLATFORM_IMPORT_INTENT_RIGHTS_UNVERIFIED
https://cityu-dg.instructure.com,268,Fundamentals of Advertising,Week 10 influencer marketing.pdf,1c25bb550477242c90386cd4190d81eee7fdb4084a70c7815279d9166ecaee06,4644568,ACADEMIC_TEACHING,INGESTABLE,academic teaching material,NEEDS_REVIEW,OWNER_PLATFORM_IMPORT_INTENT_RIGHTS_UNVERIFIED
https://cityu-dg.instructure.com,268,Fundamentals of Advertising,Week 2 Branding.pdf,b8418b961c0f1609fe315af6761ffdd870026d5a34cba231276007009a0efbde,3755120,ACADEMIC_TEACHING,INGESTABLE,academic teaching material,NEEDS_REVIEW,OWNER_PLATFORM_IMPORT_INTENT_RIGHTS_UNVERIFIED
https://cityu-dg.instructure.com,268,Fundamentals of Advertising,Week 3 Strategic Planning.pdf,b723ab84f422347154ece3b14dfb7b6a6dd6dfe515da32a0503aa461b91f79c6,2407242,ACADEMIC_TEACHING,INGESTABLE,academic teaching material,NEEDS_REVIEW,OWNER_PLATFORM_IMPORT_INTENT_RIGHTS_UNVERIFIED
https://cityu-dg.instructure.com,268,Fundamentals of Advertising,Week 4 Audience Targeting.pdf,6a7b68ffd7de69c9252315ebe2179db8b82e35e7bfc717153f4aab4e61b30e3d,1646262,ACADEMIC_TEACHING,INGESTABLE,academic teaching material,NEEDS_REVIEW,OWNER_PLATFORM_IMPORT_INTENT_RIGHTS_UNVERIFIED
https://cityu-dg.instructure.com,268,Fundamentals of Advertising,Week 5 Evaluating Effectiveness.pdf,a84545dc4b623640c0f4ca878273319e0162881c72c3221e4fc1dcd0360d2937,3624759,ACADEMIC_TEACHING,INGESTABLE,academic teaching material,NEEDS_REVIEW,OWNER_PLATFORM_IMPORT_INTENT_RIGHTS_UNVERIFIED
https://cityu-dg.instructure.com,268,Fundamentals of Advertising,Week 8 Media Planning.pdf,65e05c9c061418716f41fd29535ddcf747eb22fbb03f952350686ac14a3863ac,3638224,ACADEMIC_TEACHING,INGESTABLE,academic teaching material,NEEDS_REVIEW,OWNER_PLATFORM_IMPORT_INTENT_RIGHTS_UNVERIFIED
https://cityu-dg.instructure.com,268,Fundamentals of Advertising,Week 9 Creativity.pdf,548dc7f4d3ec01d3f521cbe776d67170de22c83dfdbaf1ea8f82d70af7e10a8d,6123630,ACADEMIC_TEACHING,INGESTABLE,academic teaching material,NEEDS_REVIEW,OWNER_PLATFORM_IMPORT_INTENT_RIGHTS_UNVERIFIED
https://cityu-dg.instructure.com,268,Fundamentals of Advertising,creative brief examples.pdf,343c74c04b6458c9790734cef8f606048cb70f3d77097d88bdc158a174ba3fd8,577002,ACADEMIC_TEACHING,INGESTABLE,academic teaching material,NEEDS_REVIEW,OWNER_PLATFORM_IMPORT_INTENT_RIGHTS_UNVERIFIED
https://cityu-dg.instructure.com,268,Fundamentals of Advertising,sample_moderators_guide.pdf,a6db479749d341b930c63b90ad60ad6ff8ab2b0a596245abb203cc8fcb5de7ea,26689,ACADEMIC_TEACHING,INGESTABLE,academic teaching material,NEEDS_REVIEW,OWNER_PLATFORM_IMPORT_INTENT_RIGHTS_UNVERIFIED
https://cityu-dg.instructure.com,268,Fundamentals of Advertising,wk11 future of advertising.pdf,1e4d002ecc687df16264a28355afe186258dbda0f34ec734bdaddcfff7dd39a4,4083681,ACADEMIC_TEACHING,INGESTABLE,academic teaching material,NEEDS_REVIEW,OWNER_PLATFORM_IMPORT_INTENT_RIGHTS_UNVERIFIED
https://cityu-dg.instructure.com,308,Persuasion in Everyday Life,1st reading 2425b.pdf,29a436aeb3b8f69d403690781563e19d7365fad1f91ef927265a8892a00e59fa,131374,ACADEMIC_TEACHING,INGESTABLE,academic teaching material,NEEDS_REVIEW,OWNER_PLATFORM_IMPORT_INTENT_RIGHTS_UNVERIFIED
https://cityu-dg.instructure.com,308,Persuasion in Everyday Life,2425b Lecture 1 - Introduction to Persuasion.pdf,ddfb8d9855938a67b46d6150a4b890adda3cf0845eb428e548d929020a19a5b9,1978804,ACADEMIC_TEACHING,INGESTABLE,academic teaching material,NEEDS_REVIEW,OWNER_PLATFORM_IMPORT_INTENT_RIGHTS_UNVERIFIED
https://cityu-dg.instructure.com,308,Persuasion in Everyday Life,2425b Lecture 1 - Introduction to Persuasion.pptx,e72669cafdb0d642740be5b99c46cc121896988e93eb22719226818c81ad6903,3181849,ACADEMIC_TEACHING,INGESTABLE,academic teaching material,NEEDS_REVIEW,OWNER_PLATFORM_IMPORT_INTENT_RIGHTS_UNVERIFIED
https://cityu-dg.instructure.com,308,Persuasion in Everyday Life,2425b Lecture 10 Resistance.pdf,c5daa5e1c0e689afcf9e52d6a652b26cd9db3a4a65eaab85c1cc149b817b53e7,316908,ACADEMIC_TEACHING,INGESTABLE,academic teaching material,NEEDS_REVIEW,OWNER_PLATFORM_IMPORT_INTENT_RIGHTS_UNVERIFIED
https://cityu-dg.instructure.com,308,Persuasion in Everyday Life,2425b Lecture 10 Resistance.pptx,a03d4decf0cb695a2e4d7b0eab8f91b08fc5e9e252ef38f8aaecfa747fb9e36c,141235,ACADEMIC_TEACHING,INGESTABLE,academic teaching material,NEEDS_REVIEW,OWNER_PLATFORM_IMPORT_INTENT_RIGHTS_UNVERIFIED
https://cityu-dg.instructure.com,308,Persuasion in Everyday Life,2425b Lecture 11 - ethical persuasion.pdf,437272d79e7d4bf6ee1a9e64bb3c950135a985b0677744f068c64fbad1319e75,762843,ACADEMIC_TEACHING,INGESTABLE,academic teaching material,NEEDS_REVIEW,OWNER_PLATFORM_IMPORT_INTENT_RIGHTS_UNVERIFIED
https://cityu-dg.instructure.com,308,Persuasion in Everyday Life,2425b Lecture 11 - ethical persuasion.pptx,c1de0686eaeac14702d8b9d98682177ff78f2601123697c33f2bb9dbc09a67c3,4471305,ACADEMIC_TEACHING,INGESTABLE,academic teaching material,NEEDS_REVIEW,OWNER_PLATFORM_IMPORT_INTENT_RIGHTS_UNVERIFIED
https://cityu-dg.instructure.com,308,Persuasion in Everyday Life,2425b Lecture 2 Audience analysis.pdf,70f7392ab9ebd78c34d9e1d7ce6d673e2e7dfc407875ccb84fda7faff9c386fa,1499401,ACADEMIC_TEACHING,INGESTABLE,academic teaching material,NEEDS_REVIEW,OWNER_PLATFORM_IMPORT_INTENT_RIGHTS_UNVERIFIED
https://cityu-dg.instructure.com,308,Persuasion in Everyday Life,2425b Lecture 2 Audience analysis.pptx,f5be1c4d35b75753444d32abf8dc47a99006b32555ceeb26ecf2c621fa71eebb,2616522,ACADEMIC_TEACHING,INGESTABLE,academic teaching material,NEEDS_REVIEW,OWNER_PLATFORM_IMPORT_INTENT_RIGHTS_UNVERIFIED
https://cityu-dg.instructure.com,308,Persuasion in Everyday Life,2425b Lecture 3 Theories of Persuasion.pdf,993577fcdffebce8a8f02a6bdc1e118c9b013cf47a1c9e58fe24aeb629f79769,987463,ACADEMIC_TEACHING,INGESTABLE,academic teaching material,NEEDS_REVIEW,OWNER_PLATFORM_IMPORT_INTENT_RIGHTS_UNVERIFIED
https://cityu-dg.instructure.com,308,Persuasion in Everyday Life,2425b Lecture 3 Theories of Persuasion.pptx,1c72f3629ff09f53f0758a671d1aa9d43d0dec3623c55a888990432642b3f9b4,3301611,ACADEMIC_TEACHING,INGESTABLE,academic teaching material,NEEDS_REVIEW,OWNER_PLATFORM_IMPORT_INTENT_RIGHTS_UNVERIFIED
https://cityu-dg.instructure.com,308,Persuasion in Everyday Life,2425b Lecture 4 and 5 Logos Strategy.pdf,a2201a5e3f1257791db006fea2d5e87aadb06ed3ad32963c8413ff7ae4d1847c,584702,ACADEMIC_TEACHING,INGESTABLE,academic teaching material,NEEDS_REVIEW,OWNER_PLATFORM_IMPORT_INTENT_RIGHTS_UNVERIFIED
https://cityu-dg.instructure.com,308,Persuasion in Everyday Life,2425b Lecture 4 and 5 Logos Strategy.pptx,4f004310bacdd26ed983fd68a3ae3664677f3047361263a554d1638af6192f65,856079,ACADEMIC_TEACHING,INGESTABLE,academic teaching material,NEEDS_REVIEW,OWNER_PLATFORM_IMPORT_INTENT_RIGHTS_UNVERIFIED
https://cityu-dg.instructure.com,308,Persuasion in Everyday Life,2425b Lecture 6 Pathos Strategy.pdf,9f0f991cf390298211abb4c2cfc2eb0e9ca219c6ad870cd50422479d9b0723bd,1129051,ACADEMIC_TEACHING,INGESTABLE,academic teaching material,NEEDS_REVIEW,OWNER_PLATFORM_IMPORT_INTENT_RIGHTS_UNVERIFIED
https://cityu-dg.instructure.com,308,Persuasion in Everyday Life,2425b Lecture 6 Pathos Strategy.pptx,9831c1e71d5d0a221b981ae8ad70e449caa95ea33eb069d2ec0d85b6685acd2c,1255011,ACADEMIC_TEACHING,INGESTABLE,academic teaching material,NEEDS_REVIEW,OWNER_PLATFORM_IMPORT_INTENT_RIGHTS_UNVERIFIED
https://cityu-dg.instructure.com,308,Persuasion in Everyday Life,2425b Lecture 7 Ethos Strategy.pdf,e4d7ae3f790b431128b32624b3d6d54e152881bfa8ec50c3e3ee6f9e2e478479,2963127,ACADEMIC_TEACHING,INGESTABLE,academic teaching material,NEEDS_REVIEW,OWNER_PLATFORM_IMPORT_INTENT_RIGHTS_UNVERIFIED
https://cityu-dg.instructure.com,308,Persuasion in Everyday Life,2425b Lecture 7 Ethos Strategy.pptx,690b24ca6b003b95c68d9376c46ac586c54206b41157ab7c27d81606732ab97a,6246390,ACADEMIC_TEACHING,INGESTABLE,academic teaching material,NEEDS_REVIEW,OWNER_PLATFORM_IMPORT_INTENT_RIGHTS_UNVERIFIED
https://cityu-dg.instructure.com,308,Persuasion in Everyday Life,2425b Lecture 8 - Persuasion in Interperson Context.pdf,c66dc8e6928d0342fcd515cdc6affe305d33b0598f9591545367a07142731173,643713,ACADEMIC_TEACHING,INGESTABLE,academic teaching material,NEEDS_REVIEW,OWNER_PLATFORM_IMPORT_INTENT_RIGHTS_UNVERIFIED
https://cityu-dg.instructure.com,308,Persuasion in Everyday Life,2425b Lecture 8 - Persuasion in Interperson Context.pptx,b0ec16088b4f428692ab338634cae93c3b06639df8f8c4618bfa474bcd4e0007,1572674,ACADEMIC_TEACHING,INGESTABLE,academic teaching material,NEEDS_REVIEW,OWNER_PLATFORM_IMPORT_INTENT_RIGHTS_UNVERIFIED
https://cityu-dg.instructure.com,308,Persuasion in Everyday Life,2425b Lecture 9 - Persuasion in Business Context.pdf,d1385f810e9758e0804482b0d9a1f54bc4ab8d2879253c6a05a2187e1c77c80e,1200224,ACADEMIC_TEACHING,INGESTABLE,academic teaching material,NEEDS_REVIEW,OWNER_PLATFORM_IMPORT_INTENT_RIGHTS_UNVERIFIED
https://cityu-dg.instructure.com,308,Persuasion in Everyday Life,2425b Lecture 9 - Persuasion in Business Context.pptx,706b4eb65860eac4fe20fe38e119fd0acce64d2bf281e5f3e4d5759fcc65336b,2509537,ACADEMIC_TEACHING,INGESTABLE,academic teaching material,NEEDS_REVIEW,OWNER_PLATFORM_IMPORT_INTENT_RIGHTS_UNVERIFIED
https://cityu-dg.instructure.com,308,Persuasion in Everyday Life,CityUDG Project I (all).pdf,0c6eb422f7b7e11f0d1556ff2cb1f03e6d0505e8a45d9eda0295e81d22d2825a,2126563,ACADEMIC_TEACHING,INGESTABLE,academic teaching material,NEEDS_REVIEW,OWNER_PLATFORM_IMPORT_INTENT_RIGHTS_UNVERIFIED
https://cityu-dg.instructure.com,308,Persuasion in Everyday Life,Peer Evaluation Form-1.docx,f6c4e1753d460d92d4c616546f56d4e4bebc1ac816c20d3bcf481a406331f8ee,18013,ACADEMIC_TEACHING,INGESTABLE,academic teaching material,NEEDS_REVIEW,OWNER_PLATFORM_IMPORT_INTENT_RIGHTS_UNVERIFIED
https://cityu-dg.instructure.com,308,Persuasion in Everyday Life,Peer Evaluation Form-43926.docx,f6c4e1753d460d92d4c616546f56d4e4bebc1ac816c20d3bcf481a406331f8ee,18013,ACADEMIC_TEACHING,INGESTABLE,academic teaching material,NEEDS_REVIEW,OWNER_PLATFORM_IMPORT_INTENT_RIGHTS_UNVERIFIED
https://cityu-dg.instructure.com,308,Persuasion in Everyday Life,Peer Evaluation Form.docx,7e7dad729c205c5c7f83299e1ebfe0f2a7d6bc39620df0d6774fd9e963899c0a,17889,ACADEMIC_TEACHING,INGESTABLE,academic teaching material,NEEDS_REVIEW,OWNER_PLATFORM_IMPORT_INTENT_RIGHTS_UNVERIFIED
https://cityu-dg.instructure.com,308,Persuasion in Everyday Life,Revised GE2248 2425b course outline DG (Exam 40%).pdf,2f3ed7c8332232db18823814696d453c5366b345a8ed5aaf77fd15b86f1704ef,349342,ACADEMIC_TEACHING,BLOCKED,"ASSESSMENT_MATERIAL: an exam, quiz or marking document needs the owner's decision",BLOCKED_NEEDS_OWNER_DECISION,OWNER_PLATFORM_IMPORT_INTENT_RIGHTS_UNVERIFIED
https://cityu-dg.instructure.com,308,Persuasion in Everyday Life,Team List Form.docx,547d2c3d57fce1f4b8c41ced49eefd7f1169a2202f4c5a8b741c8567cf1615b5,19489,ACADEMIC_TEACHING,INGESTABLE,academic teaching material,NEEDS_REVIEW,OWNER_PLATFORM_IMPORT_INTENT_RIGHTS_UNVERIFIED
https://cityu-dg.instructure.com,308,Persuasion in Everyday Life,Video 1 - Victim 1.mp4,1319cb342a23c7d2cd8e57540e6ef737ecafa8ee228fbbd1a798f901561e5515,19687132,ACADEMIC_TEACHING,DOWNLOAD_ONLY,"no loader can read this format: stored, never counted as learnable material",NEEDS_REVIEW,OWNER_PLATFORM_IMPORT_INTENT_RIGHTS_UNVERIFIED
https://cityu-dg.instructure.com,308,Persuasion in Everyday Life,Video 2 - Victim 2.mp4,bf29c585311687e907e428811f999e8fa3871f5c97acd90c056546b8566bf576,9056088,ACADEMIC_TEACHING,DOWNLOAD_ONLY,"no loader can read this format: stored, never counted as learnable material",NEEDS_REVIEW,OWNER_PLATFORM_IMPORT_INTENT_RIGHTS_UNVERIFIED
https://cityu-dg.instructure.com,308,Persuasion in Everyday Life,Video 3 - Victim 3.mp4,8e24c722e7f472a055c3d7d249841d8e8b2ea05a4c87f1ed0b2e1bdc2d03bbe4,9101324,ACADEMIC_TEACHING,DOWNLOAD_ONLY,"no loader can read this format: stored, never counted as learnable material",NEEDS_REVIEW,OWNER_PLATFORM_IMPORT_INTENT_RIGHTS_UNVERIFIED
https://cityu-dg.instructure.com,308,Persuasion in Everyday Life,Video 4 - How does it work.mp4,43139b051c85fc67e74005016a11d852fd4d3953788999e5867344613b32b867,24077934,ACADEMIC_TEACHING,DOWNLOAD_ONLY,"no loader can read this format: stored, never counted as learnable material",NEEDS_REVIEW,OWNER_PLATFORM_IMPORT_INTENT_RIGHTS_UNVERIFIED
https://cityu-dg.instructure.com,308,Persuasion in Everyday Life,guidelines-on-the-use-of-generative-ai-tools-in-teaching-and-learning-student.pdf,bd238e289a2b9d56e075cbb1a201d0e98547b70ccd77f257d6d07d25b593b888,107885,ACADEMIC_TEACHING,INGESTABLE,academic teaching material,NEEDS_REVIEW,OWNER_PLATFORM_IMPORT_INTENT_RIGHTS_UNVERIFIED
https://cityu-dg.instructure.com,308,Persuasion in Everyday Life,lecture 7 supplementary reading for Ethos.docx,d970c1de678e1c5c191420009e26770454e71b1de9e750adab299c2241ca2f6e,21389,ACADEMIC_TEACHING,INGESTABLE,academic teaching material,NEEDS_REVIEW,OWNER_PLATFORM_IMPORT_INTENT_RIGHTS_UNVERIFIED
https://cityu-dg.instructure.com,308,Persuasion in Everyday Life,unavailable timeslot.docx,3bdfe95062f733645d4114d997ee83f857122ddb9057487e3697312b1b9d0952,152797,ACADEMIC_TEACHING,INGESTABLE,academic teaching material,NEEDS_REVIEW,OWNER_PLATFORM_IMPORT_INTENT_RIGHTS_UNVERIFIED
https://cityu-dg.instructure.com,317,AI-Past Present and Future,24March2025LeCun&FeiFei.docx,b25db745fd5adbae4cf506ea8d493b03751a5e1c871927c8aae5e304bee8a5ed,36454,ACADEMIC_TEACHING,INGESTABLE,academic teaching material,NEEDS_REVIEW,OWNER_PLATFORM_IMPORT_INTENT_RIGHTS_UNVERIFIED
https://cityu-dg.instructure.com,317,AI-Past Present and Future,31Mar2023Hinton_From Neural Networks to Human Values.docx,6a8607d0110da08cd9ed8daab101b062b54152fe7fa261da4867db4937186e3b,22250,ACADEMIC_TEACHING,INGESTABLE,academic teaching material,NEEDS_REVIEW,OWNER_PLATFORM_IMPORT_INTENT_RIGHTS_UNVERIFIED
https://cityu-dg.instructure.com,317,AI-Past Present and Future,7Apr25AI4Edu.pptx,7860ac4120f74675234dcdfb509cf17744325328bb3853ccc0d215918a7f4d83,57390,ACADEMIC_TEACHING,INGESTABLE,academic teaching material,NEEDS_REVIEW,OWNER_PLATFORM_IMPORT_INTENT_RIGHTS_UNVERIFIED
https://cityu-dg.instructure.com,317,AI-Past Present and Future,AI Ethics and privacy.docx,d7d453bf0aa1f9bdd8b3228af9476fd8897aeea9eda0331aa2ccc5ed56d0d49f,240558,ACADEMIC_TEACHING,INGESTABLE,academic teaching material,NEEDS_REVIEW,OWNER_PLATFORM_IMPORT_INTENT_RIGHTS_UNVERIFIED
https://cityu-dg.instructure.com,317,AI-Past Present and Future,AI model comparison metaphor.pdf,ebc96be71e8d2d7ec984f94638b698cdfb506ed899018009003b0e400dc3c6b0,49424,ACADEMIC_TEACHING,INGESTABLE,academic teaching material,NEEDS_REVIEW,OWNER_PLATFORM_IMPORT_INTENT_RIGHTS_UNVERIFIED
https://cityu-dg.instructure.com,317,AI-Past Present and Future,AI review questions.docx,e68c98eade9f8e7c1dfc193b4c4427bb6f4e1c87e2c461b9c93398a0149d9855,18243,ACADEMIC_TEACHING,INGESTABLE,academic teaching material,NEEDS_REVIEW,OWNER_PLATFORM_IMPORT_INTENT_RIGHTS_UNVERIFIED
https://cityu-dg.instructure.com,317,AI-Past Present and Future,"AI-Past, Present and Future.docx",866bb5b08c48752e9347ece98a714a2bca7d1026ec5c32cda2baa618d36a789c,17246,ACADEMIC_TEACHING,INGESTABLE,academic teaching material,NEEDS_REVIEW,OWNER_PLATFORM_IMPORT_INTENT_RIGHTS_UNVERIFIED
https://cityu-dg.instructure.com,317,AI-Past Present and Future,Apr 21 AI Quiz.docx,e3ce9f30b7fd2488f7fe27d7fc2c5d63be0e0865e2382ac490ebb93e6ebdab62,18984,ACADEMIC_TEACHING,BLOCKED,"ASSESSMENT_MATERIAL: an exam, quiz or marking document needs the owner's decision",BLOCKED_NEEDS_OWNER_DECISION,OWNER_PLATFORM_IMPORT_INTENT_RIGHTS_UNVERIFIED
https://cityu-dg.instructure.com,317,AI-Past Present and Future,Data Science of AI.pdf,276d70e93e4ce58125f5ceae3413b0bb768abfb73cdf077fdf0674148db932e9,1026288,ACADEMIC_TEACHING,INGESTABLE,academic teaching material,NEEDS_REVIEW,OWNER_PLATFORM_IMPORT_INTENT_RIGHTS_UNVERIFIED
https://cityu-dg.instructure.com,317,AI-Past Present and Future,Data for AI and AI for Data_ The DeepSeek Revolution.pdf,d87e7606f4df3faaa39360f7c8eeae513953ed1f8abd247ef0d7b17cf63ce53b,584132,ACADEMIC_TEACHING,INGESTABLE,academic teaching material,NEEDS_REVIEW,OWNER_PLATFORM_IMPORT_INTENT_RIGHTS_UNVERIFIED
https://cityu-dg.instructure.com,317,AI-Past Present and Future,Data for AI and AI for Data_Li Fei Fei.docx,4d2fe6beac1b33b70fb4685d1d2b0a996ed8bcfe67b3a2507ea50b24265b0b97,30709,ACADEMIC_TEACHING,INGESTABLE,academic teaching material,NEEDS_REVIEW,OWNER_PLATFORM_IMPORT_INTENT_RIGHTS_UNVERIFIED
https://cityu-dg.instructure.com,317,AI-Past Present and Future,DeepSeek L1L2.pptx,90b9b7f0e0273863eb8f1e2a3c0255aa307aa016e629f080fa782a638c1f53d6,4477651,ACADEMIC_TEACHING,INGESTABLE,academic teaching material,NEEDS_REVIEW,OWNER_PLATFORM_IMPORT_INTENT_RIGHTS_UNVERIFIED
https://cityu-dg.instructure.com,317,AI-Past Present and Future,DeepSeek.pptx,f43bb5f7b8415a18e40545127214f1143c5d388adce08060d212f45a970930ea,4456936,ACADEMIC_TEACHING,INGESTABLE,academic teaching material,NEEDS_REVIEW,OWNER_PLATFORM_IMPORT_INTENT_RIGHTS_UNVERIFIED
https://cityu-dg.instructure.com,317,AI-Past Present and Future,DeepSeek从入门到精通（清华大学版）.pdf,697a6da2fb369fbbc3d3dfbc17f6927639fc5c0e91319465fa529cc2d8499325,5067321,ACADEMIC_TEACHING,INGESTABLE,academic teaching material,NEEDS_REVIEW,OWNER_PLATFORM_IMPORT_INTENT_RIGHTS_UNVERIFIED
https://cityu-dg.instructure.com,317,AI-Past Present and Future,"Musk misreads Social Security data, millions of dead people not getting benefits, experts say - ABC News.pdf",632216379ef0efae8428328e8a315d9d6836daa13983f956d8df8ab66988f8b6,4220743,ACADEMIC_TEACHING,INGESTABLE,academic teaching material,NEEDS_REVIEW,OWNER_PLATFORM_IMPORT_INTENT_RIGHTS_UNVERIFIED
https://cityu-dg.instructure.com,317,AI-Past Present and Future,Recap and ethics.pptx,8e04fd9ae77c07a0005fbf0f05717799e27ce493fad46729a59770c82a0bf4d7,16829981,ACADEMIC_TEACHING,INGESTABLE,academic teaching material,NEEDS_REVIEW,OWNER_PLATFORM_IMPORT_INTENT_RIGHTS_UNVERIFIED
https://cityu-dg.instructure.com,317,AI-Past Present and Future,TEAM PROJECT guideline.docx,fb811f704db8959416aac4725e9cd2c0972725b3d30c3b7051565c241791b348,21153,ACADEMIC_TEACHING,INGESTABLE,academic teaching material,NEEDS_REVIEW,OWNER_PLATFORM_IMPORT_INTENT_RIGHTS_UNVERIFIED
https://cityu-dg.instructure.com,317,AI-Past Present and Future,Trump and Musk Suggest Millions of Dead People Get Social Security. Here Are the Facts. - The New York Times.pdf,98d94143d57de827275682dd0944f2382943d43099b37d37a5379e17b9fb637a,182949,ACADEMIC_TEACHING,INGESTABLE,academic teaching material,NEEDS_REVIEW,OWNER_PLATFORM_IMPORT_INTENT_RIGHTS_UNVERIFIED
https://cityu-dg.instructure.com,317,AI-Past Present and Future,Understanding agents in terms of search.pptx,23bde83b647829df73894c70d9079eb2412cf92c490135f0593dc482c5f7e8b2,2995879,ACADEMIC_TEACHING,INGESTABLE,academic teaching material,NEEDS_REVIEW,OWNER_PLATFORM_IMPORT_INTENT_RIGHTS_UNVERIFIED
https://cityu-dg.instructure.com,317,AI-Past Present and Future,Why businesses embrace machine learning.pdf,b6ed1171609d50b1ebb3d482780cbd65ab04a3782643b8d91f8c664200d4b2e5,55624,ACADEMIC_TEACHING,INGESTABLE,academic teaching material,NEEDS_REVIEW,OWNER_PLATFORM_IMPORT_INTENT_RIGHTS_UNVERIFIED
https://cityu-dg.instructure.com,317,AI-Past Present and Future,prompt-engineering-playbook-beta-v3.pdf,97fe260febcec211c4882013816e749e2fcd84f25480390244421449b264dd0b,5322878,ACADEMIC_TEACHING,INGESTABLE,academic teaching material,NEEDS_REVIEW,OWNER_PLATFORM_IMPORT_INTENT_RIGHTS_UNVERIFIED
https://cityu-dg.instructure.com,317,AI-Past Present and Future,what is AI part2.pptx,0a63e9a3e9342a502064d03c95e75f00770ad204fc9a65a6bd5d8982c42f8135,4651566,ACADEMIC_TEACHING,INGESTABLE,academic teaching material,NEEDS_REVIEW,OWNER_PLATFORM_IMPORT_INTENT_RIGHTS_UNVERIFIED
https://cityu-dg.instructure.com,317,AI-Past Present and Future,what is AI_part1.pdf,e0934a1a4c57accc27ecf81e3d19836dcc3d04ac765557b4a1a4df0b1b3423e6,360170,ACADEMIC_TEACHING,INGESTABLE,academic teaching material,NEEDS_REVIEW,OWNER_PLATFORM_IMPORT_INTENT_RIGHTS_UNVERIFIED
https://cityu-dg.instructure.com,317,AI-Past Present and Future,清华大学第二弹：DeepSeek赋能职场.pdf,17fecd452f9e686cb74db42c757546402733c783793c9f7f4eaed7c68ae221e2,10253031,ACADEMIC_TEACHING,INGESTABLE,academic teaching material,NEEDS_REVIEW,OWNER_PLATFORM_IMPORT_INTENT_RIGHTS_UNVERIFIED
https://cityu-dg.instructure.com,318,Calculus&BasicLinearAlgebra II,202402_MA1201 Exam paper.pdf,1dedd4c8b512e5cb4739439fba67566ed7be9d40711c9bfc0ac78c3edc3d2843,264574,ACADEMIC_TEACHING,BLOCKED,"ASSESSMENT_MATERIAL: an exam, quiz or marking document needs the owner's decision",BLOCKED_NEEDS_OWNER_DECISION,OWNER_PLATFORM_IMPORT_INTENT_RIGHTS_UNVERIFIED
https://cityu-dg.instructure.com,318,Calculus&BasicLinearAlgebra II,Ch-1 Integration.pdf,11ba12a5debd21fcd419d2fd1abb347052d4aba1b6cb7486a5be17cfd80321be,1041194,ACADEMIC_TEACHING,INGESTABLE,academic teaching material,NEEDS_REVIEW,OWNER_PLATFORM_IMPORT_INTENT_RIGHTS_UNVERIFIED
https://cityu-dg.instructure.com,318,Calculus&BasicLinearAlgebra II,Ch-2 Integration Technique.pdf,1b91419bd54ca054315ba109d081d7c5d9a9883ceef77071c37d3898105b5f21,1429533,ACADEMIC_TEACHING,INGESTABLE,academic teaching material,NEEDS_REVIEW,OWNER_PLATFORM_IMPORT_INTENT_RIGHTS_UNVERIFIED
https://cityu-dg.instructure.com,318,Calculus&BasicLinearAlgebra II,Ch-3 Integration Application.pdf,cdc00b570f0a75db806b6e7e9bf86d637a1e9ac6d2c963c82f28e12418759c6d,1349146,ACADEMIC_TEACHING,INGESTABLE,academic teaching material,NEEDS_REVIEW,OWNER_PLATFORM_IMPORT_INTENT_RIGHTS_UNVERIFIED
https://cityu-dg.instructure.com,318,Calculus&BasicLinearAlgebra II,Ch-4 Vector.pdf,51e476fd7e07976a30a999d78dd3bc84938dc19c696052336f8415ea6cec915a,1386033,ACADEMIC_TEACHING,INGESTABLE,academic teaching material,NEEDS_REVIEW,OWNER_PLATFORM_IMPORT_INTENT_RIGHTS_UNVERIFIED
https://cityu-dg.instructure.com,318,Calculus&BasicLinearAlgebra II,Ch-5 Complex Number.pdf,567da9b3d80d765d6869eba1a92654cd3ce6be419f290e7f6a524875943db28d,1106604,ACADEMIC_TEACHING,INGESTABLE,academic teaching material,NEEDS_REVIEW,OWNER_PLATFORM_IMPORT_INTENT_RIGHTS_UNVERIFIED
https://cityu-dg.instructure.com,318,Calculus&BasicLinearAlgebra II,Ch-6 Matrix.pdf,426671d998a60cd8c96b798f3105a53e428876b75afade8d17947385c8ec7d6e,1285684,ACADEMIC_TEACHING,INGESTABLE,academic teaching material,NEEDS_REVIEW,OWNER_PLATFORM_IMPORT_INTENT_RIGHTS_UNVERIFIED
https://cityu-dg.instructure.com,318,Calculus&BasicLinearAlgebra II,Homework1.pdf,a42d0ad2764de992ad9cafcc412451685ae66146e14b98a5536500b2ac368253,115923,ACADEMIC_TEACHING,INGESTABLE,academic teaching material,NEEDS_REVIEW,OWNER_PLATFORM_IMPORT_INTENT_RIGHTS_UNVERIFIED
https://cityu-dg.instructure.com,318,Calculus&BasicLinearAlgebra II,Homework2.pdf,5787e7fe4faae5416e20c9200a26af774ea135cd4ebd9ea7b3562394a906d3b0,116069,ACADEMIC_TEACHING,INGESTABLE,academic teaching material,NEEDS_REVIEW,OWNER_PLATFORM_IMPORT_INTENT_RIGHTS_UNVERIFIED
https://cityu-dg.instructure.com,318,Calculus&BasicLinearAlgebra II,Homework3.pdf,5d4555d061275da470eeb6f8c6defe13a7b57c4f81bbab1040813d0c5452f54c,100608,ACADEMIC_TEACHING,INGESTABLE,academic teaching material,NEEDS_REVIEW,OWNER_PLATFORM_IMPORT_INTENT_RIGHTS_UNVERIFIED
https://cityu-dg.instructure.com,318,Calculus&BasicLinearAlgebra II,MA1201 Week 10.pdf,2c185c478b0e6dd32bdf0242db39b587a61cf8e3ada3229a5fcb9a902d5df21d,4679137,ACADEMIC_TEACHING,INGESTABLE,academic teaching material,NEEDS_REVIEW,OWNER_PLATFORM_IMPORT_INTENT_RIGHTS_UNVERIFIED
https://cityu-dg.instructure.com,318,Calculus&BasicLinearAlgebra II,MA1201 Week 11.pdf,7448889187b6e1033662277166103165346a2611fad82e523fcfda9d93ad9fa9,5662728,ACADEMIC_TEACHING,INGESTABLE,academic teaching material,NEEDS_REVIEW,OWNER_PLATFORM_IMPORT_INTENT_RIGHTS_UNVERIFIED
https://cityu-dg.instructure.com,318,Calculus&BasicLinearAlgebra II,MA1201 Week 12.pdf,c1cb237e9939320731ba992acde439b6635cffdb9b55838af76c95c5a979f7e5,5952174,ACADEMIC_TEACHING,INGESTABLE,academic teaching material,NEEDS_REVIEW,OWNER_PLATFORM_IMPORT_INTENT_RIGHTS_UNVERIFIED
https://cityu-dg.instructure.com,318,Calculus&BasicLinearAlgebra II,MA1201 Week 13.pdf,7a12c81c3ebf3981588fb48f02c1d9647583ab5718c156a5dda8bd0a36506abb,5604222,ACADEMIC_TEACHING,INGESTABLE,academic teaching material,NEEDS_REVIEW,OWNER_PLATFORM_IMPORT_INTENT_RIGHTS_UNVERIFIED
https://cityu-dg.instructure.com,318,Calculus&BasicLinearAlgebra II,MA1201 Week 2.pdf,3094607a39002eb4749019ec05cb9ad4f1e57ae4b9780aa39bb8181cfb95cf26,3925167,ACADEMIC_TEACHING,INGESTABLE,academic teaching material,NEEDS_REVIEW,OWNER_PLATFORM_IMPORT_INTENT_RIGHTS_UNVERIFIED
https://cityu-dg.instructure.com,318,Calculus&BasicLinearAlgebra II,MA1201 Week 3.pdf,0fa525219e571f86941da8a3cc7adb8e3b245e9ee8ed5b5a153a55b50400f762,4281611,ACADEMIC_TEACHING,INGESTABLE,academic teaching material,NEEDS_REVIEW,OWNER_PLATFORM_IMPORT_INTENT_RIGHTS_UNVERIFIED
https://cityu-dg.instructure.com,318,Calculus&BasicLinearAlgebra II,MA1201 Week 4.pdf,af223f7955ae8c336a5e3a9b40710fdaef3adb1337530de22211f1d92fcf93d8,5892080,ACADEMIC_TEACHING,INGESTABLE,academic teaching material,NEEDS_REVIEW,OWNER_PLATFORM_IMPORT_INTENT_RIGHTS_UNVERIFIED
https://cityu-dg.instructure.com,318,Calculus&BasicLinearAlgebra II,MA1201 Week 5.pdf,698c432deddc704efcdea7a1f59d29ad8f70fb0f361fc26189d78a9f465b3aa7,3699973,ACADEMIC_TEACHING,INGESTABLE,academic teaching material,NEEDS_REVIEW,OWNER_PLATFORM_IMPORT_INTENT_RIGHTS_UNVERIFIED
https://cityu-dg.instructure.com,318,Calculus&BasicLinearAlgebra II,MA1201 Week 6.pdf,e6ea248e60f4b53fb04a9bca799b9ec89d21b80db242b9b1d5096b7691b49a90,4543859,ACADEMIC_TEACHING,INGESTABLE,academic teaching material,NEEDS_REVIEW,OWNER_PLATFORM_IMPORT_INTENT_RIGHTS_UNVERIFIED
https://cityu-dg.instructure.com,318,Calculus&BasicLinearAlgebra II,MA1201 Week 7.pdf,d4784ff8866e770f63296bf902fd92b847115f4854e06ef0b06241cc91b02abe,5214767,ACADEMIC_TEACHING,INGESTABLE,academic teaching material,NEEDS_REVIEW,OWNER_PLATFORM_IMPORT_INTENT_RIGHTS_UNVERIFIED
https://cityu-dg.instructure.com,318,Calculus&BasicLinearAlgebra II,MA1201 Week 8.pdf,71267538b681dbce3758d925818ebc0b2885d83a02246bb6f44001cc81386811,3150560,ACADEMIC_TEACHING,INGESTABLE,academic teaching material,NEEDS_REVIEW,OWNER_PLATFORM_IMPORT_INTENT_RIGHTS_UNVERIFIED
https://cityu-dg.instructure.com,318,Calculus&BasicLinearAlgebra II,MA1201 Week 9.pdf,4a789425bb69b6f5709073c5b217472eea669d43eaf41d538690a0157adac1a2,6504020,ACADEMIC_TEACHING,INGESTABLE,academic teaching material,NEEDS_REVIEW,OWNER_PLATFORM_IMPORT_INTENT_RIGHTS_UNVERIFIED
https://cityu-dg.instructure.com,318,Calculus&BasicLinearAlgebra II,MA1201-1819B.pdf,a8a22819e7ac407b6de4c1bfd27813e40fe4cc8e0afa0c655d0ffe44958cb0f6,153423,ACADEMIC_TEACHING,INGESTABLE,academic teaching material,NEEDS_REVIEW,OWNER_PLATFORM_IMPORT_INTENT_RIGHTS_UNVERIFIED
https://cityu-dg.instructure.com,318,Calculus&BasicLinearAlgebra II,MA1201-2223B.pdf,d251ad4afe0635b4cd078e40f05f7a3e0043dc92fe65d8d46ac755c5ede0a9f3,199225,ACADEMIC_TEACHING,INGESTABLE,academic teaching material,NEEDS_REVIEW,OWNER_PLATFORM_IMPORT_INTENT_RIGHTS_UNVERIFIED
https://cityu-dg.instructure.com,318,Calculus&BasicLinearAlgebra II,Midterm2025-sol.pdf,1c2111da14473614f7a7eeaf341ddb2a66c681d98aa3f3b9419f81a39b633b54,881607,ACADEMIC_TEACHING,BLOCKED,"ASSESSMENT_MATERIAL: an exam, quiz or marking document needs the owner's decision",BLOCKED_NEEDS_OWNER_DECISION,OWNER_PLATFORM_IMPORT_INTENT_RIGHTS_UNVERIFIED
https://cityu-dg.instructure.com,318,Calculus&BasicLinearAlgebra II,SyllabusMA1201.pdf,bf14af7de09531e64b0d999b74c8b8ffd5382726f2fbb29a5c09d434c97eb7f4,87918,ACADEMIC_TEACHING,INGESTABLE,academic teaching material,NEEDS_REVIEW,OWNER_PLATFORM_IMPORT_INTENT_RIGHTS_UNVERIFIED
https://cityu-dg.instructure.com,318,Calculus&BasicLinearAlgebra II,Useful Formulas.pdf,4eaa43070c951fd8385fe78a7847fee79fe0c475e17986bd939816bdabe32ad4,76604,ACADEMIC_TEACHING,INGESTABLE,academic teaching material,NEEDS_REVIEW,OWNER_PLATFORM_IMPORT_INTENT_RIGHTS_UNVERIFIED
https://cityu-dg.instructure.com,318,Calculus&BasicLinearAlgebra II,midterm_2024A.pdf,689adaf1bfba94e4b917893ef697d610de09107e384caa167caa99d99e0ec5c1,294667,ACADEMIC_TEACHING,BLOCKED,"ASSESSMENT_MATERIAL: an exam, quiz or marking document needs the owner's decision",BLOCKED_NEEDS_OWNER_DECISION,OWNER_PLATFORM_IMPORT_INTENT_RIGHTS_UNVERIFIED
https://cityu-dg.instructure.com,318,Calculus&BasicLinearAlgebra II,midterm_2024A_sol.pdf,5114b693ed16b0332c0b16463016573cbc451c6683af67a18a101b29e9983487,2228252,ACADEMIC_TEACHING,BLOCKED,"ASSESSMENT_MATERIAL: an exam, quiz or marking document needs the owner's decision",BLOCKED_NEEDS_OWNER_DECISION,OWNER_PLATFORM_IMPORT_INTENT_RIGHTS_UNVERIFIED
https://cityu-dg.instructure.com,318,Calculus&BasicLinearAlgebra II,midterm_2024B.pdf,9eee9d3a01fe59d2e3107a5912828b9201639d56190ac76854139b32463ff5d3,247173,ACADEMIC_TEACHING,BLOCKED,"ASSESSMENT_MATERIAL: an exam, quiz or marking document needs the owner's decision",BLOCKED_NEEDS_OWNER_DECISION,OWNER_PLATFORM_IMPORT_INTENT_RIGHTS_UNVERIFIED
https://cityu-dg.instructure.com,318,Calculus&BasicLinearAlgebra II,midterm_2024B_sol.pdf,498d5c1ba533a775f528932c8f95dbc8c7a8c508810e6804181eac6f0b23e8b2,4413469,ACADEMIC_TEACHING,BLOCKED,"ASSESSMENT_MATERIAL: an exam, quiz or marking document needs the owner's decision",BLOCKED_NEEDS_OWNER_DECISION,OWNER_PLATFORM_IMPORT_INTENT_RIGHTS_UNVERIFIED
https://cityu-dg.instructure.com,318,Calculus&BasicLinearAlgebra II,p1Integration.pdf,dbc6d1d5d75f55fa4cb5ce47fb7775b56965211d963b3e0bcd7c99e30894d03e,300884,ACADEMIC_TEACHING,INGESTABLE,academic teaching material,NEEDS_REVIEW,OWNER_PLATFORM_IMPORT_INTENT_RIGHTS_UNVERIFIED
https://cityu-dg.instructure.com,318,Calculus&BasicLinearAlgebra II,p1Supplementary.pdf,3a6fff1d0209b67b6c0ed55b3c745d45bf80e7cf8e9b93680bf897717dffbf92,340983,ACADEMIC_TEACHING,INGESTABLE,academic teaching material,NEEDS_REVIEW,OWNER_PLATFORM_IMPORT_INTENT_RIGHTS_UNVERIFIED
https://cityu-dg.instructure.com,318,Calculus&BasicLinearAlgebra II,p2IntegrationTechnique.pdf,75dd8e8dc2fa499188402928379525e6d9fa58633b91e177a332de187dd0b98b,445132,ACADEMIC_TEACHING,INGESTABLE,academic teaching material,NEEDS_REVIEW,OWNER_PLATFORM_IMPORT_INTENT_RIGHTS_UNVERIFIED
https://cityu-dg.instructure.com,318,Calculus&BasicLinearAlgebra II,p2Supplementary.pdf,fddf64244ed516fc020f827c4dd393d55845518dcb66b986e194395df0d7a46b,714432,ACADEMIC_TEACHING,INGESTABLE,academic teaching material,NEEDS_REVIEW,OWNER_PLATFORM_IMPORT_INTENT_RIGHTS_UNVERIFIED
https://cityu-dg.instructure.com,318,Calculus&BasicLinearAlgebra II,p3IntegrationApplication.pdf,80a8b617972f8c58a66f1d12940a51a68ad1d69a3189caa861c2b286fa74aa57,405179,ACADEMIC_TEACHING,INGESTABLE,academic teaching material,NEEDS_REVIEW,OWNER_PLATFORM_IMPORT_INTENT_RIGHTS_UNVERIFIED
https://cityu-dg.instructure.com,318,Calculus&BasicLinearAlgebra II,p3Supplementary.pdf,ef2667ea5c1197444b416c66960665d232d26790244d3a488c654a002203bde2,1106957,ACADEMIC_TEACHING,INGESTABLE,academic teaching material,NEEDS_REVIEW,OWNER_PLATFORM_IMPORT_INTENT_RIGHTS_UNVERIFIED
https://cityu-dg.instructure.com,318,Calculus&BasicLinearAlgebra II,p4Supplementary.pdf,7c261fc1d340dcfdfa602b616f0e3dee2cc0f33aa29ee73153f0b7b92aafc99f,309343,ACADEMIC_TEACHING,INGESTABLE,academic teaching material,NEEDS_REVIEW,OWNER_PLATFORM_IMPORT_INTENT_RIGHTS_UNVERIFIED
https://cityu-dg.instructure.com,318,Calculus&BasicLinearAlgebra II,p4Vector.pdf,9a0eedf57e68580875d123826b3f250baed81efdeea77250ae2cc6951c3d85fc,413666,ACADEMIC_TEACHING,INGESTABLE,academic teaching material,NEEDS_REVIEW,OWNER_PLATFORM_IMPORT_INTENT_RIGHTS_UNVERIFIED
https://cityu-dg.instructure.com,318,Calculus&BasicLinearAlgebra II,p5ComplexNumber.pdf,262cf2478db619119b84821456d4203879d6a3c06fc39c0d8adffdf63baf1a0b,419321,ACADEMIC_TEACHING,INGESTABLE,academic teaching material,NEEDS_REVIEW,OWNER_PLATFORM_IMPORT_INTENT_RIGHTS_UNVERIFIED
https://cityu-dg.instructure.com,318,Calculus&BasicLinearAlgebra II,p5Supplementary.pdf,5a7c6e9d25f41b993ae083419088f8b46646db13c2aa9ef35dcda5e6841d1c6f,87355,ACADEMIC_TEACHING,INGESTABLE,academic teaching material,NEEDS_REVIEW,OWNER_PLATFORM_IMPORT_INTENT_RIGHTS_UNVERIFIED
https://cityu-dg.instructure.com,318,Calculus&BasicLinearAlgebra II,p6Matrix.pdf,53a64a6ed6bcdf5e50753c03ee6360088bec460ec02369f696c5750c23a708b6,416478,ACADEMIC_TEACHING,INGESTABLE,academic teaching material,NEEDS_REVIEW,OWNER_PLATFORM_IMPORT_INTENT_RIGHTS_UNVERIFIED
https://cityu-dg.instructure.com,318,Calculus&BasicLinearAlgebra II,p6Supplementary.pdf,05ec72ced12345a2cfab5220c1993edbe8f23caaefd3d50dda34207b4d342ee1,405176,ACADEMIC_TEACHING,INGESTABLE,academic teaching material,NEEDS_REVIEW,OWNER_PLATFORM_IMPORT_INTENT_RIGHTS_UNVERIFIED
https://cityu-dg.instructure.com,318,Calculus&BasicLinearAlgebra II,s1Integration.pdf,aec43f3f13b5be65ec597fbb7845d29a5964eb2164510028338a9a9cd337dc4b,425715,ACADEMIC_TEACHING,INGESTABLE,academic teaching material,NEEDS_REVIEW,OWNER_PLATFORM_IMPORT_INTENT_RIGHTS_UNVERIFIED
https://cityu-dg.instructure.com,318,Calculus&BasicLinearAlgebra II,s1Supplementary.pdf,b0a3a2035f6bbb965bd46e0832bb4e6f0c9084e9605871b8dd4400815e681855,1302388,ACADEMIC_TEACHING,INGESTABLE,academic teaching material,NEEDS_REVIEW,OWNER_PLATFORM_IMPORT_INTENT_RIGHTS_UNVERIFIED
https://cityu-dg.instructure.com,318,Calculus&BasicLinearAlgebra II,s2IntegrationTechnique.pdf,309ca8327d7a01ad597c242f12c698eb3adfc04ffeb98a3d00e8b0d4fa3be087,731525,ACADEMIC_TEACHING,INGESTABLE,academic teaching material,NEEDS_REVIEW,OWNER_PLATFORM_IMPORT_INTENT_RIGHTS_UNVERIFIED
https://cityu-dg.instructure.com,318,Calculus&BasicLinearAlgebra II,s2Supplementary.pdf,da8a24f61937b3d659c62aa8ca73d2e8c0722867a685630d1808bb93c76f9c6b,3030053,ACADEMIC_TEACHING,INGESTABLE,academic teaching material,NEEDS_REVIEW,OWNER_PLATFORM_IMPORT_INTENT_RIGHTS_UNVERIFIED
https://cityu-dg.instructure.com,318,Calculus&BasicLinearAlgebra II,s3IntegrationApplication.pdf,69cd34e2debd9db19a4cbc2c3d2e232c4e3741bad0c13dd143c3872b94ff9f5c,402587,ACADEMIC_TEACHING,INGESTABLE,academic teaching material,NEEDS_REVIEW,OWNER_PLATFORM_IMPORT_INTENT_RIGHTS_UNVERIFIED
https://cityu-dg.instructure.com,318,Calculus&BasicLinearAlgebra II,s3Supplementary.pdf,d322747974790870f2229d43dd996ecd14f7d7a727b7303e8944638b4a758794,5411440,ACADEMIC_TEACHING,INGESTABLE,academic teaching material,NEEDS_REVIEW,OWNER_PLATFORM_IMPORT_INTENT_RIGHTS_UNVERIFIED
https://cityu-dg.instructure.com,318,Calculus&BasicLinearAlgebra II,s4Supplementary.pdf,cc14a27f07ba5c253e91ce4f20163fa813f9a11e680f8c531b9e4cddca161c93,766350,ACADEMIC_TEACHING,INGESTABLE,academic teaching material,NEEDS_REVIEW,OWNER_PLATFORM_IMPORT_INTENT_RIGHTS_UNVERIFIED
https://cityu-dg.instructure.com,318,Calculus&BasicLinearAlgebra II,s4Vector.pdf,3b534613dfd2fe90f61e7a51365fa2c205b159fd60894f4b99846fb86a0f829e,457295,ACADEMIC_TEACHING,INGESTABLE,academic teaching material,NEEDS_REVIEW,OWNER_PLATFORM_IMPORT_INTENT_RIGHTS_UNVERIFIED
https://cityu-dg.instructure.com,318,Calculus&BasicLinearAlgebra II,s5ComplexNumber.pdf,959d94a08c7826deae059ff871009d6f6fdf2badc760b910a83ede6576d2c21d,468818,ACADEMIC_TEACHING,INGESTABLE,academic teaching material,NEEDS_REVIEW,OWNER_PLATFORM_IMPORT_INTENT_RIGHTS_UNVERIFIED
https://cityu-dg.instructure.com,318,Calculus&BasicLinearAlgebra II,s6Matrix.pdf,0f0580a4e55a176b8533216fe6effbdfc1ef8b4cb74697cdb097bb9694b65224,525886,ACADEMIC_TEACHING,INGESTABLE,academic teaching material,NEEDS_REVIEW,OWNER_PLATFORM_IMPORT_INTENT_RIGHTS_UNVERIFIED
https://cityu-dg.instructure.com,318,Calculus&BasicLinearAlgebra II,s6Supplementary.pdf,4cc58c5cf4745c24dd74d9404acd73bd3d3b33b3541ade193ccdc1728ce2ce54,559190,ACADEMIC_TEACHING,INGESTABLE,academic teaching material,NEEDS_REVIEW,OWNER_PLATFORM_IMPORT_INTENT_RIGHTS_UNVERIFIED
https://cityu-dg.instructure.com,319,Intro.toComputer Programming,finalexam_coding.ipynb,1f71a3af4ff0b0e7a277d833f05151437dae8fa5fc24536697656f27e171f9d6,22241,ACADEMIC_TEACHING,BLOCKED,"ASSESSMENT_MATERIAL: an exam, quiz or marking document needs the owner's decision",BLOCKED_NEEDS_OWNER_DECISION,OWNER_PLATFORM_IMPORT_INTENT_RIGHTS_UNVERIFIED
https://cityu-dg.instructure.com,358,Discrete Mathematics,Assignment 1.pdf,c1f91ea0720e65a94e4e54c7cc89b19a1b1d6f32e56d133dc109cbb04b0a6ea6,456221,ACADEMIC_TEACHING,INGESTABLE,academic teaching material,NEEDS_REVIEW,OWNER_PLATFORM_IMPORT_INTENT_RIGHTS_UNVERIFIED
https://cityu-dg.instructure.com,358,Discrete Mathematics,Assignment 10.pdf,d16476e7a2a161ffe8247e8636960afd465fd93b934612400558e7487f7a6fe0,54015,ACADEMIC_TEACHING,INGESTABLE,academic teaching material,NEEDS_REVIEW,OWNER_PLATFORM_IMPORT_INTENT_RIGHTS_UNVERIFIED
https://cityu-dg.instructure.com,358,Discrete Mathematics,Assignment 2.pdf,b57138bbb1dd908dad072fa876be6ca2dbe9fb5ac151f4b5f6d3a9c1c1265259,420575,ACADEMIC_TEACHING,INGESTABLE,academic teaching material,NEEDS_REVIEW,OWNER_PLATFORM_IMPORT_INTENT_RIGHTS_UNVERIFIED
https://cityu-dg.instructure.com,358,Discrete Mathematics,Assignment 3.pdf,7ba47a00942ff3cfaa1f723f0145834f882e7dcb05db219ef0ebffe98e8c038a,194704,ACADEMIC_TEACHING,INGESTABLE,academic teaching material,NEEDS_REVIEW,OWNER_PLATFORM_IMPORT_INTENT_RIGHTS_UNVERIFIED
https://cityu-dg.instructure.com,358,Discrete Mathematics,Assignment 4.pdf,84d44007e13c1153d668af35bf4f8c45ada2145407d944cdf8ef2128b56971a6,697812,ACADEMIC_TEACHING,INGESTABLE,academic teaching material,NEEDS_REVIEW,OWNER_PLATFORM_IMPORT_INTENT_RIGHTS_UNVERIFIED
https://cityu-dg.instructure.com,358,Discrete Mathematics,Assignment 5.pdf,cd7383cf59191ea04c9b96ba85027f20e6575ddec0cd77477f74b38164ebffc5,384153,ACADEMIC_TEACHING,INGESTABLE,academic teaching material,NEEDS_REVIEW,OWNER_PLATFORM_IMPORT_INTENT_RIGHTS_UNVERIFIED
https://cityu-dg.instructure.com,358,Discrete Mathematics,Assignment 6.pdf,57d9a35b16a018edbfdcb843f4d9aa108b37766b2dd51660973068afc3f55b9a,230062,ACADEMIC_TEACHING,INGESTABLE,academic teaching material,NEEDS_REVIEW,OWNER_PLATFORM_IMPORT_INTENT_RIGHTS_UNVERIFIED
https://cityu-dg.instructure.com,358,Discrete Mathematics,Assignment 7.pdf,7b1e6610c982a5ae77aaf67f4a8e887448b7e5b7da2b25ab2e9567d371ea35c4,93309,ACADEMIC_TEACHING,INGESTABLE,academic teaching material,NEEDS_REVIEW,OWNER_PLATFORM_IMPORT_INTENT_RIGHTS_UNVERIFIED
https://cityu-dg.instructure.com,358,Discrete Mathematics,Assignment 8.pdf,f19b52a15e56947b40f44ac43b4ba6381dd25952f4174f4d561fae0658194e37,180896,ACADEMIC_TEACHING,INGESTABLE,academic teaching material,NEEDS_REVIEW,OWNER_PLATFORM_IMPORT_INTENT_RIGHTS_UNVERIFIED
https://cityu-dg.instructure.com,358,Discrete Mathematics,Assignment 9.pdf,ec90676564bca9c82756000537d4cbe86767e789a22e7b498e5133bb0440175c,207447,ACADEMIC_TEACHING,INGESTABLE,academic teaching material,NEEDS_REVIEW,OWNER_PLATFORM_IMPORT_INTENT_RIGHTS_UNVERIFIED
https://cityu-dg.instructure.com,358,Discrete Mathematics,Brief solutions to assignments 1-10.pdf,ca331579caca946b09bca3fe9b382ac557c39b7feb6973c8f82a92086f281682,191800,ACADEMIC_TEACHING,INGESTABLE,academic teaching material,NEEDS_REVIEW,OWNER_PLATFORM_IMPORT_INTENT_RIGHTS_UNVERIFIED
https://cityu-dg.instructure.com,358,Discrete Mathematics,Chapter 1 Mathematical Logic.doc,cf5700e7c2746ba8ef8eeecd34082e35af8acc8790959f4bba5960d177a801b7,1094144,ACADEMIC_TEACHING,INGESTABLE,academic teaching material,NEEDS_REVIEW,OWNER_PLATFORM_IMPORT_INTENT_RIGHTS_UNVERIFIED
https://cityu-dg.instructure.com,358,Discrete Mathematics,Chapter 1 Mathematical Logic.pdf,5cc415a80d4d4b71793c779b3ad4c3e733a54112a824e9ce08cbe29acfc5b478,5903316,ACADEMIC_TEACHING,INGESTABLE,academic teaching material,NEEDS_REVIEW,OWNER_PLATFORM_IMPORT_INTENT_RIGHTS_UNVERIFIED
https://cityu-dg.instructure.com,358,Discrete Mathematics,Chapter 2 Set Theory.doc,b6778227616aed29ee415837049a7e1069dd08c120633e9e4219a5ef0613bca2,2379776,ACADEMIC_TEACHING,INGESTABLE,academic teaching material,NEEDS_REVIEW,OWNER_PLATFORM_IMPORT_INTENT_RIGHTS_UNVERIFIED
https://cityu-dg.instructure.com,358,Discrete Mathematics,Chapter 2 Set Theory.pdf,dc55f3f904f9f45ca3458d4d4b08b1e1cd713eade52ec053a9897f8104a47869,10374631,ACADEMIC_TEACHING,INGESTABLE,academic teaching material,NEEDS_REVIEW,OWNER_PLATFORM_IMPORT_INTENT_RIGHTS_UNVERIFIED
https://cityu-dg.instructure.com,358,Discrete Mathematics,Chapter 3 Combinatorics.doc,17eb7dbfc40768bea678188e6ab74ac739e8bcfc377fa9d18c1c769b0896792c,397312,ACADEMIC_TEACHING,INGESTABLE,academic teaching material,NEEDS_REVIEW,OWNER_PLATFORM_IMPORT_INTENT_RIGHTS_UNVERIFIED
https://cityu-dg.instructure.com,358,Discrete Mathematics,Chapter 3 Combinatorics.pdf,bc718c952d23a336ed56faaef3cbbb72e611d16a309b22425c22039451ef79ca,1995725,ACADEMIC_TEACHING,INGESTABLE,academic teaching material,NEEDS_REVIEW,OWNER_PLATFORM_IMPORT_INTENT_RIGHTS_UNVERIFIED
https://cityu-dg.instructure.com,358,Discrete Mathematics,Chapter 4 Graphs and Trees.doc,8de01c282b631ba3eb28eb464caae1f455bf6a8dbee4841760ef531f6c10ee31,1317376,ACADEMIC_TEACHING,INGESTABLE,academic teaching material,NEEDS_REVIEW,OWNER_PLATFORM_IMPORT_INTENT_RIGHTS_UNVERIFIED
https://cityu-dg.instructure.com,358,Discrete Mathematics,Chapter 4 Graphs and Trees.pdf,9dcf9c58c80fd56df5c1a16e95c0f3048f8953d3003fd3b917b1ea2e0fec1f49,4882731,ACADEMIC_TEACHING,INGESTABLE,academic teaching material,NEEDS_REVIEW,OWNER_PLATFORM_IMPORT_INTENT_RIGHTS_UNVERIFIED
https://cityu-dg.instructure.com,358,Discrete Mathematics,Chapter 5 Number Theory.doc,942256f51f55a720817403d60949612e922ed0eb1abe6a8683b825113df23e07,1646080,ACADEMIC_TEACHING,INGESTABLE,academic teaching material,NEEDS_REVIEW,OWNER_PLATFORM_IMPORT_INTENT_RIGHTS_UNVERIFIED
https://cityu-dg.instructure.com,358,Discrete Mathematics,Chapter 5 Number Theory.pdf,2c84f851f0ef7525ec0c123ebe9ff3b8cd00081ff5db67fdab936a99b8ded448,1477148,ACADEMIC_TEACHING,INGESTABLE,academic teaching material,NEEDS_REVIEW,OWNER_PLATFORM_IMPORT_INTENT_RIGHTS_UNVERIFIED
https://cityu-dg.instructure.com,358,Discrete Mathematics,MA2185 Assignment One Solution.pdf,41c76f313e9d0b53b844707f2f877ad01e737006f601ce1f54976655d3e5b230,250261,ACADEMIC_TEACHING,INGESTABLE,academic teaching material,NEEDS_REVIEW,OWNER_PLATFORM_IMPORT_INTENT_RIGHTS_UNVERIFIED
https://cityu-dg.instructure.com,358,Discrete Mathematics,MA2185 Assignment Two Solution.pdf,9dfe6065635733db5196d35222b6e0160ebe22c040d8c9a027805ace3b2f483d,196194,ACADEMIC_TEACHING,INGESTABLE,academic teaching material,NEEDS_REVIEW,OWNER_PLATFORM_IMPORT_INTENT_RIGHTS_UNVERIFIED
https://cityu-dg.instructure.com,358,Discrete Mathematics,MA2185W02.pdf,05b5744c6176b5ca2b77e4fc20c1e293bae351fe2fa345003b38941b70e87b47,1452353,ACADEMIC_TEACHING,INGESTABLE,academic teaching material,NEEDS_REVIEW,OWNER_PLATFORM_IMPORT_INTENT_RIGHTS_UNVERIFIED
https://cityu-dg.instructure.com,358,Discrete Mathematics,MA2185W03.pdf,3fa0f8d7f61b56a96cc81e1d6fdde390934f2b4253569e93ea63c648bae028e3,1088078,ACADEMIC_TEACHING,INGESTABLE,academic teaching material,NEEDS_REVIEW,OWNER_PLATFORM_IMPORT_INTENT_RIGHTS_UNVERIFIED
https://cityu-dg.instructure.com,358,Discrete Mathematics,MA2185W04.pdf,f6123e035a9c2fc5d2e71d3f7a8c51a579e7ee2b953351c18abfafe86986a576,1217396,ACADEMIC_TEACHING,INGESTABLE,academic teaching material,NEEDS_REVIEW,OWNER_PLATFORM_IMPORT_INTENT_RIGHTS_UNVERIFIED
https://cityu-dg.instructure.com,358,Discrete Mathematics,MA2185W05.pdf,9ee422c94158c04ce783622436d270dac85e9993df6c422bc5d47511a9d53055,1879505,ACADEMIC_TEACHING,INGESTABLE,academic teaching material,NEEDS_REVIEW,OWNER_PLATFORM_IMPORT_INTENT_RIGHTS_UNVERIFIED
https://cityu-dg.instructure.com,358,Discrete Mathematics,MA2185W06.pdf,5583c2c25ac2eab3fa7016e3bcd04093dd0b082174669f579c3e54270e603ff9,1404486,ACADEMIC_TEACHING,INGESTABLE,academic teaching material,NEEDS_REVIEW,OWNER_PLATFORM_IMPORT_INTENT_RIGHTS_UNVERIFIED
https://cityu-dg.instructure.com,358,Discrete Mathematics,MA2185W07.pdf,94a9e8e5d2f368f42e68925bcea3ce43104c60f450ad9a64a7794733f4c5d214,2186549,ACADEMIC_TEACHING,INGESTABLE,academic teaching material,NEEDS_REVIEW,OWNER_PLATFORM_IMPORT_INTENT_RIGHTS_UNVERIFIED
https://cityu-dg.instructure.com,358,Discrete Mathematics,MA2185W09.pdf,6c0ba087a4496e4f334e77358ede250ef32bfd969693f345d5ac6adb1d76df69,933723,ACADEMIC_TEACHING,INGESTABLE,academic teaching material,NEEDS_REVIEW,OWNER_PLATFORM_IMPORT_INTENT_RIGHTS_UNVERIFIED
https://cityu-dg.instructure.com,358,Discrete Mathematics,MA2185W10.pdf,3fb2d0efccbe5ca9705942db47cdec0efcd2500f8934361bce35021af9280ba3,993188,ACADEMIC_TEACHING,INGESTABLE,academic teaching material,NEEDS_REVIEW,OWNER_PLATFORM_IMPORT_INTENT_RIGHTS_UNVERIFIED
https://cityu-dg.instructure.com,358,Discrete Mathematics,MA2185W11.pdf,5b092848a309e0a7f064a7f9386620854e80e21646d5d796077047754555430a,1651356,ACADEMIC_TEACHING,INGESTABLE,academic teaching material,NEEDS_REVIEW,OWNER_PLATFORM_IMPORT_INTENT_RIGHTS_UNVERIFIED
https://cityu-dg.instructure.com,358,Discrete Mathematics,MA2185W12.pdf,95676bda8a078ddd9229e03a9bb77ac91702c0391515011b9f45e94f20bc4218,1457621,ACADEMIC_TEACHING,INGESTABLE,academic teaching material,NEEDS_REVIEW,OWNER_PLATFORM_IMPORT_INTENT_RIGHTS_UNVERIFIED
https://cityu-dg.instructure.com,358,Discrete Mathematics,MA2185W13.pdf,2200f6f8b3d47a80da233b22e1390ac6f292252543967fec6c322d80d4101302,2298339,ACADEMIC_TEACHING,INGESTABLE,academic teaching material,NEEDS_REVIEW,OWNER_PLATFORM_IMPORT_INTENT_RIGHTS_UNVERIFIED
https://cityu-dg.instructure.com,358,Discrete Mathematics,Midterm soln.pdf,41ea9d2363a8b36a122ae2f30d59a8c37f4e8e3e31a3a8a8b9832da8c99ac08b,1192677,ACADEMIC_TEACHING,BLOCKED,"ASSESSMENT_MATERIAL: an exam, quiz or marking document needs the owner's decision",BLOCKED_NEEDS_OWNER_DECISION,OWNER_PLATFORM_IMPORT_INTENT_RIGHTS_UNVERIFIED
https://cityu-dg.instructure.com,358,Discrete Mathematics,"Note Nov 14, 2025.pdf",ccf02be3998090922e19a55fe528550b82ac0c11db237da00d1823c9d225b304,5479237,ACADEMIC_TEACHING,INGESTABLE,academic teaching material,NEEDS_REVIEW,OWNER_PLATFORM_IMPORT_INTENT_RIGHTS_UNVERIFIED
https://cityu-dg.instructure.com,358,Discrete Mathematics,"Note Nov 21, 2025.pdf",5a020686125833e25c911b219c67544ee9b842cba30becf796f5604ef3755475,4791212,ACADEMIC_TEACHING,INGESTABLE,academic teaching material,NEEDS_REVIEW,OWNER_PLATFORM_IMPORT_INTENT_RIGHTS_UNVERIFIED
https://cityu-dg.instructure.com,358,Discrete Mathematics,"Note Nov 28, 2025.pdf",a083489e8cb439624f0d61fc2673d658c4af9808a524fe00cfe5d62de750ca77,3531055,ACADEMIC_TEACHING,INGESTABLE,academic teaching material,NEEDS_REVIEW,OWNER_PLATFORM_IMPORT_INTENT_RIGHTS_UNVERIFIED
https://cityu-dg.instructure.com,358,Discrete Mathematics,"Note Nov 7, 2025.pdf",9f1e5fabc93e20f0d7f0e113b04ee72a49304b999340a5623dd29dbbd6af3947,5104326,ACADEMIC_TEACHING,INGESTABLE,academic teaching material,NEEDS_REVIEW,OWNER_PLATFORM_IMPORT_INTENT_RIGHTS_UNVERIFIED
https://cityu-dg.instructure.com,358,Discrete Mathematics,"Note Oct 10, 2025.pdf",7f04d299bbea54a4f3fc54b198075d814741dd24afc95ef7cf1d47fab271697b,4826053,ACADEMIC_TEACHING,INGESTABLE,academic teaching material,NEEDS_REVIEW,OWNER_PLATFORM_IMPORT_INTENT_RIGHTS_UNVERIFIED
https://cityu-dg.instructure.com,358,Discrete Mathematics,"Note Oct 17, 2025.pdf",dce0ff5a34c847ab1d9ed4a93254bce5040bcf8d19b0af86573e0cc0cc36cccd,4674876,ACADEMIC_TEACHING,INGESTABLE,academic teaching material,NEEDS_REVIEW,OWNER_PLATFORM_IMPORT_INTENT_RIGHTS_UNVERIFIED
https://cityu-dg.instructure.com,358,Discrete Mathematics,"Note Oct 31, 2025.pdf",ba5d5b38d9f2502a152a7a8726e3ad452681f088df33e650ce9e4546d294dad3,5530570,ACADEMIC_TEACHING,INGESTABLE,academic teaching material,NEEDS_REVIEW,OWNER_PLATFORM_IMPORT_INTENT_RIGHTS_UNVERIFIED
https://cityu-dg.instructure.com,358,Discrete Mathematics,"Note Sep 12, 2025.pdf",30cc9737d5708a48c0b2e131d504555479bc89d3c1079672d8d7d23348cdc0fc,4973770,ACADEMIC_TEACHING,INGESTABLE,academic teaching material,NEEDS_REVIEW,OWNER_PLATFORM_IMPORT_INTENT_RIGHTS_UNVERIFIED
https://cityu-dg.instructure.com,358,Discrete Mathematics,"Note Sep 19, 2025.pdf",58b0881210dbb202de7374b161ca1207ae4c9372c84b78db325974721cf5e8f7,5462470,ACADEMIC_TEACHING,INGESTABLE,academic teaching material,NEEDS_REVIEW,OWNER_PLATFORM_IMPORT_INTENT_RIGHTS_UNVERIFIED
https://cityu-dg.instructure.com,358,Discrete Mathematics,"Note Sep 26, 2025.pdf",3226ffd28c8e8c6656f4af2021f56a2dc307dbd908f25c2c065784bcddbcb7ef,4360156,ACADEMIC_TEACHING,INGESTABLE,academic teaching material,NEEDS_REVIEW,OWNER_PLATFORM_IMPORT_INTENT_RIGHTS_UNVERIFIED
https://cityu-dg.instructure.com,358,Discrete Mathematics,"Note Sep 5, 2025.pdf",409ff9d5eb42c73ea483e95ab35e990da7c49b789e0cb2b3989236c966b65121,4802605,ACADEMIC_TEACHING,INGESTABLE,academic teaching material,NEEDS_REVIEW,OWNER_PLATFORM_IMPORT_INTENT_RIGHTS_UNVERIFIED
https://cityu-dg.instructure.com,358,Discrete Mathematics,course info.pdf,b887597bae3a583033af2b36e3fa68dcbc6e133df9b96275cb4ab9825365b1b0,88921,ACADEMIC_TEACHING,INGESTABLE,academic teaching material,NEEDS_REVIEW,OWNER_PLATFORM_IMPORT_INTENT_RIGHTS_UNVERIFIED
https://cityu-dg.instructure.com,359,Sems on Contemp Tech I,0922.pdf,596709c512c7fa556d8967b3d6d740aab1c58218e83eeb6ba13ce82292e5c723,4630840,ACADEMIC_TEACHING,INGESTABLE,academic teaching material,NEEDS_REVIEW,OWNER_PLATFORM_IMPORT_INTENT_RIGHTS_UNVERIFIED
https://cityu-dg.instructure.com,359,Sems on Contemp Tech I,Zhou_HiVT_Hierarchical_Vector_Transformer_for_Multi-Agent_Motion_Prediction_CVPR_2022_paper.pdf,5db7b1a1e3313d3322f8f82c1f2416d03e4c5a92abae84b64b0a94d3e0c16fae,650636,ACADEMIC_TEACHING,INGESTABLE,academic teaching material,NEEDS_REVIEW,OWNER_PLATFORM_IMPORT_INTENT_RIGHTS_UNVERIFIED
https://cityu-dg.instructure.com,359,Sems on Contemp Tech I,Zhou_Query-Centric_Trajectory_Prediction_CVPR_2023_paper.pdf,f86dbae9c726e4bffcca2779559a3d49612e4082543be0813d7bdbcb61ebbe8e,1250346,ACADEMIC_TEACHING,INGESTABLE,academic teaching material,NEEDS_REVIEW,OWNER_PLATFORM_IMPORT_INTENT_RIGHTS_UNVERIFIED
https://cityu-dg.instructure.com,359,Sems on Contemp Tech I,dcc.pdf,5e1c7678faf9ea8a6c7a79ec0b55a2f822373612cfcf8d1304f4d78f3b80125f,716908,ACADEMIC_TEACHING,INGESTABLE,academic teaching material,NEEDS_REVIEW,OWNER_PLATFORM_IMPORT_INTENT_RIGHTS_UNVERIFIED
https://cityu-dg.instructure.com,359,Sems on Contemp Tech I,dns-maude.pdf,93baf32e4b63625af17f2d9349ba2d5d090aed21609e5691d841c05e368084a2,1156605,ACADEMIC_TEACHING,INGESTABLE,academic teaching material,NEEDS_REVIEW,OWNER_PLATFORM_IMPORT_INTENT_RIGHTS_UNVERIFIED
https://cityu-dg.instructure.com,367,Computer Organization,MIPS_reference_card.pdf,91d866a7d68ed225aa4dbc66675b322263f0d4020827717c723ecc85f9b02e27,3629420,ACADEMIC_TEACHING,INGESTABLE,academic teaching material,NEEDS_REVIEW,OWNER_PLATFORM_IMPORT_INTENT_RIGHTS_UNVERIFIED
https://cityu-dg.instructure.com,367,Computer Organization,MIPS_reference_card_another_choice.pdf,05349a354183a2db13d448487512295cbb4756a409df6a82a55e7cbec9896b24,96375,ACADEMIC_TEACHING,INGESTABLE,academic teaching material,NEEDS_REVIEW,OWNER_PLATFORM_IMPORT_INTENT_RIGHTS_UNVERIFIED
https://cityu-dg.instructure.com,367,Computer Organization,Mars4_5.jar,ac340b676ba2b62246b9df77e62f81ad4447bcfd329ab539716bcd09950b7096,4169142,ACADEMIC_TEACHING,DOWNLOAD_ONLY,"unknown format: stored, never counted as learnable material",NEEDS_REVIEW,OWNER_PLATFORM_IMPORT_INTENT_RIGHTS_UNVERIFIED
https://cityu-dg.instructure.com,367,Computer Organization,lec01-intro.pdf,0bbe05bc7d9f59ef7443df02b5c0354912b0fd8a6f39c4a2d9abbfc39f72a5ca,1255745,ACADEMIC_TEACHING,INGESTABLE,academic teaching material,NEEDS_REVIEW,OWNER_PLATFORM_IMPORT_INTENT_RIGHTS_UNVERIFIED
https://cityu-dg.instructure.com,367,Computer Organization,lec02-computer-systems.pdf,7d6322053a480ed87d1a9a9d019b88211a0b82b8c4a226ced023ee3786968ce5,1195272,ACADEMIC_TEACHING,INGESTABLE,academic teaching material,NEEDS_REVIEW,OWNER_PLATFORM_IMPORT_INTENT_RIGHTS_UNVERIFIED
https://cityu-dg.instructure.com,367,Computer Organization,lec03-number-systems.pptx,7d95dfee665ebb26332bf6aa881ff40945f040739594069cf2fb153955b1f2f5,1250278,ACADEMIC_TEACHING,INGESTABLE,academic teaching material,NEEDS_REVIEW,OWNER_PLATFORM_IMPORT_INTENT_RIGHTS_UNVERIFIED
https://cityu-dg.instructure.com,367,Computer Organization,lec04-logic-circuits.pptx,1f5edc8e8c0240fc2e7da74129f7439abe220f1ec6f68eef4bc29470d254fd9c,1941605,ACADEMIC_TEACHING,INGESTABLE,academic teaching material,NEEDS_REVIEW,OWNER_PLATFORM_IMPORT_INTENT_RIGHTS_UNVERIFIED
https://cityu-dg.instructure.com,367,Computer Organization,lec05-sequential-logic.pptx,8bf754eafed2938ddca32a3e45e44c2ce9ca5fa13e19d46e17952e077ad97b34,1067651,ACADEMIC_TEACHING,INGESTABLE,academic teaching material,NEEDS_REVIEW,OWNER_PLATFORM_IMPORT_INTENT_RIGHTS_UNVERIFIED
https://cityu-dg.instructure.com,367,Computer Organization,lec06-n-07-ISA-n-MIPS-assembly.pptx,bbcb77b7f29c3097c688cd138464abf6f8f945484c2437839fbd0c26e5665233,3712922,ACADEMIC_TEACHING,INGESTABLE,academic teaching material,NEEDS_REVIEW,OWNER_PLATFORM_IMPORT_INTENT_RIGHTS_UNVERIFIED
https://cityu-dg.instructure.com,367,Computer Organization,lec07-MIPS-procedure.pptx,f1032794d6d2a052d2a0a729d51c51a991a743b0b7f62c23c1ffdd68ebb4cf17,589547,ACADEMIC_TEACHING,INGESTABLE,academic teaching material,NEEDS_REVIEW,OWNER_PLATFORM_IMPORT_INTENT_RIGHTS_UNVERIFIED
https://cityu-dg.instructure.com,367,Computer Organization,lec07-proc-call-ex1.asm,8b1063ed5daa23076b1e4f2946fa02656707d326c3f4b123011eff0ba23f0915,309,ACADEMIC_TEACHING,DOWNLOAD_ONLY,"unknown format: stored, never counted as learnable material",NEEDS_REVIEW,OWNER_PLATFORM_IMPORT_INTENT_RIGHTS_UNVERIFIED
https://cityu-dg.instructure.com,367,Computer Organization,lec07-proc-call-ex2.asm,64dbbf683083a909e6af8693a038fc2283ae2f6248a40adc2a1cd5a9636e734f,499,ACADEMIC_TEACHING,DOWNLOAD_ONLY,"unknown format: stored, never counted as learnable material",NEEDS_REVIEW,OWNER_PLATFORM_IMPORT_INTENT_RIGHTS_UNVERIFIED
https://cityu-dg.instructure.com,367,Computer Organization,lec08-CPU.pdf,3d2d093f8948efdcc62da0a09cca9d5a9c5f29d298a5b7c05a1207674039888e,2072725,ACADEMIC_TEACHING,INGESTABLE,academic teaching material,NEEDS_REVIEW,OWNER_PLATFORM_IMPORT_INTENT_RIGHTS_UNVERIFIED
https://cityu-dg.instructure.com,367,Computer Organization,lec09-memory.pdf,37ea7b611989ee553ca544ea0ade4feae756088d1e02f57a6fb598735f2a0c14,1866835,ACADEMIC_TEACHING,INGESTABLE,academic teaching material,NEEDS_REVIEW,OWNER_PLATFORM_IMPORT_INTENT_RIGHTS_UNVERIFIED
https://cityu-dg.instructure.com,367,Computer Organization,lec09-memory.pptx,02824711d2502c393eb7f179ea19ade3b0a77dbbfa50d1f1425534c401222b90,3192800,ACADEMIC_TEACHING,INGESTABLE,academic teaching material,NEEDS_REVIEW,OWNER_PLATFORM_IMPORT_INTENT_RIGHTS_UNVERIFIED
https://cityu-dg.instructure.com,367,Computer Organization,lec10-IO-system.pdf,0956021a5e3cbf90f993d73a8bcc74a180fc92c8ef9231939716b9e0eeba4e52,773298,ACADEMIC_TEACHING,INGESTABLE,academic teaching material,NEEDS_REVIEW,OWNER_PLATFORM_IMPORT_INTENT_RIGHTS_UNVERIFIED
https://cityu-dg.instructure.com,367,Computer Organization,lec11-revision.pdf,ab3d678a5cf6319bfd2602d960837ab2dad145306f40809d376a8ff7587fd771,1391921,ACADEMIC_TEACHING,INGESTABLE,academic teaching material,NEEDS_REVIEW,OWNER_PLATFORM_IMPORT_INTENT_RIGHTS_UNVERIFIED
https://cityu-dg.instructure.com,367,Computer Organization,logisim-macosx-2.7.1.tar.gz,41c5555b8021794e268a3fc2c9c51301d919680ae780b000b99380fc492bae7c,6393591,ACADEMIC_TEACHING,DOWNLOAD_ONLY,"no loader can read this format: stored, never counted as learnable material",NEEDS_REVIEW,OWNER_PLATFORM_IMPORT_INTENT_RIGHTS_UNVERIFIED
https://cityu-dg.instructure.com,367,Computer Organization,tutorial-1-logisim-1.pptx,812636bd11cd965ce1f5acbfa9842a56623d2ccf71eca079b4c7d9a7bb6481d6,194260,ACADEMIC_TEACHING,INGESTABLE,academic teaching material,NEEDS_REVIEW,OWNER_PLATFORM_IMPORT_INTENT_RIGHTS_UNVERIFIED
https://cityu-dg.instructure.com,367,Computer Organization,tutorial-2-logisim-2.pptx,ed5c68311fcb8fe7b2446424c0a3cba783388605322e38fdd10b3028854a82d1,490073,ACADEMIC_TEACHING,INGESTABLE,academic teaching material,NEEDS_REVIEW,OWNER_PLATFORM_IMPORT_INTENT_RIGHTS_UNVERIFIED
https://cityu-dg.instructure.com,367,Computer Organization,tutorial-3-mars-1.pptx,cde76a9143ea6d82cbd1707499f5cb48dbaf2722f0981ee48b33da0245a526f6,582843,ACADEMIC_TEACHING,INGESTABLE,academic teaching material,NEEDS_REVIEW,OWNER_PLATFORM_IMPORT_INTENT_RIGHTS_UNVERIFIED
https://cityu-dg.instructure.com,367,Computer Organization,tutorial-4-mars-2.pptx,c5b0a9b883c4722422f5dd3620d19ee18d08e15f2c0ed3420f79b4957c80d2f0,185733,ACADEMIC_TEACHING,INGESTABLE,academic teaching material,NEEDS_REVIEW,OWNER_PLATFORM_IMPORT_INTENT_RIGHTS_UNVERIFIED
https://cityu-dg.instructure.com,367,Computer Organization,tutorial-5-cpu-1.pptx,4642a2a41d811a0294a57fe9727a3cd085381c27ea014e51cd91e38fdbffba21,734541,ACADEMIC_TEACHING,INGESTABLE,academic teaching material,NEEDS_REVIEW,OWNER_PLATFORM_IMPORT_INTENT_RIGHTS_UNVERIFIED
https://cityu-dg.instructure.com,367,Computer Organization,tutorial-6-7-cpu-2.pptx,3e933338e164e16ffa793e97de2b76de5f284a7df977b9d7706e0e581dadd854,466932,ACADEMIC_TEACHING,INGESTABLE,academic teaching material,NEEDS_REVIEW,OWNER_PLATFORM_IMPORT_INTENT_RIGHTS_UNVERIFIED
https://cityu-dg.instructure.com,367,Computer Organization,tutorial-8-pipeline.pptx,e4d76b1ebd1f7aa552d6ad9a887a3a243bd76496fee452362ddf1f7eb955ea67,303775,ACADEMIC_TEACHING,INGESTABLE,academic teaching material,NEEDS_REVIEW,OWNER_PLATFORM_IMPORT_INTENT_RIGHTS_UNVERIFIED
https://cityu-dg.instructure.com,370,Physical Education III,WechatIMG645.jpg,1a102ff7f843fe8c9e08ba501d22a7eb654d287fab8bc625294f8d521bd10129,150095,ACADEMIC_TEACHING,DOWNLOAD_ONLY,"unknown format: stored, never counted as learnable material",NEEDS_REVIEW,OWNER_PLATFORM_IMPORT_INTENT_RIGHTS_UNVERIFIED
https://cityu-dg.instructure.com,370,Physical Education III,体质健康测试通知.zip,f050f1a1d20f029f2f719964391c9d23b7d4e8af86fc6a3184091ae91a837245,97497,ACADEMIC_TEACHING,DOWNLOAD_ONLY,"no loader can read this format: stored, never counted as learnable material",NEEDS_REVIEW,OWNER_PLATFORM_IMPORT_INTENT_RIGHTS_UNVERIFIED
https://cityu-dg.instructure.com,370,Physical Education III,体质测试文件.zip,43fd03cdc6a6c4eabb78aba305eae6b288e6232d9271012a8f7d88af7a0d44b5,156122237,ACADEMIC_TEACHING,DOWNLOAD_ONLY,"no loader can read this format: stored, never counted as learnable material",NEEDS_REVIEW,OWNER_PLATFORM_IMPORT_INTENT_RIGHTS_UNVERIFIED
https://cityu-dg.instructure.com,370,Physical Education III,微信图片_20250908211545.png,7f7f5975d3aaa8223d4bd570fefb975bc5e25e12eca88c02c2170ce8aebe6f26,149867,ACADEMIC_TEACHING,DOWNLOAD_ONLY,"unknown format: stored, never counted as learnable material",NEEDS_REVIEW,OWNER_PLATFORM_IMPORT_INTENT_RIGHTS_UNVERIFIED
https://cityu-dg.instructure.com,383,思想道德与法治,6.职业道德（敬业）.pptx,615096a3527f95453e4e3f94abf1ce341833ad6da9172d8277bca95f556a1d67,15773576,ACADEMIC_TEACHING,INGESTABLE,academic teaching material,NEEDS_REVIEW,OWNER_PLATFORM_IMPORT_INTENT_RIGHTS_UNVERIFIED
https://cityu-dg.instructure.com,383,思想道德与法治,7.专题六 诚信.pptx,143eaa5e872b918bca97b81d9c58cdc436c91866b2030029f1e2b059694974f5,7601603,ACADEMIC_TEACHING,INGESTABLE,academic teaching material,NEEDS_REVIEW,OWNER_PLATFORM_IMPORT_INTENT_RIGHTS_UNVERIFIED
https://cityu-dg.instructure.com,383,思想道德与法治,9.改革创新（第三章 第三节 让改革创新成为青春远航的动力）.pptx,d7a788220b6228e06c8d085041f765488ac0458451f901dde266503827704b65,237309103,ACADEMIC_TEACHING,INGESTABLE,academic teaching material,NEEDS_REVIEW,OWNER_PLATFORM_IMPORT_INTENT_RIGHTS_UNVERIFIED
https://cityu-dg.instructure.com,383,思想道德与法治,Everything-1.4.1.1030.x64-Setup.exe,553fd2477e830f686d140d8e7ff79fc3d69239a754c85be4cf7e45a625a50396,1987848,ACADEMIC_TEACHING,DOWNLOAD_ONLY,"no loader can read this format: stored, never counted as learnable material",NEEDS_REVIEW,OWNER_PLATFORM_IMPORT_INTENT_RIGHTS_UNVERIFIED
https://cityu-dg.instructure.com,383,思想道德与法治,How to write clearly.pdf,c76e4fd9e9a3e4f27cb8efcf9657e79a4e64900e25000be917fb5d9bf5e0f49d,845555,ACADEMIC_TEACHING,INGESTABLE,academic teaching material,NEEDS_REVIEW,OWNER_PLATFORM_IMPORT_INTENT_RIGHTS_UNVERIFIED
https://cityu-dg.instructure.com,383,思想道德与法治,IP1902德法课教学大纲（高健康）Course_Syllabus  A 2025-26(1).doc,a27ee0013670582f7c9220ef579edc66a5b65455d84857423fddd2080e45952c,183296,ACADEMIC_TEACHING,INGESTABLE,academic teaching material,NEEDS_REVIEW,OWNER_PLATFORM_IMPORT_INTENT_RIGHTS_UNVERIFIED
https://cityu-dg.instructure.com,383,思想道德与法治,textpro65官网下载版.rar,35630b1d4e032db6989aff1b2390453a24c7abaa758c523d7405f29f28e98cda,3410014,ACADEMIC_TEACHING,DOWNLOAD_ONLY,"no loader can read this format: stored, never counted as learnable material",NEEDS_REVIEW,OWNER_PLATFORM_IMPORT_INTENT_RIGHTS_UNVERIFIED
https://cityu-dg.instructure.com,383,思想道德与法治,"“文化圈顶流”余华香港开讲：不要为了追求所谓的成功去经历苦难 - 中国新闻社 (1080p, h264, youtube) (2).mp4",4a8de2a3c0dcca53ed94d55def192182a28bd09fccddb18ea7d8ba32e60aaa2b,9049577,ACADEMIC_TEACHING,DOWNLOAD_ONLY,"no loader can read this format: stored, never counted as learnable material",NEEDS_REVIEW,OWNER_PLATFORM_IMPORT_INTENT_RIGHTS_UNVERIFIED
https://cityu-dg.instructure.com,383,思想道德与法治,【25秋季】专题4 继承优良传统 弘扬中国精神 第3讲 让改革成为青春远航的动力.pptx,1f987ccb1af977125be1a0b44cdd132e55302edd7253f6f9b5101f8257842ad1,404965393,ACADEMIC_TEACHING,INGESTABLE,academic teaching material,NEEDS_REVIEW,OWNER_PLATFORM_IMPORT_INTENT_RIGHTS_UNVERIFIED
https://cityu-dg.instructure.com,383,思想道德与法治,【25秋季】第四章  明确价值要求 践行价值准则  第1讲 全体人民共同的价值追求.pptx,a66759cb05be674f17dd6fff2b4cc0e7c78a030862b3903057c0e10fe45be017,284328711,ACADEMIC_TEACHING,INGESTABLE,academic teaching material,NEEDS_REVIEW,OWNER_PLATFORM_IMPORT_INTENT_RIGHTS_UNVERIFIED
https://cityu-dg.instructure.com,383,思想道德与法治,【25秋季】第四章 明确价值要求 践行价值准则   第2讲 坚定社会主义核心价值观自信.pptx,853ed86f96562cf9dc3d54b5d83491d524cfa3cc58d56010c8b71b7269c1e1de,91932792,ACADEMIC_TEACHING,INGESTABLE,academic teaching material,NEEDS_REVIEW,OWNER_PLATFORM_IMPORT_INTENT_RIGHTS_UNVERIFIED
https://cityu-dg.instructure.com,383,思想道德与法治,【25秋季】第四章 明确价值要求 践行价值准则  第3讲 积极践行社会主义核心价值观1.pptx,9030ce87b9eb43455bda1c39a42a24fea5f99ac71a298b5d2230720ee70b3186,165366944,ACADEMIC_TEACHING,INGESTABLE,academic teaching material,NEEDS_REVIEW,OWNER_PLATFORM_IMPORT_INTENT_RIGHTS_UNVERIFIED
https://cityu-dg.instructure.com,383,思想道德与法治,【每日一习话】改革开放是实现中华民族伟大复兴的必由之路-新华网.mp4,bb2207d895f0f4d57b7981d32b20d3468e8735c2bf032f06e39c21d514c2a439,52431206,ACADEMIC_TEACHING,DOWNLOAD_ONLY,"no loader can read this format: stored, never counted as learnable material",NEEDS_REVIEW,OWNER_PLATFORM_IMPORT_INTENT_RIGHTS_UNVERIFIED
https://cityu-dg.instructure.com,383,思想道德与法治,【每日一习话】改革开放铸就伟大改革开放精神--时政--人民网.mp4,03b340cdff748131a8e45e4b4b3a71f7d2df53631ae243003fc62300e220d6c6,9613744,ACADEMIC_TEACHING,DOWNLOAD_ONLY,"no loader can read this format: stored, never counted as learnable material",NEEDS_REVIEW,OWNER_PLATFORM_IMPORT_INTENT_RIGHTS_UNVERIFIED
https://cityu-dg.instructure.com,383,思想道德与法治,专题6  遵守道德规范  锤炼道德品格 第2讲 吸收借鉴优秀道德成果.pptx,f41d398097fd278a5bbad2e607530e6f158f14a4f437c66ac4247f2408a7ab25,36319249,ACADEMIC_TEACHING,INGESTABLE,academic teaching material,NEEDS_REVIEW,OWNER_PLATFORM_IMPORT_INTENT_RIGHTS_UNVERIFIED
https://cityu-dg.instructure.com,383,思想道德与法治,专题6 遵守道德规范 锤炼道德品格 第1讲 社会主义道德的核心与原则（上课用） [只读].pptx,e8b8e16f101bb651edd8469c79c15f05a859807365b27f5be538a703cacccbe6,23942054,ACADEMIC_TEACHING,INGESTABLE,academic teaching material,NEEDS_REVIEW,OWNER_PLATFORM_IMPORT_INTENT_RIGHTS_UNVERIFIED
https://cityu-dg.instructure.com,383,思想道德与法治,专题7  学习法治思想  提升法治素养 第1讲 社会主义法律的特征和运行.pptx,da77c67383aff4ed318c5bdd1c9a5a8ea3dc12aaf515ff8921654bd87298a033,98369224,ACADEMIC_TEACHING,INGESTABLE,academic teaching material,NEEDS_REVIEW,OWNER_PLATFORM_IMPORT_INTENT_RIGHTS_UNVERIFIED
https://cityu-dg.instructure.com,383,思想道德与法治,专题7  学习法治思想  提升法治素养 第2讲 坚持全面依法治国.pptx,4f95224483405d0166273680ddb1280d3ed8e59a29c23affc72b3bd0014745f7,64079772,ACADEMIC_TEACHING,INGESTABLE,academic teaching material,NEEDS_REVIEW,OWNER_PLATFORM_IMPORT_INTENT_RIGHTS_UNVERIFIED
https://cityu-dg.instructure.com,383,思想道德与法治,专题7  学习法治思想  提升法治素养 第3讲 维护宪法权威.pptx,9416e9f5d05163a5ce4c66a9dfb24ee42abc679ca7adfe1be34084c9b7c53cbe,18887500,ACADEMIC_TEACHING,INGESTABLE,academic teaching material,NEEDS_REVIEW,OWNER_PLATFORM_IMPORT_INTENT_RIGHTS_UNVERIFIED
https://cityu-dg.instructure.com,383,思想道德与法治,专题7  学习法治思想  提升法治素养 第4讲 自觉尊法学法守法用法.pptx,77f9cdff96811ab3d47186757ff1528fc4a5735df75b272869956d2dede0f85a,49252448,ACADEMIC_TEACHING,INGESTABLE,academic teaching material,NEEDS_REVIEW,OWNER_PLATFORM_IMPORT_INTENT_RIGHTS_UNVERIFIED
https://cityu-dg.instructure.com,383,思想道德与法治,专题五 爱国 by 高健康.ppt,4ad3d05cbc7e857a34aeac2538981e2fc46a0a56e6393f37696a4a87a14e4662,18192384,ACADEMIC_TEACHING,INGESTABLE,academic teaching material,NEEDS_REVIEW,OWNER_PLATFORM_IMPORT_INTENT_RIGHTS_UNVERIFIED
https://cityu-dg.instructure.com,383,思想道德与法治,专题四 生死观.pptx,2d39be4fda672b7ae8917bc85f6b62bd0b0c185b465490a21097dfb1c28487d4,32022860,ACADEMIC_TEACHING,INGESTABLE,academic teaching material,NEEDS_REVIEW,OWNER_PLATFORM_IMPORT_INTENT_RIGHTS_UNVERIFIED
https://cityu-dg.instructure.com,383,思想道德与法治,专题：友善.ppt,d6fc4da2397e14899c4ae64ab21febf465e9e1c221b63e367511ebe3581646e2,40038912,ACADEMIC_TEACHING,INGESTABLE,academic teaching material,NEEDS_REVIEW,OWNER_PLATFORM_IMPORT_INTENT_RIGHTS_UNVERIFIED
https://cityu-dg.instructure.com,383,思想道德与法治,中国人写英文文章最常范的错误.pdf,b8fd9df02c0c28f7971da57a9636b52113a674bfe991d763c5f1b80c01d84a25,67584,ACADEMIC_TEACHING,INGESTABLE,academic teaching material,NEEDS_REVIEW,OWNER_PLATFORM_IMPORT_INTENT_RIGHTS_UNVERIFIED
https://cityu-dg.instructure.com,383,思想道德与法治,中国南北饭局差异.mp4,031e4019549ad791527f892e601803b71664a40e83b56111f4a12bfa13e30374,3686148,ACADEMIC_TEACHING,DOWNLOAD_ONLY,"no loader can read this format: stored, never counted as learnable material",NEEDS_REVIEW,OWNER_PLATFORM_IMPORT_INTENT_RIGHTS_UNVERIFIED
https://cityu-dg.instructure.com,383,思想道德与法治,二胡独奏《梁祝》 -  (完整版)二胡独奏_标清_标清.mp4,9097fde55e8469fab96cd877d8660224fe8f788d1627afe5364617f2098bb8d9,79777271,ACADEMIC_TEACHING,DOWNLOAD_ONLY,"no loader can read this format: stored, never counted as learnable material",NEEDS_REVIEW,OWNER_PLATFORM_IMPORT_INTENT_RIGHTS_UNVERIFIED
https://cityu-dg.instructure.com,383,思想道德与法治,关凯元：我起诉了孔庆东.flv,8cd97316caad99401e2d5a7ce3abacef072285d3fb7102885628e68a8fd09394,9955766,ACADEMIC_TEACHING,DOWNLOAD_ONLY,"unknown format: stored, never counted as learnable material",NEEDS_REVIEW,OWNER_PLATFORM_IMPORT_INTENT_RIGHTS_UNVERIFIED
https://cityu-dg.instructure.com,383,思想道德与法治,写作如何影响思维 How Writing Shapes Thinking.pdf,b159c1daf987c9769d876ef711c3fb24bc18e4bf60c600e51b5fd306518dc3f2,51469556,ACADEMIC_TEACHING,INGESTABLE,academic teaching material,NEEDS_REVIEW,OWNER_PLATFORM_IMPORT_INTENT_RIGHTS_UNVERIFIED
https://cityu-dg.instructure.com,383,思想道德与法治,孔庆东 药家鑫.flv,9004d8446b063154e32538385954fba57edbf5394f56117f8c548e0e1ff0102a,13625778,ACADEMIC_TEACHING,DOWNLOAD_ONLY,"unknown format: stored, never counted as learnable material",NEEDS_REVIEW,OWNER_PLATFORM_IMPORT_INTENT_RIGHTS_UNVERIFIED
https://cityu-dg.instructure.com,383,思想道德与法治,学术论文写作常用网址.docx,19946071be2daea225d58ddf0c5c0eccf622585213c51c0a063fe5f32bf9cd85,19105,ACADEMIC_TEACHING,INGESTABLE,academic teaching material,NEEDS_REVIEW,OWNER_PLATFORM_IMPORT_INTENT_RIGHTS_UNVERIFIED
https://cityu-dg.instructure.com,383,思想道德与法治,平等 少年屠龙的故事.mp4,024ecebbc03e13eefd57d11747afe41fa893bf593a0165c39da6b5c228206e33,2703708,ACADEMIC_TEACHING,DOWNLOAD_ONLY,"no loader can read this format: stored, never counted as learnable material",NEEDS_REVIEW,OWNER_PLATFORM_IMPORT_INTENT_RIGHTS_UNVERIFIED
https://cityu-dg.instructure.com,383,思想道德与法治,思想道德与法治 期末回顾.pptx,3568d0c7cb53a5cf7b672c7090c28e9d5b90fec06d89eabcf21389c2c97dfca6,383419,ACADEMIC_TEACHING,BLOCKED,"ASSESSMENT_MATERIAL: an exam, quiz or marking document needs the owner's decision",BLOCKED_NEEDS_OWNER_DECISION,OWNER_PLATFORM_IMPORT_INTENT_RIGHTS_UNVERIFIED
https://cityu-dg.instructure.com,383,思想道德与法治,教材 思想道德与法治 (2023年版) (本书编写组) (Z-Library).pdf,7887508f79411f338538be0796defb221b17fbf53db448fdd3df0cd53a10061f,103912131,ACADEMIC_TEACHING,BLOCKED,"UNLICENSED_SOURCE: the file name identifies a shadow-library copy, which cannot be the basis of a campus library",BLOCKED_NEEDS_OWNER_DECISION,OWNER_PLATFORM_IMPORT_INTENT_RIGHTS_UNVERIFIED
https://cityu-dg.instructure.com,383,思想道德与法治,新文化运动 胡适 原唱珍贵高清视频  1981银霞《兰花草》棚内版.mp4,2fad27371262768f0a433708c30a114a0a669799241e4c44d3d1be7a391a02f0,16410638,ACADEMIC_TEACHING,DOWNLOAD_ONLY,"no loader can read this format: stored, never counted as learnable material",NEEDS_REVIEW,OWNER_PLATFORM_IMPORT_INTENT_RIGHTS_UNVERIFIED
https://cityu-dg.instructure.com,383,思想道德与法治,杨振宁 不负韶华 纪录片 文化创新 犯错.mp4,5a047614fd99061bf6e7715126703b784fb1bf3bccfb00b74bc52feafd2107d3,37752347,ACADEMIC_TEACHING,DOWNLOAD_ONLY,"no loader can read this format: stored, never counted as learnable material",NEEDS_REVIEW,OWNER_PLATFORM_IMPORT_INTENT_RIGHTS_UNVERIFIED
https://cityu-dg.instructure.com,383,思想道德与法治,法律文化 五四宪法.mp4,aadc006286c3bc88104955d65c27e6ab8d50ab3f9cda6a87e4aedbb31ca3786f,43621475,ACADEMIC_TEACHING,DOWNLOAD_ONLY,"no loader can read this format: stored, never counted as learnable material",NEEDS_REVIEW,OWNER_PLATFORM_IMPORT_INTENT_RIGHTS_UNVERIFIED
https://cityu-dg.instructure.com,383,思想道德与法治,法律文化 新时代枫桥经验.mp4,006b0111a648d9d132f9c458dbab3c7ab9c6f801d111872029724abbf7454eaf,3374747,ACADEMIC_TEACHING,DOWNLOAD_ONLY,"no loader can read this format: stored, never counted as learnable material",NEEDS_REVIEW,OWNER_PLATFORM_IMPORT_INTENT_RIGHTS_UNVERIFIED
https://cityu-dg.instructure.com,383,思想道德与法治,牛津典故词典_The_Oxford_Dictionary_of_Allusions.pdf,ee4c709b742a69acbf4e0b055ad9dc8c76722a6522e32d77ce7c120789a7bc5b,9069391,ACADEMIC_TEACHING,INGESTABLE,academic teaching material,NEEDS_REVIEW,OWNER_PLATFORM_IMPORT_INTENT_RIGHTS_UNVERIFIED
https://cityu-dg.instructure.com,383,思想道德与法治,牛津写作指南Oxford Essential Guide to Writing.pdf,7d882ca4729be7569ece8733309dc276e80403b0fedf2cc856910f025bdec70a,2937617,ACADEMIC_TEACHING,INGESTABLE,academic teaching material,NEEDS_REVIEW,OWNER_PLATFORM_IMPORT_INTENT_RIGHTS_UNVERIFIED
https://cityu-dg.instructure.com,383,思想道德与法治,牛津图片词典Monolingual English  2008.pdf,6279fcc94a637472832f6ecb02b40bd8cb355892e1816475b90a91ae9f27b226,51802284,ACADEMIC_TEACHING,INGESTABLE,academic teaching material,NEEDS_REVIEW,OWNER_PLATFORM_IMPORT_INTENT_RIGHTS_UNVERIFIED
https://cityu-dg.instructure.com,383,思想道德与法治,独家视频丨习近平在安徽考察调研 - CCTV.mp4,0275c2a5a3023d85824a3ac76c56a82441261993c04d8af2f9578eff1998df50,27522617,ACADEMIC_TEACHING,DOWNLOAD_ONLY,"no loader can read this format: stored, never counted as learnable material",NEEDS_REVIEW,OWNER_PLATFORM_IMPORT_INTENT_RIGHTS_UNVERIFIED
https://cityu-dg.instructure.com,383,思想道德与法治,章鱼的爱情.mov,beb2375219d14e85ef36662ff8256b60124b028d0d4a37497402970c7a083689,65688040,ACADEMIC_TEACHING,DOWNLOAD_ONLY,"no loader can read this format: stored, never counted as learnable material",NEEDS_REVIEW,OWNER_PLATFORM_IMPORT_INTENT_RIGHTS_UNVERIFIED
https://cityu-dg.instructure.com,383,思想道德与法治,第一章  科学与道德（上）-95436.ppt,6e207fca0cf2655c2290b10379a9fc48797100fda48d7c64817567368b6d407a,42021888,ACADEMIC_TEACHING,INGESTABLE,academic teaching material,NEEDS_REVIEW,OWNER_PLATFORM_IMPORT_INTENT_RIGHTS_UNVERIFIED
https://cityu-dg.instructure.com,383,思想道德与法治,第一章  科学与道德（上）.ppt,6e207fca0cf2655c2290b10379a9fc48797100fda48d7c64817567368b6d407a,42021888,ACADEMIC_TEACHING,INGESTABLE,academic teaching material,NEEDS_REVIEW,OWNER_PLATFORM_IMPORT_INTENT_RIGHTS_UNVERIFIED
https://cityu-dg.instructure.com,383,思想道德与法治,第三讲 人性、幸福与美好生活.ppt,794c9159f13f32d09e9329926443727931f11e762626ed26395542d045f492ae,9915904,ACADEMIC_TEACHING,INGESTABLE,academic teaching material,NEEDS_REVIEW,OWNER_PLATFORM_IMPORT_INTENT_RIGHTS_UNVERIFIED
https://cityu-dg.instructure.com,383,思想道德与法治,老外教你写论文.pdf,b6dfd3bcc37bbbac10d6d548053183e37919c1739b9b9e59a490600ead513fe6,56532,ACADEMIC_TEACHING,INGESTABLE,academic teaching material,NEEDS_REVIEW,OWNER_PLATFORM_IMPORT_INTENT_RIGHTS_UNVERIFIED
https://cityu-dg.instructure.com,383,思想道德与法治,致橡树.mp4,a5cb16b391ce801fe92b42abcd514d4e9505590b7d43a665bd1dd81c1e1cdc63,25558738,ACADEMIC_TEACHING,DOWNLOAD_ONLY,"no loader can read this format: stored, never counted as learnable material",NEEDS_REVIEW,OWNER_PLATFORM_IMPORT_INTENT_RIGHTS_UNVERIFIED
https://cityu-dg.instructure.com,383,思想道德与法治,"芝加哥大学论文写作指南 (第8版) = A Manual for Writers of Research Papers, Theses, and Dissertations Chicago Style for Students and… ([美] 凯特 · L · 杜拉宾 (Kate L. Turabian)... (Z-Library).pdf",7fcd3da8dc99e0d7317d25e9799e0910db5f50bf323597433d50e347389c6062,79778808,ACADEMIC_TEACHING,BLOCKED,"UNLICENSED_SOURCE: the file name identifies a shadow-library copy, which cannot be the basis of a campus library",BLOCKED_NEEDS_OWNER_DECISION,OWNER_PLATFORM_IMPORT_INTENT_RIGHTS_UNVERIFIED
https://cityu-dg.instructure.com,383,思想道德与法治,"英文版 芝加哥大学论文写作指南A Manual for Writers of Research Papers, Theses, and Disnts and Researchers, 9th edition, - Kate L. Turabian.pdf",f67d12f8fdd0232dd09b35cb17e7ad2f8c3fe2ae14ca47a192c6ea5a300e2fd9,4565489,ACADEMIC_TEACHING,INGESTABLE,academic teaching material,NEEDS_REVIEW,OWNER_PLATFORM_IMPORT_INTENT_RIGHTS_UNVERIFIED
https://cityu-dg.instructure.com,383,思想道德与法治,衣文化 谁发明了牛仔裤，作为工人阶级的工作服，它如何成为时尚？.mp4,6eed20a9eaf7a6e782ecc4acbd2ed0ec18ee7dff2b5f93bb9f6894b74b399d42,32536054,ACADEMIC_TEACHING,DOWNLOAD_ONLY,"no loader can read this format: stored, never counted as learnable material",NEEDS_REVIEW,OWNER_PLATFORM_IMPORT_INTENT_RIGHTS_UNVERIFIED
https://cityu-dg.instructure.com,383,思想道德与法治,遇見一首詩：胡適 ⧸ 蝴蝶 (完整).flac,73d4e99eedd3ebd04347bd598565bc8fea9edfa6b90c75e3b91d7791503cac52,53529212,ACADEMIC_TEACHING,DOWNLOAD_ONLY,"unknown format: stored, never counted as learnable material",NEEDS_REVIEW,OWNER_PLATFORM_IMPORT_INTENT_RIGHTS_UNVERIFIED
https://cityu-dg.instructure.com,383,思想道德与法治,顶级厨师九转大肠原版.mp4,61a9c09cffb3f0afcea793be94cc947ccf563da83b76a429fc0f6de3926a0a37,12060583,ACADEMIC_TEACHING,DOWNLOAD_ONLY,"no loader can read this format: stored, never counted as learnable material",NEEDS_REVIEW,OWNER_PLATFORM_IMPORT_INTENT_RIGHTS_UNVERIFIED
https://cityu-dg.instructure.com,383,思想道德与法治,风格的要素：汉英对照（新华2017）.pdf,d73bbe419168e4d29fb9d238db9d1ae223dfbb9103da7e8b54878411408148bc,1632292,ACADEMIC_TEACHING,INGESTABLE,academic teaching material,NEEDS_REVIEW,OWNER_PLATFORM_IMPORT_INTENT_RIGHTS_UNVERIFIED
https://cityu-dg.instructure.com,383,思想道德与法治,食文化 嘉兴肉粽  我不是疯子 是精神病.mp4,a4d45afd5d2bd37273661bfc6f1e1704a86574b6224bb1b45914e3d5d751e523,1550230,ACADEMIC_TEACHING,DOWNLOAD_ONLY,"no loader can read this format: stored, never counted as learnable material",NEEDS_REVIEW,OWNER_PLATFORM_IMPORT_INTENT_RIGHTS_UNVERIFIED
https://cityu-dg.instructure.com,384,Management,CB2300 2025-26A (DG) syllabus--Sep 2 2025.pdf,07733ee29a60d060ef5e74feba9ae81143f2231202175f34c0a31eb0e5c3f3f7,53499,ACADEMIC_TEACHING,INGESTABLE,academic teaching material,NEEDS_REVIEW,OWNER_PLATFORM_IMPORT_INTENT_RIGHTS_UNVERIFIED
https://cityu-dg.instructure.com,384,Management,Week 10--org culture and cross cultural management--Nov 2025--SV.pdf,c449db5cf36673d701a0e07dd516eaf20348ec4b869f4ffb2423d32e510b150c,2315480,ACADEMIC_TEACHING,INGESTABLE,academic teaching material,NEEDS_REVIEW,OWNER_PLATFORM_IMPORT_INTENT_RIGHTS_UNVERIFIED
https://cityu-dg.instructure.com,384,Management,Week 11--Active Listening--Nov 2025--SV.pdf,5f98f43e19faf03a58fd70570aa8f0669e511652705ec3df5b29167ac3649c62,900926,ACADEMIC_TEACHING,INGESTABLE,academic teaching material,NEEDS_REVIEW,OWNER_PLATFORM_IMPORT_INTENT_RIGHTS_UNVERIFIED
https://cityu-dg.instructure.com,384,Management,Week 2 supplementary slides on MBTI.pdf,521514c94e8b5982c64eb3476bb1454446e99a272b125cd5340c9d37fc8595bf,343524,ACADEMIC_TEACHING,INGESTABLE,academic teaching material,NEEDS_REVIEW,OWNER_PLATFORM_IMPORT_INTENT_RIGHTS_UNVERIFIED
https://cityu-dg.instructure.com,384,Management,Week 2--personality and emotion--Sep 10 2025--SV.pdf,5768ad4c92533c643682de7305fc27a9d0c8287622bbc2fe20759a20123cf41a,1570329,ACADEMIC_TEACHING,INGESTABLE,academic teaching material,NEEDS_REVIEW,OWNER_PLATFORM_IMPORT_INTENT_RIGHTS_UNVERIFIED
https://cityu-dg.instructure.com,384,Management,Week 3--decision making--Sep 18 2025--enriched SV.pdf,b89ff8a3f9fed3b9b3797e5bd8f1edd6e01c30cc8472d21a390297e4a448f98c,1511988,ACADEMIC_TEACHING,INGESTABLE,academic teaching material,NEEDS_REVIEW,OWNER_PLATFORM_IMPORT_INTENT_RIGHTS_UNVERIFIED
https://cityu-dg.instructure.com,384,Management,Week 3--decision making--sv.pdf,c527ccb04afa932af27f4359f698c35b9bb34957d4eff49ec58469a16fa9ee69,1583320,ACADEMIC_TEACHING,INGESTABLE,academic teaching material,NEEDS_REVIEW,OWNER_PLATFORM_IMPORT_INTENT_RIGHTS_UNVERIFIED
https://cityu-dg.instructure.com,384,Management,Week 5--motivating people--Oct 2025--SV.pdf,bee60b9f91a31fc164f75c113797f8709df6b7f0b4e5578049ffc27e049c271d,1492827,ACADEMIC_TEACHING,INGESTABLE,academic teaching material,NEEDS_REVIEW,OWNER_PLATFORM_IMPORT_INTENT_RIGHTS_UNVERIFIED
https://cityu-dg.instructure.com,384,Management,Week 6--Leadership--Oct 2025--SV.pdf,76eca897cc383f01f3e4d1c3d0f712d875f62ab0bfdeecb419809ccc42256c91,676105,ACADEMIC_TEACHING,INGESTABLE,academic teaching material,NEEDS_REVIEW,OWNER_PLATFORM_IMPORT_INTENT_RIGHTS_UNVERIFIED
https://cityu-dg.instructure.com,384,Management,Week 7--Managing teams--SV.pdf,2e55db2e7df6b27dcd05a9d692b5add2105a8b4bc21d15f226d2a32bd101f53a,13466685,ACADEMIC_TEACHING,INGESTABLE,academic teaching material,NEEDS_REVIEW,OWNER_PLATFORM_IMPORT_INTENT_RIGHTS_UNVERIFIED
https://cityu-dg.instructure.com,384,Management,Week 9--HRM--SV.pdf,285ad87856ada45f19648898d45a4745b0379bdfe1b39a81d9a67033813344c7,1525081,ACADEMIC_TEACHING,INGESTABLE,academic teaching material,NEEDS_REVIEW,OWNER_PLATFORM_IMPORT_INTENT_RIGHTS_UNVERIFIED
https://cityu-dg.instructure.com,384,Management,exam briefing-95858.pdf,918ed85076fb894d81ef69c885a9ae972997acc2d814df1957bd4c3602dbf733,91931,ACADEMIC_TEACHING,BLOCKED,"ASSESSMENT_MATERIAL: an exam, quiz or marking document needs the owner's decision",BLOCKED_NEEDS_OWNER_DECISION,OWNER_PLATFORM_IMPORT_INTENT_RIGHTS_UNVERIFIED
https://cityu-dg.instructure.com,384,Management,exam briefing.pdf,918ed85076fb894d81ef69c885a9ae972997acc2d814df1957bd4c3602dbf733,91931,ACADEMIC_TEACHING,BLOCKED,"ASSESSMENT_MATERIAL: an exam, quiz or marking document needs the owner's decision",BLOCKED_NEEDS_OWNER_DECISION,OWNER_PLATFORM_IMPORT_INTENT_RIGHTS_UNVERIFIED
https://cityu-dg.instructure.com,426,Computer Programming,CS2310-Lec01-Intro.pdf,9d3430d4ea7e338056dd7ce1a0a1c8d06d08a4d2ff412d4bb8d96c6cc71b53bb,2492914,ACADEMIC_TEACHING,INGESTABLE,academic teaching material,NEEDS_REVIEW,OWNER_PLATFORM_IMPORT_INTENT_RIGHTS_UNVERIFIED
https://cityu-dg.instructure.com,426,Computer Programming,CS2310-Lec02-OperatorConditional.pdf,5922cd4cb8273d2975f097f26291cca0d25f794af75a8d37f7f9af5c880edca7,1406233,ACADEMIC_TEACHING,INGESTABLE,academic teaching material,NEEDS_REVIEW,OWNER_PLATFORM_IMPORT_INTENT_RIGHTS_UNVERIFIED
https://cityu-dg.instructure.com,426,Computer Programming,CS2310-Lec03-Loop-Array.pdf,dd1a9377849141ff2dd61509b53a248bf64bf0f6cc64d1144f2e54412ddac960,4328806,ACADEMIC_TEACHING,INGESTABLE,academic teaching material,NEEDS_REVIEW,OWNER_PLATFORM_IMPORT_INTENT_RIGHTS_UNVERIFIED
https://cityu-dg.instructure.com,426,Computer Programming,CS2310-Lec04-String-Structure.pdf,182fed58befcacae43b38adfc1784aee1d770f4c00311a8134f58a08db9acd5b,1923017,ACADEMIC_TEACHING,INGESTABLE,academic teaching material,NEEDS_REVIEW,OWNER_PLATFORM_IMPORT_INTENT_RIGHTS_UNVERIFIED
https://cityu-dg.instructure.com,426,Computer Programming,CS2310-Lec05-Function.pdf,1c846cccfc5724745d240c81b46798488b9ba2c0b680673c49601f99a1d4bbc4,669583,ACADEMIC_TEACHING,INGESTABLE,academic teaching material,NEEDS_REVIEW,OWNER_PLATFORM_IMPORT_INTENT_RIGHTS_UNVERIFIED
https://cityu-dg.instructure.com,426,Computer Programming,CS2310-Lec06-Class.pdf,4757f81cf9909af70fe32a5be69271c838ab3689cfebf700898e53a4bf9f9aa1,526797,ACADEMIC_TEACHING,INGESTABLE,academic teaching material,NEEDS_REVIEW,OWNER_PLATFORM_IMPORT_INTENT_RIGHTS_UNVERIFIED
https://cityu-dg.instructure.com,426,Computer Programming,CS2310-Lec07-PionterI-Inheritance.pdf,cf38558b3bda6a34d3684587d694eaeeac76674ec011fd7c14ff81fb0df7bc64,689549,ACADEMIC_TEACHING,INGESTABLE,academic teaching material,NEEDS_REVIEW,OWNER_PLATFORM_IMPORT_INTENT_RIGHTS_UNVERIFIED
https://cityu-dg.instructure.com,426,Computer Programming,CS2310-Lec08-PionterII.pptx,1cc976f300bfefb1d116b1ced9657e2f107976b485996b9bf394169664e1cb14,752273,ACADEMIC_TEACHING,INGESTABLE,academic teaching material,NEEDS_REVIEW,OWNER_PLATFORM_IMPORT_INTENT_RIGHTS_UNVERIFIED
https://cityu-dg.instructure.com,426,Computer Programming,CS2310-Lec09-ClassIII-FileIO.pptx,5c32f87151e5d6cb8f04e40845cf01b8d8cdbfef93af0a8e75933b94dc3b388e,820306,ACADEMIC_TEACHING,INGESTABLE,academic teaching material,NEEDS_REVIEW,OWNER_PLATFORM_IMPORT_INTENT_RIGHTS_UNVERIFIED
https://cityu-dg.instructure.com,426,Computer Programming,CS2310-Lec10-Polymorphism.pptx,a5e3c502d2af4c4ed009e4abf30feb261a81cc5fc8ae09b55e8ac8f65f896763,257454,ACADEMIC_TEACHING,INGESTABLE,academic teaching material,NEEDS_REVIEW,OWNER_PLATFORM_IMPORT_INTENT_RIGHTS_UNVERIFIED
https://cityu-dg.instructure.com,426,Computer Programming,CS2310-Lec11-Templates-STL.pptx,f4993f54eac4af9dabd1f9f1a4f10ea4e3b22ed1b0aee7315ddde49fb47380f7,339592,ACADEMIC_TEACHING,INGESTABLE,academic teaching material,NEEDS_REVIEW,OWNER_PLATFORM_IMPORT_INTENT_RIGHTS_UNVERIFIED
https://cityu-dg.instructure.com,426,Computer Programming,Lab01-Optional.pdf,259846b8f2c2acdbc978070395e453e55d48dba4e9d7f05c68e3b12c5bceb008,144817,ACADEMIC_TEACHING,INGESTABLE,academic teaching material,NEEDS_REVIEW,OWNER_PLATFORM_IMPORT_INTENT_RIGHTS_UNVERIFIED
https://cityu-dg.instructure.com,426,Computer Programming,Lab01.pdf,f2e4ead9fefc9e2edcd3526ae64606f25152c1991e78c63c5b916542adf39513,111223,ACADEMIC_TEACHING,INGESTABLE,academic teaching material,NEEDS_REVIEW,OWNER_PLATFORM_IMPORT_INTENT_RIGHTS_UNVERIFIED
https://cityu-dg.instructure.com,426,Computer Programming,Lab02-Practice.pdf,1a10de52364512d61f9355f8648c5094b1b8a45941d4e184fc01d847706b6013,98740,ACADEMIC_TEACHING,INGESTABLE,academic teaching material,NEEDS_REVIEW,OWNER_PLATFORM_IMPORT_INTENT_RIGHTS_UNVERIFIED
https://cityu-dg.instructure.com,426,Computer Programming,Lab02.pdf,3124a3fe499adbfb0dd947604daaf11b7e6c6de4f0902d0cc0f41a69253b93b9,143113,ACADEMIC_TEACHING,INGESTABLE,academic teaching material,NEEDS_REVIEW,OWNER_PLATFORM_IMPORT_INTENT_RIGHTS_UNVERIFIED
https://cityu-dg.instructure.com,426,Computer Programming,Lab02_Q1.cpp,457bbbedaceab15e01dee25f34eb8c339b1842bf0b8bbb831420561e86be7adc,123,ACADEMIC_TEACHING,INGESTABLE,academic teaching material,NEEDS_REVIEW,OWNER_PLATFORM_IMPORT_INTENT_RIGHTS_UNVERIFIED
https://cityu-dg.instructure.com,426,Computer Programming,Lab03-Practice.pdf,9b37ada6d0ec1a59e7f70cd0e4d790e65dbb8f67db44a768d2246c5d066a6bbf,133167,ACADEMIC_TEACHING,INGESTABLE,academic teaching material,NEEDS_REVIEW,OWNER_PLATFORM_IMPORT_INTENT_RIGHTS_UNVERIFIED
https://cityu-dg.instructure.com,426,Computer Programming,Lab03.pdf,77c4712b7fb6740894af44e6d7d462ed38520306b42c3d50abba1f56b9506887,109357,ACADEMIC_TEACHING,INGESTABLE,academic teaching material,NEEDS_REVIEW,OWNER_PLATFORM_IMPORT_INTENT_RIGHTS_UNVERIFIED
https://cityu-dg.instructure.com,426,Computer Programming,Lab04-Practice.pdf,6a89cc5568786a4715e74fed0ddd61de2c4d6865cf341591bd45648b3e1de7fa,125235,ACADEMIC_TEACHING,INGESTABLE,academic teaching material,NEEDS_REVIEW,OWNER_PLATFORM_IMPORT_INTENT_RIGHTS_UNVERIFIED
https://cityu-dg.instructure.com,426,Computer Programming,Lab04.pdf,cb5458fbc4ddce4be4f56f0bf7aa51c28201c30b6f4b81149394eef63de39cce,97702,ACADEMIC_TEACHING,INGESTABLE,academic teaching material,NEEDS_REVIEW,OWNER_PLATFORM_IMPORT_INTENT_RIGHTS_UNVERIFIED
https://cityu-dg.instructure.com,426,Computer Programming,Lab05-Practice.pdf,84994cb0c1b8fdec90d0114bbaf8efe6d61aff7382f52fc57ca10f75290faa93,132030,ACADEMIC_TEACHING,INGESTABLE,academic teaching material,NEEDS_REVIEW,OWNER_PLATFORM_IMPORT_INTENT_RIGHTS_UNVERIFIED
https://cityu-dg.instructure.com,426,Computer Programming,Lab05.pdf,962f848de923837bda9f5c6ac86940863853a48947702378a8c9da55ef3410fd,112741,ACADEMIC_TEACHING,INGESTABLE,academic teaching material,NEEDS_REVIEW,OWNER_PLATFORM_IMPORT_INTENT_RIGHTS_UNVERIFIED
https://cityu-dg.instructure.com,426,Computer Programming,Lab06-Practice.pdf,663522a3f0eee4b0a9de4770a157b091a203fb715c4134ce27c4a4ab512defe4,134049,ACADEMIC_TEACHING,INGESTABLE,academic teaching material,NEEDS_REVIEW,OWNER_PLATFORM_IMPORT_INTENT_RIGHTS_UNVERIFIED
https://cityu-dg.instructure.com,426,Computer Programming,Lab06.pdf,d24d7525e42406fe729db8a82bb103672fe6258ac65f4f424a31d3e88ed93f1b,133377,ACADEMIC_TEACHING,INGESTABLE,academic teaching material,NEEDS_REVIEW,OWNER_PLATFORM_IMPORT_INTENT_RIGHTS_UNVERIFIED
https://cityu-dg.instructure.com,426,Computer Programming,Lab07-Practice.pdf,41a31cbfb03c4f3222ad88811e0b582576c8d78a351cc88c4100b19b38f66074,65306,ACADEMIC_TEACHING,INGESTABLE,academic teaching material,NEEDS_REVIEW,OWNER_PLATFORM_IMPORT_INTENT_RIGHTS_UNVERIFIED
https://cityu-dg.instructure.com,426,Computer Programming,Lab07.pdf,516c104294697debc042bfd4e548b1e84fdc44ba100f3ab42b50af5822672153,161319,ACADEMIC_TEACHING,INGESTABLE,academic teaching material,NEEDS_REVIEW,OWNER_PLATFORM_IMPORT_INTENT_RIGHTS_UNVERIFIED
https://cityu-dg.instructure.com,426,Computer Programming,Lab08-Practice.pdf,d26d7422314f205ece0878e27939b75230a93b5f32e7adb9a73f955498109261,202411,ACADEMIC_TEACHING,INGESTABLE,academic teaching material,NEEDS_REVIEW,OWNER_PLATFORM_IMPORT_INTENT_RIGHTS_UNVERIFIED
https://cityu-dg.instructure.com,426,Computer Programming,Lab08.pdf,a6fd03e5425ddef951a6b810a90fb07b125db63dae2d508d20c629409cb10649,144186,ACADEMIC_TEACHING,INGESTABLE,academic teaching material,NEEDS_REVIEW,OWNER_PLATFORM_IMPORT_INTENT_RIGHTS_UNVERIFIED
https://cityu-dg.instructure.com,426,Computer Programming,Lab09-Practice.pdf,24ac7f364850cfb1b62b2a56f91913b7fe508947c13ba9af522fe83f95ab4ff9,96184,ACADEMIC_TEACHING,INGESTABLE,academic teaching material,NEEDS_REVIEW,OWNER_PLATFORM_IMPORT_INTENT_RIGHTS_UNVERIFIED
https://cityu-dg.instructure.com,426,Computer Programming,Lab09.pdf,ad9303bd82228ee36ccc3b97395475c3c5ca771ecde9901c397ab16aa7c2bb9b,159638,ACADEMIC_TEACHING,INGESTABLE,academic teaching material,NEEDS_REVIEW,OWNER_PLATFORM_IMPORT_INTENT_RIGHTS_UNVERIFIED
https://cityu-dg.instructure.com,426,Computer Programming,Lab10-Practice.pdf,81b21040f143196c6034128c565a68ef938cc3a8e2b4722a4613c55f0baf0a4b,136321,ACADEMIC_TEACHING,INGESTABLE,academic teaching material,NEEDS_REVIEW,OWNER_PLATFORM_IMPORT_INTENT_RIGHTS_UNVERIFIED
https://cityu-dg.instructure.com,426,Computer Programming,Lab10.pdf,ce0d2af6f30db391722fe887dc4313220ab145182471ba0ceff73e4c31023f6a,144195,ACADEMIC_TEACHING,INGESTABLE,academic teaching material,NEEDS_REVIEW,OWNER_PLATFORM_IMPORT_INTENT_RIGHTS_UNVERIFIED
https://cityu-dg.instructure.com,426,Computer Programming,Lab11-Practice.pdf,aa93d1bfc3b0a093c7196fc6ffcd2c993e5d0b3688dd2a21b371b23eb30ebcdd,138120,ACADEMIC_TEACHING,INGESTABLE,academic teaching material,NEEDS_REVIEW,OWNER_PLATFORM_IMPORT_INTENT_RIGHTS_UNVERIFIED
https://cityu-dg.instructure.com,426,Computer Programming,Lab11.pdf,0021213ae5e5e1a5907e6a21c64b2b794f6887d5c66a8f0a2f87009bca62791f,137720,ACADEMIC_TEACHING,INGESTABLE,academic teaching material,NEEDS_REVIEW,OWNER_PLATFORM_IMPORT_INTENT_RIGHTS_UNVERIFIED
https://cityu-dg.instructure.com,426,Computer Programming,lab09.txt,64fefe58fc346057df902db0bb490243f0978fc9707854b67b85e28fd8d17014,465,ACADEMIC_TEACHING,INGESTABLE,academic teaching material,NEEDS_REVIEW,OWNER_PLATFORM_IMPORT_INTENT_RIGHTS_UNVERIFIED
https://cityu-dg.instructure.com,426,Computer Programming,lec12-revision.pdf,1dbcb9d3a5732e7757afa2b5098b3432bb26dc11bd12decb330027af77ce4129,535014,ACADEMIC_TEACHING,INGESTABLE,academic teaching material,NEEDS_REVIEW,OWNER_PLATFORM_IMPORT_INTENT_RIGHTS_UNVERIFIED
https://cityu-dg.instructure.com,441,Computer Networks,Application_Layer_2025_lec02.pdf,795b8996dc5b9699555f030120b47d16b65cd149b8706e5150721aad03ca7973,1784639,ACADEMIC_TEACHING,INGESTABLE,academic teaching material,NEEDS_REVIEW,OWNER_PLATFORM_IMPORT_INTENT_RIGHTS_UNVERIFIED
https://cityu-dg.instructure.com,441,Computer Networks,CS3201 Final_exam  Review-2025DG.pdf,28d6ec98d12b8382909d36d1456d972d9cb62ed3bd38ce577268933a635a03a0,2877488,ACADEMIC_TEACHING,BLOCKED,"ASSESSMENT_MATERIAL: an exam, quiz or marking document needs the owner's decision",BLOCKED_NEEDS_OWNER_DECISION,OWNER_PLATFORM_IMPORT_INTENT_RIGHTS_UNVERIFIED
https://cityu-dg.instructure.com,441,Computer Networks,CS_3201_Syllabus_2025.pdf,70fdabad4a308690df9cc2a34e91d9b97d17f014e11e1140d3b2a705b459ad6a,212599,ACADEMIC_TEACHING,INGESTABLE,academic teaching material,NEEDS_REVIEW,OWNER_PLATFORM_IMPORT_INTENT_RIGHTS_UNVERIFIED
https://cityu-dg.instructure.com,441,Computer Networks,Introduction_2025.pdf,6e42ba694d1b2042957c34508f65e3b572b4e360365d7634bcd7c7e7076add4a,2264036,ACADEMIC_TEACHING,INGESTABLE,academic teaching material,NEEDS_REVIEW,OWNER_PLATFORM_IMPORT_INTENT_RIGHTS_UNVERIFIED
https://cityu-dg.instructure.com,441,Computer Networks,Link Layer_08.pdf,565c1421f4a1f6ffe22816cace4336e14a75b4fb4af9e69f75e81fdcc7cca354,3072629,ACADEMIC_TEACHING,INGESTABLE,academic teaching material,NEEDS_REVIEW,OWNER_PLATFORM_IMPORT_INTENT_RIGHTS_UNVERIFIED
https://cityu-dg.instructure.com,441,Computer Networks,Linux.zip,735cd8292b104b8e559cfed5bd7478d9b6451526d3a7ecabf4ddc8ebba470516,41369838,ACADEMIC_TEACHING,DOWNLOAD_ONLY,"no loader can read this format: stored, never counted as learnable material",NEEDS_REVIEW,OWNER_PLATFORM_IMPORT_INTENT_RIGHTS_UNVERIFIED
https://cityu-dg.instructure.com,441,Computer Networks,Logostics-CS3201-2025_DG.pdf,025f91cbe1591687cd5ec450f474c7f952c551773190d86a5dc61c5b55f2ccd8,203771,ACADEMIC_TEACHING,INGESTABLE,academic teaching material,NEEDS_REVIEW,OWNER_PLATFORM_IMPORT_INTENT_RIGHTS_UNVERIFIED
https://cityu-dg.instructure.com,441,Computer Networks,Mac.zip,e7f8040e3ffec03f0d961cb580cbf322b78086225651df22cee633f0b57c1c23,13710567,ACADEMIC_TEACHING,DOWNLOAD_ONLY,"no loader can read this format: stored, never counted as learnable material",NEEDS_REVIEW,OWNER_PLATFORM_IMPORT_INTENT_RIGHTS_UNVERIFIED
https://cityu-dg.instructure.com,441,Computer Networks,Network Layer (Control Plane)_2025_lec06.pdf,6fd2df63ef0b2f7bcbb9811d7072e602533cbb5d00de9f0a27024a90fe852ed3,2208669,ACADEMIC_TEACHING,INGESTABLE,academic teaching material,NEEDS_REVIEW,OWNER_PLATFORM_IMPORT_INTENT_RIGHTS_UNVERIFIED
https://cityu-dg.instructure.com,441,Computer Networks,Network Layer_(Data Plane)_lec05_2025.pdf,3a35a463942ed2d5b7a7a48b32c1a7700dad2bf688a45d61b38be9d5fe1e6850,2206233,ACADEMIC_TEACHING,INGESTABLE,academic teaching material,NEEDS_REVIEW,OWNER_PLATFORM_IMPORT_INTENT_RIGHTS_UNVERIFIED
https://cityu-dg.instructure.com,441,Computer Networks,Security_week 11-12.pdf,00e7d67e991a73c70393075e08866ea54a2c18ca4d7c690336c89bf91266dbdf,2105229,ACADEMIC_TEACHING,INGESTABLE,academic teaching material,NEEDS_REVIEW,OWNER_PLATFORM_IMPORT_INTENT_RIGHTS_UNVERIFIED
https://cityu-dg.instructure.com,441,Computer Networks,Socket_programming.pdf,897eae5fbda6b753cd7cf4ad4e427d8c3abd9d7245c76b4ec6cc6e1f6dd16fe8,497380,ACADEMIC_TEACHING,INGESTABLE,academic teaching material,NEEDS_REVIEW,OWNER_PLATFORM_IMPORT_INTENT_RIGHTS_UNVERIFIED
https://cityu-dg.instructure.com,441,Computer Networks,TodoTrackerServer.py,00ebbd7847ed7fa7be07c12f223a5b3130248b4d8b1dbced5de24e34e2dbb993,5598,ACADEMIC_TEACHING,INGESTABLE,academic teaching material,NEEDS_REVIEW,OWNER_PLATFORM_IMPORT_INTENT_RIGHTS_UNVERIFIED
https://cityu-dg.instructure.com,441,Computer Networks,Transport_Layer_2025_lec03.pdf,38420eda3d8a5bb5333b49b9bc144157625e942557aa145a935ebe6aa3862f11,2079169,ACADEMIC_TEACHING,INGESTABLE,academic teaching material,NEEDS_REVIEW,OWNER_PLATFORM_IMPORT_INTENT_RIGHTS_UNVERIFIED
https://cityu-dg.instructure.com,441,Computer Networks,Windows.zip,247b3330b8db21ba45302fc0d14bd6d17b95223c168f74351d2225509d88f374,15876579,ACADEMIC_TEACHING,DOWNLOAD_ONLY,"no loader can read this format: stored, never counted as learnable material",NEEDS_REVIEW,OWNER_PLATFORM_IMPORT_INTENT_RIGHTS_UNVERIFIED
https://cityu-dg.instructure.com,441,Computer Networks,Wireless Networks_2025.pdf,d66074a094273edd658bb379e9397f007ba9ef56b1134b13db691be86f98e06b,3603952,ACADEMIC_TEACHING,INGESTABLE,academic teaching material,NEEDS_REVIEW,OWNER_PLATFORM_IMPORT_INTENT_RIGHTS_UNVERIFIED
https://cityu-dg.instructure.com,441,Computer Networks,assignment01-2025-solution.pdf,20098d4db7193d58e26fa1e3661bbe4b5c24629a4f275cbf7627140c734892ea,688079,ACADEMIC_TEACHING,INGESTABLE,academic teaching material,NEEDS_REVIEW,OWNER_PLATFORM_IMPORT_INTENT_RIGHTS_UNVERIFIED
https://cityu-dg.instructure.com,441,Computer Networks,fig002.jpg,840bd5260eb33870e49a2b012090a0bc219f17020a7262f838219f0dbdfe7e73,53000,ACADEMIC_TEACHING,DOWNLOAD_ONLY,"unknown format: stored, never counted as learnable material",NEEDS_REVIEW,OWNER_PLATFORM_IMPORT_INTENT_RIGHTS_UNVERIFIED
https://cityu-dg.instructure.com,441,Computer Networks,homework02_2025.pdf,b87c6172d4ee6ccd05ce9d041d4a6cf86a1ffd9ffeff8e0ed52d929e038ff015,232841,ACADEMIC_TEACHING,INGESTABLE,academic teaching material,NEEDS_REVIEW,OWNER_PLATFORM_IMPORT_INTENT_RIGHTS_UNVERIFIED
https://cityu-dg.instructure.com,441,Computer Networks,homework02_solution_2025.pdf,747d1be712182f81fb34a242cedc6ed0c7bcc19a8af1482a2c377fcdee8d3f09,338268,ACADEMIC_TEACHING,INGESTABLE,academic teaching material,NEEDS_REVIEW,OWNER_PLATFORM_IMPORT_INTENT_RIGHTS_UNVERIFIED
https://cityu-dg.instructure.com,441,Computer Networks,image.png,550102b16dd79977d2131ecdfc6adc733e68932fd93f64eef4ad5430f4a07b93,414303,ACADEMIC_TEACHING,DOWNLOAD_ONLY,"unknown format: stored, never counted as learnable material",NEEDS_REVIEW,OWNER_PLATFORM_IMPORT_INTENT_RIGHTS_UNVERIFIED
https://cityu-dg.instructure.com,441,Computer Networks,midterm_pic1.png,859eca02ab0357f1bc7012c6ddc3cbe9db95923054cdadd5159dcdc9fbce8dcc,141769,ACADEMIC_TEACHING,BLOCKED,"ASSESSMENT_MATERIAL: an exam, quiz or marking document needs the owner's decision",BLOCKED_NEEDS_OWNER_DECISION,OWNER_PLATFORM_IMPORT_INTENT_RIGHTS_UNVERIFIED
https://cityu-dg.instructure.com,441,Computer Networks,tutorial_09.pdf,a3747a6b32ce1b0bfb6f1f1fbadaa0e250da6325fd7185b6c72f6f2e152a3d2c,301808,ACADEMIC_TEACHING,INGESTABLE,academic teaching material,NEEDS_REVIEW,OWNER_PLATFORM_IMPORT_INTENT_RIGHTS_UNVERIFIED
https://cityu-dg.instructure.com,441,Computer Networks,tutorial_09_solutions..pdf,cc7a996c124abfd5e3aeddb8052a9aa7d92c510d129405be59c88b1e280657bf,1254597,ACADEMIC_TEACHING,INGESTABLE,academic teaching material,NEEDS_REVIEW,OWNER_PLATFORM_IMPORT_INTENT_RIGHTS_UNVERIFIED
https://cityu-dg.instructure.com,441,Computer Networks,tutorial_1.pdf,43ef71ed06baaeba82f1903ebfa4ce2aaf7a38859e9d4be27b2b295b8b9c7f9b,285316,ACADEMIC_TEACHING,INGESTABLE,academic teaching material,NEEDS_REVIEW,OWNER_PLATFORM_IMPORT_INTENT_RIGHTS_UNVERIFIED
https://cityu-dg.instructure.com,441,Computer Networks,tutorial_10-2025.docx,d9f20941aa76dd68694539adb256c541daf054bbca79b9e47fc95ac693db0745,426723,ACADEMIC_TEACHING,INGESTABLE,academic teaching material,NEEDS_REVIEW,OWNER_PLATFORM_IMPORT_INTENT_RIGHTS_UNVERIFIED
https://cityu-dg.instructure.com,441,Computer Networks,tutorial_10_solutions-2025.pdf,65cdb732d49a6c114b87a887c01537766d14fbbebb25aecdaa80600e687d8c93,580693,ACADEMIC_TEACHING,INGESTABLE,academic teaching material,NEEDS_REVIEW,OWNER_PLATFORM_IMPORT_INTENT_RIGHTS_UNVERIFIED
https://cityu-dg.instructure.com,441,Computer Networks,tutorial_11_2025.pdf,308cb219b2c7c1e8209f0372d6d6aea814ae5ae4ed4d245bdc1bb285638586ed,109676,ACADEMIC_TEACHING,INGESTABLE,academic teaching material,NEEDS_REVIEW,OWNER_PLATFORM_IMPORT_INTENT_RIGHTS_UNVERIFIED
https://cityu-dg.instructure.com,441,Computer Networks,tutorial_11_solution_2025.pdf,9e261c2b3af5daa2340917622a044b55be5fecc391a9040a43f4411d2c27fc89,390148,ACADEMIC_TEACHING,INGESTABLE,academic teaching material,NEEDS_REVIEW,OWNER_PLATFORM_IMPORT_INTENT_RIGHTS_UNVERIFIED
https://cityu-dg.instructure.com,441,Computer Networks,tutorial_12-2025.pdf,442921b172f3a7f10b894504867842260f0b91f2c709745b7dbcb3f82b4b7563,254099,ACADEMIC_TEACHING,INGESTABLE,academic teaching material,NEEDS_REVIEW,OWNER_PLATFORM_IMPORT_INTENT_RIGHTS_UNVERIFIED
https://cityu-dg.instructure.com,441,Computer Networks,tutorial_12_solutions-2025.pdf,e4a6691d8e16b39521816b4ec39b0631f2aa0196f764dc5543f543ab084a88e7,463759,ACADEMIC_TEACHING,INGESTABLE,academic teaching material,NEEDS_REVIEW,OWNER_PLATFORM_IMPORT_INTENT_RIGHTS_UNVERIFIED
https://cityu-dg.instructure.com,441,Computer Networks,tutorial_1_slides.pdf,a5eb635881f2ed1a3ecd14cc9496f969cc2444b3a860ae8bbf4249a6256010c0,626308,ACADEMIC_TEACHING,INGESTABLE,academic teaching material,NEEDS_REVIEW,OWNER_PLATFORM_IMPORT_INTENT_RIGHTS_UNVERIFIED
https://cityu-dg.instructure.com,441,Computer Networks,tutorial_1_solutions.pdf,3b8b3195ef248bec49ad24d53a609038558735063f76a8567b68e9de0de94a4e,291839,ACADEMIC_TEACHING,INGESTABLE,academic teaching material,NEEDS_REVIEW,OWNER_PLATFORM_IMPORT_INTENT_RIGHTS_UNVERIFIED
https://cityu-dg.instructure.com,441,Computer Networks,tutorial_2.pdf,cb53dd7b9ed7a49c61fb09cfe7d04b1acc52dea2749cf574f256ccafe62812b8,183768,ACADEMIC_TEACHING,INGESTABLE,academic teaching material,NEEDS_REVIEW,OWNER_PLATFORM_IMPORT_INTENT_RIGHTS_UNVERIFIED
https://cityu-dg.instructure.com,441,Computer Networks,tutorial_2_slidesSolution.pdf,775e650a22b073bce4fb691480cfb2dfd6b4839450f663d41a0e278e6c2058e5,770867,ACADEMIC_TEACHING,INGESTABLE,academic teaching material,NEEDS_REVIEW,OWNER_PLATFORM_IMPORT_INTENT_RIGHTS_UNVERIFIED
https://cityu-dg.instructure.com,441,Computer Networks,tutorial_3.pdf,fde5035fccf65ceb386e6e68b20a2ddc8cf07312b4f4ed714e7508fc7104c121,215152,ACADEMIC_TEACHING,INGESTABLE,academic teaching material,NEEDS_REVIEW,OWNER_PLATFORM_IMPORT_INTENT_RIGHTS_UNVERIFIED
https://cityu-dg.instructure.com,441,Computer Networks,tutorial_3_solutions.pdf,9c2fb77567b8e223935e91535bafcf933da6dd764ee208a4dfe594409f249942,606851,ACADEMIC_TEACHING,INGESTABLE,academic teaching material,NEEDS_REVIEW,OWNER_PLATFORM_IMPORT_INTENT_RIGHTS_UNVERIFIED
https://cityu-dg.instructure.com,441,Computer Networks,tutorial_4.pdf,b826248ea08627aab789480f1fd71d910e02fd17ab1b5ebf453e88f1439c98ca,137918,ACADEMIC_TEACHING,INGESTABLE,academic teaching material,NEEDS_REVIEW,OWNER_PLATFORM_IMPORT_INTENT_RIGHTS_UNVERIFIED
https://cityu-dg.instructure.com,441,Computer Networks,tutorial_4_slides-solution.pdf,60499f8e938538f1b6ba95a138db4cfd037f773a6aabe54ecebdda196e24081c,719068,ACADEMIC_TEACHING,INGESTABLE,academic teaching material,NEEDS_REVIEW,OWNER_PLATFORM_IMPORT_INTENT_RIGHTS_UNVERIFIED
https://cityu-dg.instructure.com,441,Computer Networks,tutorial_5.pdf,7309b681fff5339d2a74c93c98bff35f44bcb9885d42161877a7c3ee2172bdb7,158263,ACADEMIC_TEACHING,INGESTABLE,academic teaching material,NEEDS_REVIEW,OWNER_PLATFORM_IMPORT_INTENT_RIGHTS_UNVERIFIED
https://cityu-dg.instructure.com,441,Computer Networks,tutorial_5_solutions.pdf,382965d9a12c2d61fafe1fb8e84b04e1ead33d3a7eab9a612835775bafad5faf,495383,ACADEMIC_TEACHING,INGESTABLE,academic teaching material,NEEDS_REVIEW,OWNER_PLATFORM_IMPORT_INTENT_RIGHTS_UNVERIFIED
https://cityu-dg.instructure.com,441,Computer Networks,tutorial_6.pdf,952a5c9c709d17d0fbce92a9ccc96eeb5cd3a0f767d34a235861f5d244da94ec,236153,ACADEMIC_TEACHING,INGESTABLE,academic teaching material,NEEDS_REVIEW,OWNER_PLATFORM_IMPORT_INTENT_RIGHTS_UNVERIFIED
https://cityu-dg.instructure.com,441,Computer Networks,tutorial_6_solutions.pdf,799b300a17021b55b7141142cda7fe1f17b38f26ea99b9f345cf0711510f65d2,621028,ACADEMIC_TEACHING,INGESTABLE,academic teaching material,NEEDS_REVIEW,OWNER_PLATFORM_IMPORT_INTENT_RIGHTS_UNVERIFIED
https://cityu-dg.instructure.com,441,Computer Networks,tutorial_7-2025.pdf,fd0c8386dbaf58e0315ad5d46f6583f38afb205b9ff73a24b6445397036ab36e,101538,ACADEMIC_TEACHING,INGESTABLE,academic teaching material,NEEDS_REVIEW,OWNER_PLATFORM_IMPORT_INTENT_RIGHTS_UNVERIFIED
https://cityu-dg.instructure.com,441,Computer Networks,tutorial_7_solutions-2025.pdf,78eeaebf7b50077b4c2e2b443d04a9105c45e5914a2d2ccb95a682cfac1ed6f0,322378,ACADEMIC_TEACHING,INGESTABLE,academic teaching material,NEEDS_REVIEW,OWNER_PLATFORM_IMPORT_INTENT_RIGHTS_UNVERIFIED
https://cityu-dg.instructure.com,487,Intro Comp Prob Model,CS2402_2526B_Lecture01.pdf,1fe9877319853feeec8daa1029aa9678bb67307099f9b25224288edc88eab2ad,995322,ACADEMIC_TEACHING,INGESTABLE,academic teaching material,NEEDS_REVIEW,OWNER_PLATFORM_IMPORT_INTENT_RIGHTS_UNVERIFIED
https://cityu-dg.instructure.com,487,Intro Comp Prob Model,CS2402_2526B_Lecture02-v3.pdf,673b6223cd02c58d56f50e9af921195962b5a273a5f44134ff95db0509912fe3,911336,ACADEMIC_TEACHING,INGESTABLE,academic teaching material,NEEDS_REVIEW,OWNER_PLATFORM_IMPORT_INTENT_RIGHTS_UNVERIFIED
https://cityu-dg.instructure.com,487,Intro Comp Prob Model,CS2402_2526B_Lecture03-v2.pdf,e13f0b6ca6fa3a750495ee929a5ec990166731335ef6a4e6344bbf2f3f573e6e,566219,ACADEMIC_TEACHING,INGESTABLE,academic teaching material,NEEDS_REVIEW,OWNER_PLATFORM_IMPORT_INTENT_RIGHTS_UNVERIFIED
https://cityu-dg.instructure.com,487,Intro Comp Prob Model,CS2402_2526B_Lecture04.pdf,395d77a7822a129487ff2616bfbeaca66221938a03fa8221d6694d9c6742ab8a,1155858,ACADEMIC_TEACHING,INGESTABLE,academic teaching material,NEEDS_REVIEW,OWNER_PLATFORM_IMPORT_INTENT_RIGHTS_UNVERIFIED
https://cityu-dg.instructure.com,487,Intro Comp Prob Model,CS2402_2526B_Lecture05-v2.pdf,6878449df24f7ad4f202f33db8e11963eeebfaadebc136029edb4476f8ebcba0,920965,ACADEMIC_TEACHING,INGESTABLE,academic teaching material,NEEDS_REVIEW,OWNER_PLATFORM_IMPORT_INTENT_RIGHTS_UNVERIFIED
https://cityu-dg.instructure.com,487,Intro Comp Prob Model,CS2402_2526B_Lecture06.pdf,413107c412248387932c863feeb491e36f3f554098fc712089742e40895c4615,2352556,ACADEMIC_TEACHING,INGESTABLE,academic teaching material,NEEDS_REVIEW,OWNER_PLATFORM_IMPORT_INTENT_RIGHTS_UNVERIFIED
https://cityu-dg.instructure.com,487,Intro Comp Prob Model,CS2402_2526B_Lecture07-v2.pdf,5fe56199041c2497b3dc04f97118086232f3812007326665ced72910539d84d6,1166437,ACADEMIC_TEACHING,INGESTABLE,academic teaching material,NEEDS_REVIEW,OWNER_PLATFORM_IMPORT_INTENT_RIGHTS_UNVERIFIED
https://cityu-dg.instructure.com,487,Intro Comp Prob Model,CS2402_2526B_Lecture07.pdf,eb3466a4814b15eaa69a9665592b8bed78270968fdebe343e8014eec2dc48837,919040,ACADEMIC_TEACHING,INGESTABLE,academic teaching material,NEEDS_REVIEW,OWNER_PLATFORM_IMPORT_INTENT_RIGHTS_UNVERIFIED
https://cityu-dg.instructure.com,487,Intro Comp Prob Model,CS2402_2526B_Lecture08.pdf,f72229e05ee2bcb5d119b007e5d9d9665b065f3b04c30acf3c9df423cff16ffb,632357,ACADEMIC_TEACHING,INGESTABLE,academic teaching material,NEEDS_REVIEW,OWNER_PLATFORM_IMPORT_INTENT_RIGHTS_UNVERIFIED
https://cityu-dg.instructure.com,487,Intro Comp Prob Model,CS2402_2526B_Lecture09.pdf,7cb204bdb02aa01dd9e879bd71e3672a60aa9581f7daa5212174b54ea40e7bc8,490958,ACADEMIC_TEACHING,INGESTABLE,academic teaching material,NEEDS_REVIEW,OWNER_PLATFORM_IMPORT_INTENT_RIGHTS_UNVERIFIED
https://cityu-dg.instructure.com,489,走在前列的广东实践,1.社会调查报告汇总表（空白）.docx,7083bee05df9f25e61d7a97356c7439f198db236ac235d42c444eb147a9ae41a,30000,ACADEMIC_TEACHING,INGESTABLE,academic teaching material,NEEDS_REVIEW,OWNER_PLATFORM_IMPORT_INTENT_RIGHTS_UNVERIFIED
https://cityu-dg.instructure.com,489,走在前列的广东实践,2.社会调查活动信息表（空白）.docx,911c0893ed2bb18020f1af809de3a548756e0ea8b6010852522c75d707c26848,15582,ACADEMIC_TEACHING,INGESTABLE,academic teaching material,NEEDS_REVIEW,OWNER_PLATFORM_IMPORT_INTENT_RIGHTS_UNVERIFIED
https://cityu-dg.instructure.com,489,走在前列的广东实践,3.调查报告排版格式模版.docx,592b1cf3c2c3442c792ea5164f55979580f109e488e6c1dc95d33ebf91da3ffd,63568,ACADEMIC_TEACHING,INGESTABLE,academic teaching material,NEEDS_REVIEW,OWNER_PLATFORM_IMPORT_INTENT_RIGHTS_UNVERIFIED
https://cityu-dg.instructure.com,489,走在前列的广东实践,4.《调查报告》评分标准.docx,1c9566dffa6e007a26edd3a7525a3847362a050f4d68a34456f60fa61125d588,16995,ACADEMIC_TEACHING,INGESTABLE,academic teaching material,NEEDS_REVIEW,OWNER_PLATFORM_IMPORT_INTENT_RIGHTS_UNVERIFIED
https://cityu-dg.instructure.com,489,走在前列的广东实践,chunghwabook.com.hk-中華書局 灣區漫步  從千角燈麒麟舞到彩紮寮步香市.pdf,b18a61fbcd6863289fe0c506082235f5b6444f6372b6f2a6abb2280fbf9d5729,1612203,ACADEMIC_TEACHING,INGESTABLE,academic teaching material,NEEDS_REVIEW,OWNER_PLATFORM_IMPORT_INTENT_RIGHTS_UNVERIFIED
https://cityu-dg.instructure.com,489,走在前列的广东实践,news.cn-第1视点丨10年前总书记种下一棵榕树-新华网.pdf,4189b9935812bdcc73974948bcb2463d3648addcfd86530b8e8d4be869de277e,6060727,ACADEMIC_TEACHING,INGESTABLE,academic teaching material,NEEDS_REVIEW,OWNER_PLATFORM_IMPORT_INTENT_RIGHTS_UNVERIFIED
https://cityu-dg.instructure.com,489,走在前列的广东实践,npc.people.com.cn-简政放权如何走出一放就乱一乱就收一收就死怪圈--中国人大新闻--人民网.pdf,62ad47aaf2487a892b80c05e70d123b6e7eb643dd12bc91079837a1080cb22ef,174451,ACADEMIC_TEACHING,INGESTABLE,academic teaching material,NEEDS_REVIEW,OWNER_PLATFORM_IMPORT_INTENT_RIGHTS_UNVERIFIED
https://cityu-dg.instructure.com,489,走在前列的广东实践,xinhuanet.com-如何避免一管就死一放就乱-新华网.pdf,259a4f0e6ba4bf7cc6f6ad65d941f3b5b2cf7f6660fa7350379980f20aa93895,217390,ACADEMIC_TEACHING,INGESTABLE,academic teaching material,NEEDS_REVIEW,OWNER_PLATFORM_IMPORT_INTENT_RIGHTS_UNVERIFIED
https://cityu-dg.instructure.com,489,走在前列的广东实践,zqb.cyol.com-收放自如 避免一管就死 一放就乱-中青在线.pdf,39909deb640d865dea2ce0711f0cf99be4556d2b576b11adc60dd8750b1f2fe9,302183,ACADEMIC_TEACHING,INGESTABLE,academic teaching material,NEEDS_REVIEW,OWNER_PLATFORM_IMPORT_INTENT_RIGHTS_UNVERIFIED
https://cityu-dg.instructure.com,489,走在前列的广东实践,【教案】专题一 习近平总书记对广东发展的战略擘画.pdf,9d0db31381509c32f5f07c782b7cda2f80988790ebf783cad37337f1530f67ef,385804,ACADEMIC_TEACHING,INGESTABLE,academic teaching material,NEEDS_REVIEW,OWNER_PLATFORM_IMPORT_INTENT_RIGHTS_UNVERIFIED
https://cityu-dg.instructure.com,489,走在前列的广东实践,【教案】专题七  打造人与自然和谐共生的现代化广东样板.pdf,62aa19da955f5ac269fdf02a31a2d13e689e62b52535b7b6f7cd68e1cfcee7e7,404149,ACADEMIC_TEACHING,INGESTABLE,academic teaching material,NEEDS_REVIEW,OWNER_PLATFORM_IMPORT_INTENT_RIGHTS_UNVERIFIED
https://cityu-dg.instructure.com,489,走在前列的广东实践,【教案】专题三  深入推进粤港澳大湾区建设.pdf,e7ca92687677b28139924ce12984f5ad6b912f84b7e4a5493044eddcbfbfabe6,225726,ACADEMIC_TEACHING,INGESTABLE,academic teaching material,NEEDS_REVIEW,OWNER_PLATFORM_IMPORT_INTENT_RIGHTS_UNVERIFIED
https://cityu-dg.instructure.com,489,走在前列的广东实践,【教案】专题九 加强党的全面领导和党的建设的广东实践.pdf,8ec96d08d3bcc391ebe5998d590809bde1cbd1eb28157fd24879c3aa3443e337,365310,ACADEMIC_TEACHING,INGESTABLE,academic teaching material,NEEDS_REVIEW,OWNER_PLATFORM_IMPORT_INTENT_RIGHTS_UNVERIFIED
https://cityu-dg.instructure.com,489,走在前列的广东实践,【教案】专题二  经济大省挑大梁.pdf,6654133838657e7e5509258ebf9650ac5017286be29b60b31aa1a07f4d23fda5,268417,ACADEMIC_TEACHING,INGESTABLE,academic teaching material,NEEDS_REVIEW,OWNER_PLATFORM_IMPORT_INTENT_RIGHTS_UNVERIFIED
https://cityu-dg.instructure.com,489,走在前列的广东实践,【教案】专题五 把短板变成“潜力板”.pdf,3e061f57df25a46d9782e60fb59959729cdb010ae6db9e3b2caea220fbae9fc6,251692,ACADEMIC_TEACHING,INGESTABLE,academic teaching material,NEEDS_REVIEW,OWNER_PLATFORM_IMPORT_INTENT_RIGHTS_UNVERIFIED
https://cityu-dg.instructure.com,489,走在前列的广东实践,【教案】专题八 营造共建共治共享社会治理格局走在全国前列.pdf,ac0ceb2acb31f1f0a71148ec06ab23dfa0be5bef34cb32a3881921acdf078cd9,253808,ACADEMIC_TEACHING,INGESTABLE,academic teaching material,NEEDS_REVIEW,OWNER_PLATFORM_IMPORT_INTENT_RIGHTS_UNVERIFIED
https://cityu-dg.instructure.com,489,走在前列的广东实践,【教案】专题六 交出物质文明和精神文明两份好的答卷.pdf,33451b6f3b16749892d8b20fcbd64cee735c53468ee6b1cbaac4f2854d30c69f,272470,ACADEMIC_TEACHING,INGESTABLE,academic teaching material,NEEDS_REVIEW,OWNER_PLATFORM_IMPORT_INTENT_RIGHTS_UNVERIFIED
https://cityu-dg.instructure.com,489,走在前列的广东实践,【教案】专题十 奋力谱写中国式现代化的广东篇章.pdf,a493aafb4e88832d60bcc6600ca6cfb5e1e2eb24679623f78c5ea62006d8ee9d,567883,ACADEMIC_TEACHING,INGESTABLE,academic teaching material,NEEDS_REVIEW,OWNER_PLATFORM_IMPORT_INTENT_RIGHTS_UNVERIFIED
https://cityu-dg.instructure.com,489,走在前列的广东实践,【教案】专题四 在改革开放中发挥窗口作用、试验作用和排头兵作用.pdf,da073c7e8f44aaefe7302c5e887fa87cbc2954dd9a5283661482fb4e6fb2513b,377725,ACADEMIC_TEACHING,INGESTABLE,academic teaching material,NEEDS_REVIEW,OWNER_PLATFORM_IMPORT_INTENT_RIGHTS_UNVERIFIED
https://cityu-dg.instructure.com,489,走在前列的广东实践,【课件PDF】专题一 习近平总书记对广东发展的战略擘画.pdf,f551bc773201ba34edbc626fa3ea5214f7191a79a2a8f59c93fbd55053f952e1,8740683,ACADEMIC_TEACHING,INGESTABLE,academic teaching material,NEEDS_REVIEW,OWNER_PLATFORM_IMPORT_INTENT_RIGHTS_UNVERIFIED
https://cityu-dg.instructure.com,489,走在前列的广东实践,【课件PDF】专题七  打造人与自然和谐共生的现代化广东样板.pdf,36a4bdebb0a803cf1a836bb0548000adb7e99d8cdd28f49a10d854001e309605,16704086,ACADEMIC_TEACHING,INGESTABLE,academic teaching material,NEEDS_REVIEW,OWNER_PLATFORM_IMPORT_INTENT_RIGHTS_UNVERIFIED
https://cityu-dg.instructure.com,489,走在前列的广东实践,【课件PDF】专题三  深入推进粤港澳大湾区建设.pdf,afd0fa03ccde62ffaded33462b6a59c066bcc9f8f1e6313abec97be32f045039,14539216,ACADEMIC_TEACHING,INGESTABLE,academic teaching material,NEEDS_REVIEW,OWNER_PLATFORM_IMPORT_INTENT_RIGHTS_UNVERIFIED
https://cityu-dg.instructure.com,489,走在前列的广东实践,【课件PDF】专题九：加强党的全面领导和党的建设的广东实践(1).pptx,0fc921c06b111e3a9a2e07c4411cb104dfbf2038e0db2079d52677babd12cb85,31050922,ACADEMIC_TEACHING,INGESTABLE,academic teaching material,NEEDS_REVIEW,OWNER_PLATFORM_IMPORT_INTENT_RIGHTS_UNVERIFIED
https://cityu-dg.instructure.com,489,走在前列的广东实践,【课件PDF】专题二  经济大省挑大梁.pdf,946dedafa53c32378c72985d7a70084bd514dbcd6d6fa7a45bdad953ce259068,7888362,ACADEMIC_TEACHING,INGESTABLE,academic teaching material,NEEDS_REVIEW,OWNER_PLATFORM_IMPORT_INTENT_RIGHTS_UNVERIFIED
https://cityu-dg.instructure.com,489,走在前列的广东实践,【课件PDF】专题五 把短板变成“潜力板”.pdf,7fd95e2a4f5208b0114d6c83e6da4d8f828ac973912d34f3d207af3f694054e6,16361250,ACADEMIC_TEACHING,INGESTABLE,academic teaching material,NEEDS_REVIEW,OWNER_PLATFORM_IMPORT_INTENT_RIGHTS_UNVERIFIED
https://cityu-dg.instructure.com,489,走在前列的广东实践,【课件PDF】专题八 营造共建共治共享社会治理格局走在全国前列.pdf,76e90a290d6017bb5b39e65e7e615de2c17eb386a472c0a5b07de710461ed5c4,12085818,ACADEMIC_TEACHING,INGESTABLE,academic teaching material,NEEDS_REVIEW,OWNER_PLATFORM_IMPORT_INTENT_RIGHTS_UNVERIFIED
https://cityu-dg.instructure.com,489,走在前列的广东实践,【课件PDF】专题六 交出物质文明和精神文明两份好的答卷.pdf,9206e0b85d4cbe06fc7fb3cc3056163fc8ead372d1d40872c70dd6b1f7f0f5fb,20881300,ACADEMIC_TEACHING,INGESTABLE,academic teaching material,NEEDS_REVIEW,OWNER_PLATFORM_IMPORT_INTENT_RIGHTS_UNVERIFIED
https://cityu-dg.instructure.com,489,走在前列的广东实践,【课件PDF】专题十 奋力谱写中国式现代化的广东篇章.pdf,6313b7cfa4e873298a6caffdb3840ca8dceee24f42c4672d27464fa72c452424,12320629,ACADEMIC_TEACHING,INGESTABLE,academic teaching material,NEEDS_REVIEW,OWNER_PLATFORM_IMPORT_INTENT_RIGHTS_UNVERIFIED
https://cityu-dg.instructure.com,489,走在前列的广东实践,【课件PDF】专题四 在改革开放中发挥窗口作用、试验作用和排头兵作用.pdf,49859d01e80cfb3223c0a00a87380d332f6b61b6fb4131b7e1ffa51c1a2389d3,9607959,ACADEMIC_TEACHING,INGESTABLE,academic teaching material,NEEDS_REVIEW,OWNER_PLATFORM_IMPORT_INTENT_RIGHTS_UNVERIFIED
https://cityu-dg.instructure.com,489,走在前列的广东实践,专题一：社会调查报告写作提升课件.pptx,4cb44dd2623a565cc9e2083ac349072817e1c4a0aef2143225c5a0be34fe8ec5,5197624,ACADEMIC_TEACHING,INGESTABLE,academic teaching material,NEEDS_REVIEW,OWNER_PLATFORM_IMPORT_INTENT_RIGHTS_UNVERIFIED
https://cityu-dg.instructure.com,489,走在前列的广东实践,如何写好调研报告.docx,b80527e6d1c9ae1ae75bb6724363c41db9e5351b2b9c3b724f2ed84df701645a,20448,ACADEMIC_TEACHING,INGESTABLE,academic teaching material,NEEDS_REVIEW,OWNER_PLATFORM_IMPORT_INTENT_RIGHTS_UNVERIFIED
https://cityu-dg.instructure.com,489,走在前列的广东实践,"寂静的春天 (【美】蕾切尔·卡森) (z-library.sk, 1lib.sk, z-lib.sk).epub",4a7bd9026adaccb9c06d508cee4a008c6a635c457a44acfecdd035621600aa3e,2899440,ACADEMIC_TEACHING,BLOCKED,"UNLICENSED_SOURCE: the file name identifies a shadow-library copy, which cannot be the basis of a campus library",BLOCKED_NEEDS_OWNER_DECISION,OWNER_PLATFORM_IMPORT_INTENT_RIGHTS_UNVERIFIED
https://cityu-dg.instructure.com,489,走在前列的广东实践,案例分析：2025级 xx班 张三等《恋爱观调查报告》.docx,7feba75dbb5a05534b41e43c4edb9e0d32f830eb32cd269812de56fff60a37a2,272964,ACADEMIC_TEACHING,INGESTABLE,academic teaching material,NEEDS_REVIEW,OWNER_PLATFORM_IMPORT_INTENT_RIGHTS_UNVERIFIED
https://cityu-dg.instructure.com,489,走在前列的广东实践,案例分析：幼儿园调研报告范文.docx,6515290d9a2d1d3274f6bd8ebd227e04525f644026d5141409bc5f5240bcb069,21423,ACADEMIC_TEACHING,INGESTABLE,academic teaching material,NEEDS_REVIEW,OWNER_PLATFORM_IMPORT_INTENT_RIGHTS_UNVERIFIED
https://cityu-dg.instructure.com,489,走在前列的广东实践,案例分析：调查报告范文.docx,ab7edef89f3b9fd72627718ae5d64f520a9c2463af8cb3353e418fa4af3ea7d0,818901,ACADEMIC_TEACHING,INGESTABLE,academic teaching material,NEEDS_REVIEW,OWNER_PLATFORM_IMPORT_INTENT_RIGHTS_UNVERIFIED
https://cityu-dg.instructure.com,500,Data Structures,0 introduction.pptx,56c1520bd201fdc6df380202a651c8d455e71b48492acbc20dcc8b7be51c1349,753544,ACADEMIC_TEACHING,INGESTABLE,academic teaching material,NEEDS_REVIEW,OWNER_PLATFORM_IMPORT_INTENT_RIGHTS_UNVERIFIED
https://cityu-dg.instructure.com,500,Data Structures,1 Linked lists.pptx,b3a4b9ff6f96f38a1fa58941d6e04a4977d373f6065a84597b2f31440eb7d52f,417098,ACADEMIC_TEACHING,INGESTABLE,academic teaching material,NEEDS_REVIEW,OWNER_PLATFORM_IMPORT_INTENT_RIGHTS_UNVERIFIED
https://cityu-dg.instructure.com,500,Data Structures,10 Suffix Array.pptx,15256537b9632392cdd02c0af777ea8b8bebcf7fb69cb08d9e20839ec2be0868,190183,ACADEMIC_TEACHING,INGESTABLE,academic teaching material,NEEDS_REVIEW,OWNER_PLATFORM_IMPORT_INTENT_RIGHTS_UNVERIFIED
https://cityu-dg.instructure.com,500,Data Structures,11 Graphs.pptx,a9bfc562b7649acc9b5f1db5842e9e2874401b1b4f4dc057a50c35dc815bfd8a,486370,ACADEMIC_TEACHING,INGESTABLE,academic teaching material,NEEDS_REVIEW,OWNER_PLATFORM_IMPORT_INTENT_RIGHTS_UNVERIFIED
https://cityu-dg.instructure.com,500,Data Structures,12 Sorting.pptx,e7fcbb36e76744b2497fdee7b8e7b6c6278cf3f74cf7fc58542d199d166a675a,444264,ACADEMIC_TEACHING,INGESTABLE,academic teaching material,NEEDS_REVIEW,OWNER_PLATFORM_IMPORT_INTENT_RIGHTS_UNVERIFIED
https://cityu-dg.instructure.com,500,Data Structures,13 Graphical Data.pptx,00d78b52d0496d61bef9963937e580b9da617f3cb8195a269c2ea8eed8985392,621053,ACADEMIC_TEACHING,INGESTABLE,academic teaching material,NEEDS_REVIEW,OWNER_PLATFORM_IMPORT_INTENT_RIGHTS_UNVERIFIED
https://cityu-dg.instructure.com,500,Data Structures,2 Stack.pptx,4e7cb36cdab821beb18e1889855fbd25053566ae006b474b75bf44b933e528cd,308071,ACADEMIC_TEACHING,INGESTABLE,academic teaching material,NEEDS_REVIEW,OWNER_PLATFORM_IMPORT_INTENT_RIGHTS_UNVERIFIED
https://cityu-dg.instructure.com,500,Data Structures,3 Program Complexities.pptx,e98accbec6553ee34c45f78b95d1d8ae2ea67fccb61558a0502f7fa1e853408b,650811,ACADEMIC_TEACHING,INGESTABLE,academic teaching material,NEEDS_REVIEW,OWNER_PLATFORM_IMPORT_INTENT_RIGHTS_UNVERIFIED
https://cityu-dg.instructure.com,500,Data Structures,4 Queues.pptx,6a15e82ba163da9d4d689a6f54e41339e09443d9a789756c778edbf25493d8a5,1084057,ACADEMIC_TEACHING,INGESTABLE,academic teaching material,NEEDS_REVIEW,OWNER_PLATFORM_IMPORT_INTENT_RIGHTS_UNVERIFIED
https://cityu-dg.instructure.com,500,Data Structures,5 hash.pptx,dd92583682c0ac8dec8a8014639606a2b44b19681d289770332b157a703e4a99,113561,ACADEMIC_TEACHING,INGESTABLE,academic teaching material,NEEDS_REVIEW,OWNER_PLATFORM_IMPORT_INTENT_RIGHTS_UNVERIFIED
https://cityu-dg.instructure.com,500,Data Structures,6 Tree.pptx,ec6fb407c46d744aadc48e635258f08f1bd247f6041d83643884db8820139dfe,1240983,ACADEMIC_TEACHING,INGESTABLE,academic teaching material,NEEDS_REVIEW,OWNER_PLATFORM_IMPORT_INTENT_RIGHTS_UNVERIFIED
https://cityu-dg.instructure.com,500,Data Structures,7 Heap & Game Tree.pptx,3e06d0f2a148910650dd48dc23cc647b91e6318c9045812cd7e991996d48dbed,419822,ACADEMIC_TEACHING,INGESTABLE,academic teaching material,NEEDS_REVIEW,OWNER_PLATFORM_IMPORT_INTENT_RIGHTS_UNVERIFIED
https://cityu-dg.instructure.com,500,Data Structures,8 Balanced_BST.pptx,444c2a407c7805cb825a28119fdbf914ee680c9fde5435a728eac8f075bac004,498933,ACADEMIC_TEACHING,INGESTABLE,academic teaching material,NEEDS_REVIEW,OWNER_PLATFORM_IMPORT_INTENT_RIGHTS_UNVERIFIED
https://cityu-dg.instructure.com,500,Data Structures,9 Disjoint Set.pptx,ba89ac67244ab0a50a047a1b47840a05482b1ba0669f212b1de6b3ee883d42af,308614,ACADEMIC_TEACHING,INGESTABLE,academic teaching material,NEEDS_REVIEW,OWNER_PLATFORM_IMPORT_INTENT_RIGHTS_UNVERIFIED
https://cityu-dg.instructure.com,500,Data Structures,CS3334 Tutorial 1 Exercises.docx,e2eb065991daebb74c5f079de7879285db1194299d7131f310993ce120af5c32,15951,ACADEMIC_TEACHING,INGESTABLE,academic teaching material,NEEDS_REVIEW,OWNER_PLATFORM_IMPORT_INTENT_RIGHTS_UNVERIFIED
https://cityu-dg.instructure.com,500,Data Structures,CS3334 Tutorial 1 Solutions.docx,f2da03608a552502dba2495e15f320794985b9fe8c3a007cfe1ed2ab4947ac24,16518,ACADEMIC_TEACHING,INGESTABLE,academic teaching material,NEEDS_REVIEW,OWNER_PLATFORM_IMPORT_INTENT_RIGHTS_UNVERIFIED
https://cityu-dg.instructure.com,500,Data Structures,CS3334 Tutorial 2 Exercises.docx,a08730abc95536ed94ae6d08a7eb0890da67bbbd8fc00c940f6b4e6011eff57e,15637,ACADEMIC_TEACHING,INGESTABLE,academic teaching material,NEEDS_REVIEW,OWNER_PLATFORM_IMPORT_INTENT_RIGHTS_UNVERIFIED
https://cityu-dg.instructure.com,500,Data Structures,CS3334 Tutorial 2 Solutions.docx,1d9ed32b26a0a9f589ae43c2ceca3c201995a1133c28060636d5acff7af9a79d,16106,ACADEMIC_TEACHING,INGESTABLE,academic teaching material,NEEDS_REVIEW,OWNER_PLATFORM_IMPORT_INTENT_RIGHTS_UNVERIFIED
https://cityu-dg.instructure.com,500,Data Structures,CS3334 Tutorial 3 Exercises.docx,dab8b0d31c88dfaaa743fabc3d798faf5aa0f6035a4f00de096c27d2326ab0e6,19399,ACADEMIC_TEACHING,INGESTABLE,academic teaching material,NEEDS_REVIEW,OWNER_PLATFORM_IMPORT_INTENT_RIGHTS_UNVERIFIED
https://cityu-dg.instructure.com,500,Data Structures,CS3334 Tutorial 3 Solutions.docx,e529e37d043fb01722f8168ddb872be8850c34ba69d8d00d9af90007f0998b4e,20123,ACADEMIC_TEACHING,INGESTABLE,academic teaching material,NEEDS_REVIEW,OWNER_PLATFORM_IMPORT_INTENT_RIGHTS_UNVERIFIED
https://cityu-dg.instructure.com,500,Data Structures,CS3334 Tutorial 4 Exercises.docx,6db6c10d177276addb790a4a7cae8d95bc224be9b21d790804de6d43947231ef,16126,ACADEMIC_TEACHING,INGESTABLE,academic teaching material,NEEDS_REVIEW,OWNER_PLATFORM_IMPORT_INTENT_RIGHTS_UNVERIFIED
https://cityu-dg.instructure.com,500,Data Structures,CS3334 Tutorial 4 Solutions.docx,1a192642c78da7596a9bac5fae82623b3ee85cf6580e4b102cc6875f18847f00,195804,ACADEMIC_TEACHING,INGESTABLE,academic teaching material,NEEDS_REVIEW,OWNER_PLATFORM_IMPORT_INTENT_RIGHTS_UNVERIFIED
https://cityu-dg.instructure.com,500,Data Structures,CS3334 Tutorial 5 Exercises.docx,fa4877274149609c6f5ba8e2ae7aa9662d31544951a5be7396ece808cfc255b0,29107,ACADEMIC_TEACHING,INGESTABLE,academic teaching material,NEEDS_REVIEW,OWNER_PLATFORM_IMPORT_INTENT_RIGHTS_UNVERIFIED
https://cityu-dg.instructure.com,500,Data Structures,CS3334 Tutorial 5 Solutions.docx,a441cb50b871becfde59c27aadf1d41e13a74a6fc85b20840a891b173d798168,26782,ACADEMIC_TEACHING,INGESTABLE,academic teaching material,NEEDS_REVIEW,OWNER_PLATFORM_IMPORT_INTENT_RIGHTS_UNVERIFIED
https://cityu-dg.instructure.com,500,Data Structures,CS3334 Tutorial 6 Exercises.docx,41cad354d1a3c702c893af6339e9771371a8a54caa0d6f5c656f079930aca7e9,27312,ACADEMIC_TEACHING,INGESTABLE,academic teaching material,NEEDS_REVIEW,OWNER_PLATFORM_IMPORT_INTENT_RIGHTS_UNVERIFIED
https://cityu-dg.instructure.com,500,Data Structures,CS3334 Tutorial 6 Solutions.pdf,795cbdc8fda2a057ee60729173c82554f67ce5515d7cdcf6dee8b39971056a50,112580,ACADEMIC_TEACHING,INGESTABLE,academic teaching material,NEEDS_REVIEW,OWNER_PLATFORM_IMPORT_INTENT_RIGHTS_UNVERIFIED
https://cityu-dg.instructure.com,500,Data Structures,CS3334 Tutorial 7 Exercises.pdf,f71a0ed5ed709262478fc2995a30979525752c32686b6ad73f7fc83a4580b197,101450,ACADEMIC_TEACHING,INGESTABLE,academic teaching material,NEEDS_REVIEW,OWNER_PLATFORM_IMPORT_INTENT_RIGHTS_UNVERIFIED
https://cityu-dg.instructure.com,500,Data Structures,CS3334 Tutorial 7 Solutions.pdf,2e540cdc4de2f8c6e2097970c5bd67a412bf0d554a38d86685539f4943142642,170295,ACADEMIC_TEACHING,INGESTABLE,academic teaching material,NEEDS_REVIEW,OWNER_PLATFORM_IMPORT_INTENT_RIGHTS_UNVERIFIED
https://cityu-dg.instructure.com,500,Data Structures,CS3334 Tutorial 8 Exercises.docx,0a4251bb447da4d4025ebd6c73a06e182a130dbe87f1a56468190c8bee9efc1b,15630,ACADEMIC_TEACHING,INGESTABLE,academic teaching material,NEEDS_REVIEW,OWNER_PLATFORM_IMPORT_INTENT_RIGHTS_UNVERIFIED
https://cityu-dg.instructure.com,500,Data Structures,CS3334 Tutorial 8 Solutions.pdf,13583c72b1de98650e34c34a7b9e8a0bde63764f1366d3b99eadf763a44d2554,1380134,ACADEMIC_TEACHING,INGESTABLE,academic teaching material,NEEDS_REVIEW,OWNER_PLATFORM_IMPORT_INTENT_RIGHTS_UNVERIFIED
https://cityu-dg.instructure.com,500,Data Structures,CS3334(DG26 spring).xlsx,20eb2dda7b808604113b01254810e7a1eeb9cb19593f66c289cd1a60195345d0,11419,ACADEMIC_TEACHING,INGESTABLE,academic teaching material,NEEDS_REVIEW,OWNER_PLATFORM_IMPORT_INTENT_RIGHTS_UNVERIFIED
https://cityu-dg.instructure.com,500,Data Structures,cs3334_final_problem_set.pdf,4c0bafd8411ea4dabc99c34294fb6fcea27ad3f891fbaf4289491515a9418e94,356804,ACADEMIC_TEACHING,BLOCKED,"ASSESSMENT_MATERIAL: an exam, quiz or marking document needs the owner's decision",BLOCKED_NEEDS_OWNER_DECISION,OWNER_PLATFORM_IMPORT_INTENT_RIGHTS_UNVERIFIED
https://cityu-dg.instructure.com,500,Data Structures,cs3334_final_problem_set_solution.pdf,10ba0c8d469bda20b24c68f13662457ee1857162362109e57a1bdf8f9a70609a,496010,ACADEMIC_TEACHING,BLOCKED,"ASSESSMENT_MATERIAL: an exam, quiz or marking document needs the owner's decision",BLOCKED_NEEDS_OWNER_DECISION,OWNER_PLATFORM_IMPORT_INTENT_RIGHTS_UNVERIFIED
https://cityu-dg.instructure.com,500,Data Structures,knowledge_list_updated_final_exam.docx,ae7294f8ea91d4553e5b7dd7fa36dec69c377a2d5a73b43e65a0d4c775a6262c,28438,ACADEMIC_TEACHING,BLOCKED,"ASSESSMENT_MATERIAL: an exam, quiz or marking document needs the owner's decision",BLOCKED_NEEDS_OWNER_DECISION,OWNER_PLATFORM_IMPORT_INTENT_RIGHTS_UNVERIFIED
https://cityu-dg.instructure.com,500,Data Structures,maze_generation_4x4_stack.pdf,2802adb5d1ef2f41d00de35009b694a9bda5ba5f77fa83f550f42d3c64bbda8a,590532,ACADEMIC_TEACHING,INGESTABLE,academic teaching material,NEEDS_REVIEW,OWNER_PLATFORM_IMPORT_INTENT_RIGHTS_UNVERIFIED
https://cityu-dg.instructure.com,500,Data Structures,maze_solving_4x4.pdf,029cf68e8fd8732d5aa8829d3f207ede17f9090446709fc87bb17a5890ec9657,198645,ACADEMIC_TEACHING,INGESTABLE,academic teaching material,NEEDS_REVIEW,OWNER_PLATFORM_IMPORT_INTENT_RIGHTS_UNVERIFIED
https://cityu-dg.instructure.com,500,Data Structures,stack_check_two_equations.pdf,4b7c5d43cb02bb57a443f6ee36b33fa2f2f03d177a9b2b7c3a68d0a7cc62510a,213821,ACADEMIC_TEACHING,INGESTABLE,academic teaching material,NEEDS_REVIEW,OWNER_PLATFORM_IMPORT_INTENT_RIGHTS_UNVERIFIED
https://cityu-dg.instructure.com,525,Operating Systems,Assignment-1-question.docx,ee0e3f79eac9da91f31b8cea8932db6566847974dd1c69c2b9f82d0afc377185,35779,ACADEMIC_TEACHING,INGESTABLE,academic teaching material,NEEDS_REVIEW,OWNER_PLATFORM_IMPORT_INTENT_RIGHTS_UNVERIFIED
https://cityu-dg.instructure.com,525,Operating Systems,Assignment-2-question-new.docx,bd5df0b3120386ce50598400e03a54a8bfbc27df367188a2dd419c1a3a7ccef1,66480,ACADEMIC_TEACHING,INGESTABLE,academic teaching material,NEEDS_REVIEW,OWNER_PLATFORM_IMPORT_INTENT_RIGHTS_UNVERIFIED
https://cityu-dg.instructure.com,525,Operating Systems,Assignment2.zip,e4919f1a1d302c7498c12cce06b7b5e159ccd1ecbd04fb012f025bf4040d5ff5,10328,ACADEMIC_TEACHING,DOWNLOAD_ONLY,"no loader can read this format: stored, never counted as learnable material",NEEDS_REVIEW,OWNER_PLATFORM_IMPORT_INTENT_RIGHTS_UNVERIFIED
https://cityu-dg.instructure.com,525,Operating Systems,CS3103-Tutorial-1-Solution.pdf,90420438d111bb659d80f0a08aee8d40dcdd8d0898172e9c042a2016425a682e,820307,ACADEMIC_TEACHING,INGESTABLE,academic teaching material,NEEDS_REVIEW,OWNER_PLATFORM_IMPORT_INTENT_RIGHTS_UNVERIFIED
https://cityu-dg.instructure.com,525,Operating Systems,CS3103-Tutorial-1.docx,7e0a6ec446263d01ebf1c9dc7e0c4aec787ada04c32545e97869f7b920619dfe,175783,ACADEMIC_TEACHING,INGESTABLE,academic teaching material,NEEDS_REVIEW,OWNER_PLATFORM_IMPORT_INTENT_RIGHTS_UNVERIFIED
https://cityu-dg.instructure.com,525,Operating Systems,CS3103-Tutorial-2-Solution.pdf,311d82d927870cfe6341e1bc0fe16d9a9af5c7eeb3d4b7240e2801d19a49513d,107355,ACADEMIC_TEACHING,INGESTABLE,academic teaching material,NEEDS_REVIEW,OWNER_PLATFORM_IMPORT_INTENT_RIGHTS_UNVERIFIED
https://cityu-dg.instructure.com,525,Operating Systems,CS3103-Tutorial-2.docx,a8ed3f9b455970f3f115e1dcb0cda52ee8849f5ecffd4a130429ec1cceb72852,42220,ACADEMIC_TEACHING,INGESTABLE,academic teaching material,NEEDS_REVIEW,OWNER_PLATFORM_IMPORT_INTENT_RIGHTS_UNVERIFIED
https://cityu-dg.instructure.com,525,Operating Systems,CS3103-Tutorial-3-answersheet.docx,50d4d62b498bd9a50da21d23bf2483b26477c6c1ab76cb692615c20166b6fa9f,34964,ACADEMIC_TEACHING,INGESTABLE,academic teaching material,NEEDS_REVIEW,OWNER_PLATFORM_IMPORT_INTENT_RIGHTS_UNVERIFIED
https://cityu-dg.instructure.com,525,Operating Systems,CS3103-Tutorial-3.docx,39f55b2893df4578729410f1bb9cba31ec2ea2de892c0f7589b0ee44e25193d3,47299,ACADEMIC_TEACHING,INGESTABLE,academic teaching material,NEEDS_REVIEW,OWNER_PLATFORM_IMPORT_INTENT_RIGHTS_UNVERIFIED
https://cityu-dg.instructure.com,525,Operating Systems,CS3103-Tutorial-4.docx,5a412847ddc4cf298bd50e0c4bc9bd999274e6da69c65fcf8299c6e07a064a2d,40021,ACADEMIC_TEACHING,INGESTABLE,academic teaching material,NEEDS_REVIEW,OWNER_PLATFORM_IMPORT_INTENT_RIGHTS_UNVERIFIED
https://cityu-dg.instructure.com,525,Operating Systems,CS3103-Tutorial-5.docx,49bfaa9afff059be90a6d41dd3c4c0a070ed7844ea5de19c6891d30fe16cfc43,45139,ACADEMIC_TEACHING,INGESTABLE,academic teaching material,NEEDS_REVIEW,OWNER_PLATFORM_IMPORT_INTENT_RIGHTS_UNVERIFIED
https://cityu-dg.instructure.com,525,Operating Systems,CS3103-Tutorial-6.docx,38d72de963ca2a6675e04d73c6ef2d18678f7ce381db62c4159e2d73604eba5c,41598,ACADEMIC_TEACHING,INGESTABLE,academic teaching material,NEEDS_REVIEW,OWNER_PLATFORM_IMPORT_INTENT_RIGHTS_UNVERIFIED
https://cityu-dg.instructure.com,525,Operating Systems,CS3103-Tutorial-7.docx,c2cc7dbfa5253f90ebd2ab56e44d09edca10e97772741006011e79d65346c602,69353,ACADEMIC_TEACHING,INGESTABLE,academic teaching material,NEEDS_REVIEW,OWNER_PLATFORM_IMPORT_INTENT_RIGHTS_UNVERIFIED
https://cityu-dg.instructure.com,525,Operating Systems,CS3103-Tutorial-8.docx,04f3b646bb14d49be0a8fcde4b3cd01c41886f77ab147f8b4ff5662f70a752a4,45942,ACADEMIC_TEACHING,INGESTABLE,academic teaching material,NEEDS_REVIEW,OWNER_PLATFORM_IMPORT_INTENT_RIGHTS_UNVERIFIED
https://cityu-dg.instructure.com,525,Operating Systems,L16-slides.pdf,eb9ad3c9c95c352e7101417f3270f6c8896ef7c21ed72e08d26594b5f8389929,480735,ACADEMIC_TEACHING,INGESTABLE,academic teaching material,NEEDS_REVIEW,OWNER_PLATFORM_IMPORT_INTENT_RIGHTS_UNVERIFIED
https://cityu-dg.instructure.com,525,Operating Systems,Makefile,4f268b07238949860dd7f8018996c0a7d72a006c292e452f8d9f7a27a4efa9f4,580,ACADEMIC_TEACHING,DOWNLOAD_ONLY,"unknown format: stored, never counted as learnable material",NEEDS_REVIEW,OWNER_PLATFORM_IMPORT_INTENT_RIGHTS_UNVERIFIED
https://cityu-dg.instructure.com,525,Operating Systems,chapter-0-info.pptx,0a377200f9edb7eb05aeded2a31298be1514894222115b7138d70a6c6147dad3,1042352,ACADEMIC_TEACHING,INGESTABLE,academic teaching material,NEEDS_REVIEW,OWNER_PLATFORM_IMPORT_INTENT_RIGHTS_UNVERIFIED
https://cityu-dg.instructure.com,525,Operating Systems,chapter-4-scheduling.pptx,c1a0584f83f8b6d3f5bf2d38b9612a6045b99d7a55e79545b154caab6d2793b5,2077555,ACADEMIC_TEACHING,INGESTABLE,academic teaching material,NEEDS_REVIEW,OWNER_PLATFORM_IMPORT_INTENT_RIGHTS_UNVERIFIED
https://cityu-dg.instructure.com,525,Operating Systems,chapter-8-page-replacement.pptx,c4943b1f003e11bf39fd5e83f4db4a2a74de1dcbdc2fbfb15fd2ae82403fe9fb,869481,ACADEMIC_TEACHING,INGESTABLE,academic teaching material,NEEDS_REVIEW,OWNER_PLATFORM_IMPORT_INTENT_RIGHTS_UNVERIFIED
https://cityu-dg.instructure.com,525,Operating Systems,demo-118876.cpp,7f654493d7bd57c7fa2c87dc18c3d838309aef949815a765435d9e23bbd86335,513,ACADEMIC_TEACHING,INGESTABLE,academic teaching material,NEEDS_REVIEW,OWNER_PLATFORM_IMPORT_INTENT_RIGHTS_UNVERIFIED
https://cityu-dg.instructure.com,525,Operating Systems,demo.cpp,9fd06b3a805ee7f46b6029ff11861785863ea1668ac9299d3f763a739df7bad1,643,ACADEMIC_TEACHING,INGESTABLE,academic teaching material,NEEDS_REVIEW,OWNER_PLATFORM_IMPORT_INTENT_RIGHTS_UNVERIFIED
https://cityu-dg.instructure.com,525,Operating Systems,group project.zip,78184d2a6506c32242f5467d30786479e9b05ddbc75827857500aa62ff8167bb,1018593,ACADEMIC_TEACHING,DOWNLOAD_ONLY,"no loader can read this format: stored, never counted as learnable material",NEEDS_REVIEW,OWNER_PLATFORM_IMPORT_INTENT_RIGHTS_UNVERIFIED
https://cityu-dg.instructure.com,525,Operating Systems,icecream.cpp,74e28baf32a45d797bff27cf605627235e53384eebe6f392280e80f3249bafcc,1192,ACADEMIC_TEACHING,INGESTABLE,academic teaching material,NEEDS_REVIEW,OWNER_PLATFORM_IMPORT_INTENT_RIGHTS_UNVERIFIED
https://cityu-dg.instructure.com,525,Operating Systems,lec-1-introduction.pptx,dca187c772590e020552b2857308991d0caf83a14493378eaee911915561ae23,3650694,ACADEMIC_TEACHING,INGESTABLE,academic teaching material,NEEDS_REVIEW,OWNER_PLATFORM_IMPORT_INTENT_RIGHTS_UNVERIFIED
https://cityu-dg.instructure.com,525,Operating Systems,lec-10-file-implementation.pptx,dd1c111c59c47c48fba3e47bc4b7630d0f834bc31dcf283a3949c69c5a565e63,1562803,ACADEMIC_TEACHING,INGESTABLE,academic teaching material,NEEDS_REVIEW,OWNER_PLATFORM_IMPORT_INTENT_RIGHTS_UNVERIFIED
https://cityu-dg.instructure.com,525,Operating Systems,lec-11-storage.pptx,e47c4524e818518b000ea147bbaf395ddad03d05d411ac491bc9e32d66dc211b,3105921,ACADEMIC_TEACHING,INGESTABLE,academic teaching material,NEEDS_REVIEW,OWNER_PLATFORM_IMPORT_INTENT_RIGHTS_UNVERIFIED
https://cityu-dg.instructure.com,525,Operating Systems,lec-2-process.pptx,f45dfbdcf5e8c6da0c9ab321e42527aa22aa6b9beda55ca36189630e0e323cfc,2270190,ACADEMIC_TEACHING,INGESTABLE,academic teaching material,NEEDS_REVIEW,OWNER_PLATFORM_IMPORT_INTENT_RIGHTS_UNVERIFIED
https://cityu-dg.instructure.com,525,Operating Systems,lec-3-thread.pptx,42c86d1d9433fc77684544ddced91e835def79f57aba240ddfab94de5dd7386b,2118942,ACADEMIC_TEACHING,INGESTABLE,academic teaching material,NEEDS_REVIEW,OWNER_PLATFORM_IMPORT_INTENT_RIGHTS_UNVERIFIED
https://cityu-dg.instructure.com,525,Operating Systems,lec-5-synchronization.pptx,ba7223132c9afa41d527eeb3422aab0c81474573f330d14ed117a7421cecb39d,923662,ACADEMIC_TEACHING,INGESTABLE,academic teaching material,NEEDS_REVIEW,OWNER_PLATFORM_IMPORT_INTENT_RIGHTS_UNVERIFIED
https://cityu-dg.instructure.com,525,Operating Systems,lec-6-deadlock.pptx,e0a46d917ac2da643db7d80b205ad47659925953a54d6680f8687651cd8d1d0a,2011515,ACADEMIC_TEACHING,INGESTABLE,academic teaching material,NEEDS_REVIEW,OWNER_PLATFORM_IMPORT_INTENT_RIGHTS_UNVERIFIED
https://cityu-dg.instructure.com,525,Operating Systems,lec-7-memory.pptx,b80e3655e28af79cff5ba5f80b653e6630b4978f8e8791791e1c2d6e2658b3c6,1696072,ACADEMIC_TEACHING,INGESTABLE,academic teaching material,NEEDS_REVIEW,OWNER_PLATFORM_IMPORT_INTENT_RIGHTS_UNVERIFIED
https://cityu-dg.instructure.com,525,Operating Systems,lec-9 file.pptx,9e5967956e954cddb76ed568ce22069360df8b7f4c19b813b3d2f765b1b04d56,1364913,ACADEMIC_TEACHING,INGESTABLE,academic teaching material,NEEDS_REVIEW,OWNER_PLATFORM_IMPORT_INTENT_RIGHTS_UNVERIFIED
https://cityu-dg.instructure.com,525,Operating Systems,main-common.c,b3a775b5d4c300bcdbf031697df8f358892f4e6426484bbfa375d9b664b54351,3678,ACADEMIC_TEACHING,INGESTABLE,academic teaching material,NEEDS_REVIEW,OWNER_PLATFORM_IMPORT_INTENT_RIGHTS_UNVERIFIED
https://cityu-dg.instructure.com,525,Operating Systems,main-header.h,0fb8c40a6d5991b07b0d6f017c099b3ada159278bd9c5f22758d0b870a3e56db,4179,ACADEMIC_TEACHING,INGESTABLE,academic teaching material,NEEDS_REVIEW,OWNER_PLATFORM_IMPORT_INTENT_RIGHTS_UNVERIFIED
https://cityu-dg.instructure.com,525,Operating Systems,main-one-cv-while.c,abcba876cebc358d7471447d27b200128b3ecb7c09a7780db20b9d765b6e4210,1910,ACADEMIC_TEACHING,INGESTABLE,academic teaching material,NEEDS_REVIEW,OWNER_PLATFORM_IMPORT_INTENT_RIGHTS_UNVERIFIED
https://cityu-dg.instructure.com,525,Operating Systems,main-two-cvs-if.c,73b066af32f27ddf958624d1bacd028ad7a2bca651540b41770b78f39af1546b,1973,ACADEMIC_TEACHING,INGESTABLE,academic teaching material,NEEDS_REVIEW,OWNER_PLATFORM_IMPORT_INTENT_RIGHTS_UNVERIFIED
https://cityu-dg.instructure.com,525,Operating Systems,main-two-cvs-while.c,91ddef0ed5b6509182381efff4e9d4503e9dff366185207889948f84e56b3bd1,2021,ACADEMIC_TEACHING,INGESTABLE,academic teaching material,NEEDS_REVIEW,OWNER_PLATFORM_IMPORT_INTENT_RIGHTS_UNVERIFIED
https://cityu-dg.instructure.com,525,Operating Systems,midterm_v3_0303.docx,459ecdf9daeface2d287374b374cce0ec9fe9a4cf1f6957cc20e604df362a88f,73816,ACADEMIC_TEACHING,BLOCKED,"ASSESSMENT_MATERIAL: an exam, quiz or marking document needs the owner's decision",BLOCKED_NEEDS_OWNER_DECISION,OWNER_PLATFORM_IMPORT_INTENT_RIGHTS_UNVERIFIED
https://cityu-dg.instructure.com,525,Operating Systems,mythreads.h,325b31304761cc82528f6f6e248c5d08a6c31bcc6a0194dc1e23fb41ebc618c9,1472,ACADEMIC_TEACHING,INGESTABLE,academic teaching material,NEEDS_REVIEW,OWNER_PLATFORM_IMPORT_INTENT_RIGHTS_UNVERIFIED
https://cityu-dg.instructure.com,525,Operating Systems,pc-header.h,407ec32d2ce6409cd40637a125a5507582dfffb9cdbab3f45f3b5010701c01f1,788,ACADEMIC_TEACHING,INGESTABLE,academic teaching material,NEEDS_REVIEW,OWNER_PLATFORM_IMPORT_INTENT_RIGHTS_UNVERIFIED
https://cityu-dg.instructure.com,525,Operating Systems,process-run.py,6c7bff8291a37e2730eb541fe46a2d2fd6454b5fc2873fd52dd00f966f8aac2d,12209,ACADEMIC_TEACHING,INGESTABLE,academic teaching material,NEEDS_REVIEW,OWNER_PLATFORM_IMPORT_INTENT_RIGHTS_UNVERIFIED
https://cityu-dg.instructure.com,525,Operating Systems,scheduler.py,eb528b06ebc671bac374cdc6a96ccfbbc6f8d1ed21d8f16ea91fb25a3da134e8,5715,ACADEMIC_TEACHING,INGESTABLE,academic teaching material,NEEDS_REVIEW,OWNER_PLATFORM_IMPORT_INTENT_RIGHTS_UNVERIFIED
https://cityu-dg.instructure.com,525,Operating Systems,test.cpp,c7476e8eab21cf3790ba83b73494b561537c798bd60e0d566f84fef4f82d0274,503,ACADEMIC_TEACHING,INGESTABLE,academic teaching material,NEEDS_REVIEW,OWNER_PLATFORM_IMPORT_INTENT_RIGHTS_UNVERIFIED
https://cityu-dg.instructure.com,525,Operating Systems,testThread.cpp,d528e027a2c7f07790dafd76ba51918bf631be1367f442b7c92c3e1ca00badd7,592,ACADEMIC_TEACHING,INGESTABLE,academic teaching material,NEEDS_REVIEW,OWNER_PLATFORM_IMPORT_INTENT_RIGHTS_UNVERIFIED
https://cityu-dg.instructure.com,525,Operating Systems,tutorial3.zip,bfa77d1a101880be818596a60407cac65f60ab30ba7833a71f5378d2fc7eac94,9253,ACADEMIC_TEACHING,DOWNLOAD_ONLY,"no loader can read this format: stored, never counted as learnable material",NEEDS_REVIEW,OWNER_PLATFORM_IMPORT_INTENT_RIGHTS_UNVERIFIED
https://cityu-dg.instructure.com,525,Operating Systems,tutorial5.zip,a7efb822dde0207da5a965de55286c9f25139d93f165154500e1adc0c105f8aa,7874,ACADEMIC_TEACHING,DOWNLOAD_ONLY,"no loader can read this format: stored, never counted as learnable material",NEEDS_REVIEW,OWNER_PLATFORM_IMPORT_INTENT_RIGHTS_UNVERIFIED
https://cityu-dg.instructure.com,525,Operating Systems,tutorial6.zip,3b3db4022011bbd330cf3f5d0511d480c9ac64cc6fe378a308a96ccc3f5e7858,5286,ACADEMIC_TEACHING,DOWNLOAD_ONLY,"no loader can read this format: stored, never counted as learnable material",NEEDS_REVIEW,OWNER_PLATFORM_IMPORT_INTENT_RIGHTS_UNVERIFIED
https://cityu-dg.instructure.com,525,Operating Systems,tutorial7.zip,011f03af2a2d2bd14361401aee330163e8b13280213b40dc3b9b53d702814b08,5207,ACADEMIC_TEACHING,DOWNLOAD_ONLY,"no loader can read this format: stored, never counted as learnable material",NEEDS_REVIEW,OWNER_PLATFORM_IMPORT_INTENT_RIGHTS_UNVERIFIED
https://cityu-dg.instructure.com,525,Operating Systems,tutorial8.zip,21afc5230f38908679a0aef9ffce1d9b80ffeb0b219c33a99a95be2feb1114f3,6324,ACADEMIC_TEACHING,DOWNLOAD_ONLY,"no loader can read this format: stored, never counted as learnable material",NEEDS_REVIEW,OWNER_PLATFORM_IMPORT_INTENT_RIGHTS_UNVERIFIED
https://cityu-dg.instructure.com,544,Database Systems,CS3402 Seating Plan.xlsx,7b2984f255073ef2b31e7daa4d187730d230040284b09ddda21f7596fd1066cb,11960,ACADEMIC_TEACHING,INGESTABLE,academic teaching material,NEEDS_REVIEW,OWNER_PLATFORM_IMPORT_INTENT_RIGHTS_UNVERIFIED
https://cityu-dg.instructure.com,544,Database Systems,HW2_solutions.pdf,968297483eaa52702cbf00599e31fb7e9663b0ea90f08fec919764982e00f2ba,592378,ACADEMIC_TEACHING,INGESTABLE,academic teaching material,NEEDS_REVIEW,OWNER_PLATFORM_IMPORT_INTENT_RIGHTS_UNVERIFIED
https://cityu-dg.instructure.com,544,Database Systems,HW3_solution.pdf,db4946f4fb48f21ccd0eabd8b639702f101a01b30fd64d27c91573982411569f,182474,ACADEMIC_TEACHING,INGESTABLE,academic teaching material,NEEDS_REVIEW,OWNER_PLATFORM_IMPORT_INTENT_RIGHTS_UNVERIFIED
https://cityu-dg.instructure.com,544,Database Systems,Lab1.pdf,294f887258a7c7e12bb0a8b7f4ead0bcdd8b3b098733aef006c117f21bdd0888,365202,ACADEMIC_TEACHING,INGESTABLE,academic teaching material,NEEDS_REVIEW,OWNER_PLATFORM_IMPORT_INTENT_RIGHTS_UNVERIFIED
https://cityu-dg.instructure.com,544,Database Systems,Lab1Data.sql,bde74b7a48b94fdc787658345872f2af5184e42f851e45ac8f78a6f30fa6730f,2216,ACADEMIC_TEACHING,INGESTABLE,academic teaching material,NEEDS_REVIEW,OWNER_PLATFORM_IMPORT_INTENT_RIGHTS_UNVERIFIED
https://cityu-dg.instructure.com,544,Database Systems,Lab2.pdf,41fee16db5cf556883092754063c3edbe7e299f005ef2e94e6b36f19b3a4f06e,38219,ACADEMIC_TEACHING,INGESTABLE,academic teaching material,NEEDS_REVIEW,OWNER_PLATFORM_IMPORT_INTENT_RIGHTS_UNVERIFIED
https://cityu-dg.instructure.com,544,Database Systems,Lab3.pdf,a694ff5863dbb33def3e661d840ca02d37afc5f42e4b0a8cff11038009b5ddb8,34413,ACADEMIC_TEACHING,INGESTABLE,academic teaching material,NEEDS_REVIEW,OWNER_PLATFORM_IMPORT_INTENT_RIGHTS_UNVERIFIED
https://cityu-dg.instructure.com,544,Database Systems,Lab4.pdf,94ee7e00e1986c2fc41e5b97783579624fbea7e8fd9e2e1b9f004ce8eba74a89,149178,ACADEMIC_TEACHING,INGESTABLE,academic teaching material,NEEDS_REVIEW,OWNER_PLATFORM_IMPORT_INTENT_RIGHTS_UNVERIFIED
https://cityu-dg.instructure.com,544,Database Systems,Lab5.pdf,7ff2e10a61c2ec729bd0f15552762d50236077da5c252bb52ef834587aca74a7,568089,ACADEMIC_TEACHING,INGESTABLE,academic teaching material,NEEDS_REVIEW,OWNER_PLATFORM_IMPORT_INTENT_RIGHTS_UNVERIFIED
https://cityu-dg.instructure.com,544,Database Systems,Lab6.pdf,b8e11c7586c182a1ce67291a87c506448072a9f0a7321e6ad6bb6bf235211e6d,1094772,ACADEMIC_TEACHING,INGESTABLE,academic teaching material,NEEDS_REVIEW,OWNER_PLATFORM_IMPORT_INTENT_RIGHTS_UNVERIFIED
https://cityu-dg.instructure.com,544,Database Systems,cs3402-2025-2026B_midterm_sol.pdf,edbfbee6f56c6a91b59c1e1f681fbde673eafcda06244602af15cb4b508f2e5d,725742,ACADEMIC_TEACHING,BLOCKED,"ASSESSMENT_MATERIAL: an exam, quiz or marking document needs the owner's decision",BLOCKED_NEEDS_OWNER_DECISION,OWNER_PLATFORM_IMPORT_INTENT_RIGHTS_UNVERIFIED
https://cityu-dg.instructure.com,544,Database Systems,cs3402_final mock exam_2026.pdf,fc261e3decea08d4a7ebb66098211b496afd4762ea47327ce4467953a259e6e4,97695,ACADEMIC_TEACHING,BLOCKED,"ASSESSMENT_MATERIAL: an exam, quiz or marking document needs the owner's decision",BLOCKED_NEEDS_OWNER_DECISION,OWNER_PLATFORM_IMPORT_INTENT_RIGHTS_UNVERIFIED
https://cityu-dg.instructure.com,544,Database Systems,cs3402_final mock exam_2026_solution.pdf,02b8d228538b6018063c5eaf53b25892a7df95ba390e51d0933887b264ae3691,127507,ACADEMIC_TEACHING,BLOCKED,"ASSESSMENT_MATERIAL: an exam, quiz or marking document needs the owner's decision",BLOCKED_NEEDS_OWNER_DECISION,OWNER_PLATFORM_IMPORT_INTENT_RIGHTS_UNVERIFIED
https://cityu-dg.instructure.com,544,Database Systems,cs3402_midterm mock exam_2025_question.pdf,0cf76892acb846878ee2622ed4e0de0978fdc6bb49974b8a3796323278360790,211040,ACADEMIC_TEACHING,BLOCKED,"ASSESSMENT_MATERIAL: an exam, quiz or marking document needs the owner's decision",BLOCKED_NEEDS_OWNER_DECISION,OWNER_PLATFORM_IMPORT_INTENT_RIGHTS_UNVERIFIED
https://cityu-dg.instructure.com,544,Database Systems,cs3402_midterm mock exam_2025_solution.pdf,b8318eddd20bb7ca72dcf0c08c6fe5f1ceebb035df2b08056dde2d37002f26de,309917,ACADEMIC_TEACHING,BLOCKED,"ASSESSMENT_MATERIAL: an exam, quiz or marking document needs the owner's decision",BLOCKED_NEEDS_OWNER_DECISION,OWNER_PLATFORM_IMPORT_INTENT_RIGHTS_UNVERIFIED
https://cityu-dg.instructure.com,544,Database Systems,homework1_sol.pdf,7517a6917290fd7612ca0b5634c23110c33518ee4a4d03496698fcd0d0b1ce83,532232,ACADEMIC_TEACHING,INGESTABLE,academic teaching material,NEEDS_REVIEW,OWNER_PLATFORM_IMPORT_INTENT_RIGHTS_UNVERIFIED
https://cityu-dg.instructure.com,544,Database Systems,lec01.pdf,f888b1bbdb8dc0bed0f2d20550c008d6878646d0af50eb631a63fe8ef3abad6a,2744332,ACADEMIC_TEACHING,INGESTABLE,academic teaching material,NEEDS_REVIEW,OWNER_PLATFORM_IMPORT_INTENT_RIGHTS_UNVERIFIED
https://cityu-dg.instructure.com,544,Database Systems,lec02.pdf,0811d62b0e906b4d7f4146328c98e9f878f8fb6443c9aab53e2703aa741c9a21,10178605,ACADEMIC_TEACHING,INGESTABLE,academic teaching material,NEEDS_REVIEW,OWNER_PLATFORM_IMPORT_INTENT_RIGHTS_UNVERIFIED
https://cityu-dg.instructure.com,544,Database Systems,lec03.pdf,aa23f1bb0e34da894bb9befb75051d7d4fa28d5d029cfc26a82ac847b19e2e2d,1938249,ACADEMIC_TEACHING,INGESTABLE,academic teaching material,NEEDS_REVIEW,OWNER_PLATFORM_IMPORT_INTENT_RIGHTS_UNVERIFIED
https://cityu-dg.instructure.com,544,Database Systems,lec04.pdf,4cbf460161b8b8a465d28701bcb574f243b8e9cf5cd50d27cc7bf77deb75a77b,1757374,ACADEMIC_TEACHING,INGESTABLE,academic teaching material,NEEDS_REVIEW,OWNER_PLATFORM_IMPORT_INTENT_RIGHTS_UNVERIFIED
https://cityu-dg.instructure.com,544,Database Systems,lec05.pdf,7ac038ab6b2b8ff6b29aa07e7e6a755afda950b01e9e183a6a25722e832c3991,8121814,ACADEMIC_TEACHING,INGESTABLE,academic teaching material,NEEDS_REVIEW,OWNER_PLATFORM_IMPORT_INTENT_RIGHTS_UNVERIFIED
https://cityu-dg.instructure.com,544,Database Systems,lec06.pdf,d1d22ff427ed38867235fe78f4ae5337112f9c381a0bfa59ff9d0a4780ecf07f,2211934,ACADEMIC_TEACHING,INGESTABLE,academic teaching material,NEEDS_REVIEW,OWNER_PLATFORM_IMPORT_INTENT_RIGHTS_UNVERIFIED
https://cityu-dg.instructure.com,544,Database Systems,lec07.pdf,055347dfaa36e4cf72a102de00ea072bda3f4e490e40ea2a59b326ce4aca5547,3025588,ACADEMIC_TEACHING,INGESTABLE,academic teaching material,NEEDS_REVIEW,OWNER_PLATFORM_IMPORT_INTENT_RIGHTS_UNVERIFIED
https://cityu-dg.instructure.com,544,Database Systems,lec08.pdf,655b509aeb6823cbf7d79277550b3a99e3161129e9cf5cd910bafbd7e82391d3,6532120,ACADEMIC_TEACHING,INGESTABLE,academic teaching material,NEEDS_REVIEW,OWNER_PLATFORM_IMPORT_INTENT_RIGHTS_UNVERIFIED
https://cityu-dg.instructure.com,544,Database Systems,lec09.pdf,c1531f061afbd8b087b46d97f76f7f76692d7231f17ab1342e4222e627c09f7e,7567502,ACADEMIC_TEACHING,INGESTABLE,academic teaching material,NEEDS_REVIEW,OWNER_PLATFORM_IMPORT_INTENT_RIGHTS_UNVERIFIED
https://cityu-dg.instructure.com,544,Database Systems,lec10.pdf,0184ebb7beba36ad390376565172c16203867bec8b920a541df7ee102142ce3a,7514945,ACADEMIC_TEACHING,INGESTABLE,academic teaching material,NEEDS_REVIEW,OWNER_PLATFORM_IMPORT_INTENT_RIGHTS_UNVERIFIED
https://cityu-dg.instructure.com,544,Database Systems,lec11.pdf,9f8c3974a53ecc1a8db0a79b20bd19ace3680b370f8b93b536f57a38ba08b737,5019805,ACADEMIC_TEACHING,INGESTABLE,academic teaching material,NEEDS_REVIEW,OWNER_PLATFORM_IMPORT_INTENT_RIGHTS_UNVERIFIED
https://cityu-dg.instructure.com,544,Database Systems,practice01.pdf,81262293b525d46195f8feb4e695039e618a9dc100e6a54c7e1f59ec10c23992,350554,ACADEMIC_TEACHING,INGESTABLE,academic teaching material,NEEDS_REVIEW,OWNER_PLATFORM_IMPORT_INTENT_RIGHTS_UNVERIFIED
https://cityu-dg.instructure.com,544,Database Systems,practice01_sol.pdf,d0f2d4756db2863d90d67dc1057f55a481e318c061188abb5766c19d2dce632c,1233699,ACADEMIC_TEACHING,INGESTABLE,academic teaching material,NEEDS_REVIEW,OWNER_PLATFORM_IMPORT_INTENT_RIGHTS_UNVERIFIED
https://cityu-dg.instructure.com,544,Database Systems,practice02.pdf,8a76192e6b4d4ad7641e6f2896b4e647240be1649128a009fbfb200b37d81f9a,392659,ACADEMIC_TEACHING,INGESTABLE,academic teaching material,NEEDS_REVIEW,OWNER_PLATFORM_IMPORT_INTENT_RIGHTS_UNVERIFIED
https://cityu-dg.instructure.com,544,Database Systems,practice02_sol.pdf,db14e3cee791f755d3425d9d29867f6111be4a202c75ce17aa59e67f06e47f60,647339,ACADEMIC_TEACHING,INGESTABLE,academic teaching material,NEEDS_REVIEW,OWNER_PLATFORM_IMPORT_INTENT_RIGHTS_UNVERIFIED
https://cityu-dg.instructure.com,544,Database Systems,practice03.pdf,1795fb46f961414e60f67bb91fdf62e049d08c5d3d3c05fda072323837b4ee9d,429529,ACADEMIC_TEACHING,INGESTABLE,academic teaching material,NEEDS_REVIEW,OWNER_PLATFORM_IMPORT_INTENT_RIGHTS_UNVERIFIED
https://cityu-dg.instructure.com,544,Database Systems,practice03_sol.pdf,ce07f7ce44bb2894dfb4d3a3d06d15da1b5f82814b723f8daf5932b5887c5d7f,500103,ACADEMIC_TEACHING,INGESTABLE,academic teaching material,NEEDS_REVIEW,OWNER_PLATFORM_IMPORT_INTENT_RIGHTS_UNVERIFIED
https://cityu-dg.instructure.com,544,Database Systems,practice04.pdf,679a732e1d647f4b82053b38ef50f611287dae2e53f9c75e093934da6514b646,462203,ACADEMIC_TEACHING,INGESTABLE,academic teaching material,NEEDS_REVIEW,OWNER_PLATFORM_IMPORT_INTENT_RIGHTS_UNVERIFIED
https://cityu-dg.instructure.com,544,Database Systems,practice04_sol.pdf,a861965c43dde89172120aa6805aed62f650ef483e6c3d58bf0d24436f9b2d12,508682,ACADEMIC_TEACHING,INGESTABLE,academic teaching material,NEEDS_REVIEW,OWNER_PLATFORM_IMPORT_INTENT_RIGHTS_UNVERIFIED
https://cityu-dg.instructure.com,544,Database Systems,practice05.pdf,17ecbb54527e5907e9d47fab6441fa2a8925b59153cf70efb8bd5ddb43a40706,128171,ACADEMIC_TEACHING,INGESTABLE,academic teaching material,NEEDS_REVIEW,OWNER_PLATFORM_IMPORT_INTENT_RIGHTS_UNVERIFIED
https://cityu-dg.instructure.com,544,Database Systems,practice05_sol.pdf,5d4a6f470a6b9477bc1dd35f39a9ca9696bc02af8cee9dc9bc15ca8356833045,284810,ACADEMIC_TEACHING,INGESTABLE,academic teaching material,NEEDS_REVIEW,OWNER_PLATFORM_IMPORT_INTENT_RIGHTS_UNVERIFIED
https://cityu-dg.instructure.com,544,Database Systems,practice06_sol.pdf,389fd859a9b7de0ba57f28a8eacb94b28c305ef231cea6ba9a0fea4ca21dc763,257087,ACADEMIC_TEACHING,INGESTABLE,academic teaching material,NEEDS_REVIEW,OWNER_PLATFORM_IMPORT_INTENT_RIGHTS_UNVERIFIED
https://cityu-dg.instructure.com,544,Database Systems,practice07.pdf,a878d19774afde268ce09594a96acccc9952b2fc6a2df0a64a18a2c3730dcc03,391629,ACADEMIC_TEACHING,INGESTABLE,academic teaching material,NEEDS_REVIEW,OWNER_PLATFORM_IMPORT_INTENT_RIGHTS_UNVERIFIED
https://cityu-dg.instructure.com,544,Database Systems,practice07_sol.pdf,a955292d50d1ba4517bd07816f8a596444075d7ff84915b88f4be625337f4104,412139,ACADEMIC_TEACHING,INGESTABLE,academic teaching material,NEEDS_REVIEW,OWNER_PLATFORM_IMPORT_INTENT_RIGHTS_UNVERIFIED
https://cityu-dg.instructure.com,544,Database Systems,practice08.pdf,be617ea32d6ce461b0cd1a85ccb6a4b2c305ff14838474e7863dca30e9396d2b,267334,ACADEMIC_TEACHING,INGESTABLE,academic teaching material,NEEDS_REVIEW,OWNER_PLATFORM_IMPORT_INTENT_RIGHTS_UNVERIFIED
https://cityu-dg.instructure.com,544,Database Systems,practice08_sol.pdf,7157436f754d0353593294c51b271c43504a35130c7519482dc34f3c6c0eee4a,345277,ACADEMIC_TEACHING,INGESTABLE,academic teaching material,NEEDS_REVIEW,OWNER_PLATFORM_IMPORT_INTENT_RIGHTS_UNVERIFIED
https://cityu-dg.instructure.com,544,Database Systems,practice09.pdf,4fb11ce93c98e806753605cc908a4b485b77eb97731082146ae4b91e73ff5c78,210105,ACADEMIC_TEACHING,INGESTABLE,academic teaching material,NEEDS_REVIEW,OWNER_PLATFORM_IMPORT_INTENT_RIGHTS_UNVERIFIED
https://cityu-dg.instructure.com,544,Database Systems,practice09_sol.pdf,7861103c4e2f2ec02a49c3456d58d86a680cbb70fb5f8dd5043911baf1278c65,613709,ACADEMIC_TEACHING,INGESTABLE,academic teaching material,NEEDS_REVIEW,OWNER_PLATFORM_IMPORT_INTENT_RIGHTS_UNVERIFIED
https://cityu-dg.instructure.com,544,Database Systems,practice10.pdf,b00e1d94598e093e374dd03584826527a9a130dc665d933b1a6961be8f3d950d,205500,ACADEMIC_TEACHING,INGESTABLE,academic teaching material,NEEDS_REVIEW,OWNER_PLATFORM_IMPORT_INTENT_RIGHTS_UNVERIFIED
https://cityu-dg.instructure.com,544,Database Systems,practice10_sol.pdf,b014d69b8bf11555bef79c2e2e1581b016064f4c6d7e571be8381363e71bae6d,590723,ACADEMIC_TEACHING,INGESTABLE,academic teaching material,NEEDS_REVIEW,OWNER_PLATFORM_IMPORT_INTENT_RIGHTS_UNVERIFIED
https://cityu-dg.instructure.com,544,Database Systems,practice11.pdf,e9dddddc34e98ba9d8cbb622e7fcdc1892788a51a060ee3d50c9adb6ad03eaa5,232166,ACADEMIC_TEACHING,INGESTABLE,academic teaching material,NEEDS_REVIEW,OWNER_PLATFORM_IMPORT_INTENT_RIGHTS_UNVERIFIED
https://cityu-dg.instructure.com,544,Database Systems,practice11_sol.pdf,249f861883048b88888d0f2d09b71eaf8cef13bf600c88687015d8ba39a2b8bc,281345,ACADEMIC_TEACHING,INGESTABLE,academic teaching material,NEEDS_REVIEW,OWNER_PLATFORM_IMPORT_INTENT_RIGHTS_UNVERIFIED
https://cityu-dg.instructure.com,544,Database Systems,practice6.pdf,17d0748f109c93f166475eeb37ea8f04779d098e91016fd14b3ab1c9f9d1f5d9,91487,ACADEMIC_TEACHING,INGESTABLE,academic teaching material,NEEDS_REVIEW,OWNER_PLATFORM_IMPORT_INTENT_RIGHTS_UNVERIFIED
https://cityu-dg.instructure.com,548,中国近现代史纲要,专题一 历史是最好的教科书L.pdf,8202215c8267905c800e6b9d64bf7b0b792dba0b980c841e34f29674a4e00b72,28890334,ACADEMIC_TEACHING,INGESTABLE,academic teaching material,NEEDS_REVIEW,OWNER_PLATFORM_IMPORT_INTENT_RIGHTS_UNVERIFIED
https://cityu-dg.instructure.com,548,中国近现代史纲要,专题一 历史是最好的教科书LL.pdf,8ed947b09688cf356dccdca914a9fca5f5d517b534bf83257c9bcf21f18cb25a,30024247,ACADEMIC_TEACHING,INGESTABLE,academic teaching material,NEEDS_REVIEW,OWNER_PLATFORM_IMPORT_INTENT_RIGHTS_UNVERIFIED
https://cityu-dg.instructure.com,548,中国近现代史纲要,第一讲 历史是最好的教科书L.pdf,a43294e120d9307d6a2f87f1224e1738d7801b51f3fc41140a3d6f499f5f7017,30547968,ACADEMIC_TEACHING,INGESTABLE,academic teaching material,NEEDS_REVIEW,OWNER_PLATFORM_IMPORT_INTENT_RIGHTS_UNVERIFIED
https://cityu-dg.instructure.com,548,中国近现代史纲要,第七讲 星星之火 可以燎原.pdf,3f55ed4bfe0cca65870724da5c5c1d5fa564d4702a38dff524bcbdab83951b49,25684266,ACADEMIC_TEACHING,INGESTABLE,academic teaching material,NEEDS_REVIEW,OWNER_PLATFORM_IMPORT_INTENT_RIGHTS_UNVERIFIED
https://cityu-dg.instructure.com,548,中国近现代史纲要,第七讲 星星之火 可以燎原L.pdf,81f95cfed478187657766cec65cb81e44ae7b3c5578c43cfa685a4556651ceb0,26014648,ACADEMIC_TEACHING,INGESTABLE,academic teaching material,NEEDS_REVIEW,OWNER_PLATFORM_IMPORT_INTENT_RIGHTS_UNVERIFIED
https://cityu-dg.instructure.com,548,中国近现代史纲要,第三讲 对国家出路的早期探索.pdf,6ef5ef0426f9af00bb21973647e43f9f948e569b4869e748d78707c384205548,33648744,ACADEMIC_TEACHING,INGESTABLE,academic teaching material,NEEDS_REVIEW,OWNER_PLATFORM_IMPORT_INTENT_RIGHTS_UNVERIFIED
https://cityu-dg.instructure.com,548,中国近现代史纲要,第三讲 对国家出路的早期探索L.pdf,61073c2fd0b99367aa9a2d69a14df361cdcd73497c454b8b91ad613778509093,34079738,ACADEMIC_TEACHING,INGESTABLE,academic teaching material,NEEDS_REVIEW,OWNER_PLATFORM_IMPORT_INTENT_RIGHTS_UNVERIFIED
https://cityu-dg.instructure.com,548,中国近现代史纲要,第九讲 新民主主义革命的伟大胜利.pdf,7745f17fb570c3c7257dac7ba9cd95b17a76a5b98e63b5d20633700bd74302af,42916814,ACADEMIC_TEACHING,INGESTABLE,academic teaching material,NEEDS_REVIEW,OWNER_PLATFORM_IMPORT_INTENT_RIGHTS_UNVERIFIED
https://cityu-dg.instructure.com,548,中国近现代史纲要,第九讲 新民主主义革命的伟大胜利L.pdf,836ba84b06a106d325ff9a37d432876cb8b183acab6be72cf5a419ca01d4fa6f,43095421,ACADEMIC_TEACHING,INGESTABLE,academic teaching material,NEEDS_REVIEW,OWNER_PLATFORM_IMPORT_INTENT_RIGHTS_UNVERIFIED
https://cityu-dg.instructure.com,548,中国近现代史纲要,第二讲 近代中国的磨难与抗争.pdf,1b9c5fabbae4bec2b80182696f8262f31efcbceb1673049bb42ffd954094a62f,435968285,ACADEMIC_TEACHING,INGESTABLE,academic teaching material,NEEDS_REVIEW,OWNER_PLATFORM_IMPORT_INTENT_RIGHTS_UNVERIFIED
https://cityu-dg.instructure.com,548,中国近现代史纲要,第五讲 中国人民在精神上由被动转为主动.pdf,633743d9c669a7537206b17ab9b8bf1e85fb502f61490154d630bfdd5f889b69,39254122,ACADEMIC_TEACHING,INGESTABLE,academic teaching material,NEEDS_REVIEW,OWNER_PLATFORM_IMPORT_INTENT_RIGHTS_UNVERIFIED
https://cityu-dg.instructure.com,548,中国近现代史纲要,第五讲 中国人民在精神上由被动转为主动L.pdf,014c7e595b5a34f7fbb6229836a65182b3c0da9562146d6d2b2a1dd88776d665,39228890,ACADEMIC_TEACHING,INGESTABLE,academic teaching material,NEEDS_REVIEW,OWNER_PLATFORM_IMPORT_INTENT_RIGHTS_UNVERIFIED
https://cityu-dg.instructure.com,548,中国近现代史纲要,第八讲 神圣的民族解放战争.pdf,05c88040f05d2784845612e9d6572856547424459a2cd5a1715cc694043083e3,38328758,ACADEMIC_TEACHING,INGESTABLE,academic teaching material,NEEDS_REVIEW,OWNER_PLATFORM_IMPORT_INTENT_RIGHTS_UNVERIFIED
https://cityu-dg.instructure.com,548,中国近现代史纲要,第八讲 神圣的民族解放战争L.pdf,05c88040f05d2784845612e9d6572856547424459a2cd5a1715cc694043083e3,38328758,ACADEMIC_TEACHING,INGESTABLE,academic teaching material,NEEDS_REVIEW,OWNER_PLATFORM_IMPORT_INTENT_RIGHTS_UNVERIFIED
https://cityu-dg.instructure.com,548,中国近现代史纲要,第六讲 中国人民有了主心骨.pdf,a083838c49cc83a67befa2f997ff29a47c3f3e0479d9e7630586f1c845c9211b,22043352,ACADEMIC_TEACHING,INGESTABLE,academic teaching material,NEEDS_REVIEW,OWNER_PLATFORM_IMPORT_INTENT_RIGHTS_UNVERIFIED
https://cityu-dg.instructure.com,548,中国近现代史纲要,第六讲 中国人民有了主心骨L.pdf,130f3e71e503361289c102d2f737fb13f9df656972b281d119165397a6366cd4,22148680,ACADEMIC_TEACHING,INGESTABLE,academic teaching material,NEEDS_REVIEW,OWNER_PLATFORM_IMPORT_INTENT_RIGHTS_UNVERIFIED
https://cityu-dg.instructure.com,548,中国近现代史纲要,第十一讲 决定当代中国命运的关键一招.pdf,9d3f3810d1f02680f24701e80ce86ef6836046889bec832539ab603cc7b028aa,47307620,ACADEMIC_TEACHING,INGESTABLE,academic teaching material,NEEDS_REVIEW,OWNER_PLATFORM_IMPORT_INTENT_RIGHTS_UNVERIFIED
https://cityu-dg.instructure.com,548,中国近现代史纲要,第十二讲 社会主义现代化强国之路；历史进程中的东莞.pdf,943cbaad13d5b4908c4c8e76c44a3624ce540623a6d9d7871900205cc4056c5e,25565547,ACADEMIC_TEACHING,INGESTABLE,academic teaching material,NEEDS_REVIEW,OWNER_PLATFORM_IMPORT_INTENT_RIGHTS_UNVERIFIED
https://cityu-dg.instructure.com,548,中国近现代史纲要,第十讲 社会主义革命和建设的开展.pdf,295d29ae8dae15919a535aae6eff5477b425ba4a7f72dcc09d8410d6fa3e1df9,59724866,ACADEMIC_TEACHING,INGESTABLE,academic teaching material,NEEDS_REVIEW,OWNER_PLATFORM_IMPORT_INTENT_RIGHTS_UNVERIFIED
https://cityu-dg.instructure.com,548,中国近现代史纲要,第四讲 辛亥革命的成与败.pdf,aeedd287bb4cc633370d2670b65429ee47905a24927ddeb2390d95ba83830d77,181155150,ACADEMIC_TEACHING,INGESTABLE,academic teaching material,NEEDS_REVIEW,OWNER_PLATFORM_IMPORT_INTENT_RIGHTS_UNVERIFIED
https://cityu-dg.instructure.com,548,中国近现代史纲要,第四讲 辛亥革命的成与败L.pdf,7b90bddf46c1abf2977e35b72d8ff532a52d960f82c89a05465b4e87755b33b2,180981444,ACADEMIC_TEACHING,INGESTABLE,academic teaching material,NEEDS_REVIEW,OWNER_PLATFORM_IMPORT_INTENT_RIGHTS_UNVERIFIED
https://cityu-dg.instructure.com,560,Problem Solve & Programming,1.txt,c61e5bb0dcb6d531668ff1e0bbd1c8a587d4e12fb7e7e88d698eb1a218caa08a,99,ACADEMIC_TEACHING,INGESTABLE,academic teaching material,NEEDS_REVIEW,OWNER_PLATFORM_IMPORT_INTENT_RIGHTS_UNVERIFIED
https://cityu-dg.instructure.com,560,Problem Solve & Programming,2.txt,af39cfbb542f827397c1391a6a16aac7ceae3946dd6ecd6d406ea87c76400801,107,ACADEMIC_TEACHING,INGESTABLE,academic teaching material,NEEDS_REVIEW,OWNER_PLATFORM_IMPORT_INTENT_RIGHTS_UNVERIFIED
https://cityu-dg.instructure.com,560,Problem Solve & Programming,3.txt,e3b0c44298fc1c149afbf4c8996fb92427ae41e4649b934ca495991b7852b855,0,ACADEMIC_TEACHING,INGESTABLE,academic teaching material,NEEDS_REVIEW,OWNER_PLATFORM_IMPORT_INTENT_RIGHTS_UNVERIFIED
https://cityu-dg.instructure.com,560,Problem Solve & Programming,4.txt,17198b4aa37dd82b7dfafe7ed8dcdb75092ed2b83e0693a963ba3a29e54467a7,61,ACADEMIC_TEACHING,INGESTABLE,academic teaching material,NEEDS_REVIEW,OWNER_PLATFORM_IMPORT_INTENT_RIGHTS_UNVERIFIED
https://cityu-dg.instructure.com,560,Problem Solve & Programming,5.txt,5de863560450b8f4ece5e90e11e4e32d99755d276e054a0d1c747e968736e98d,613,ACADEMIC_TEACHING,INGESTABLE,academic teaching material,NEEDS_REVIEW,OWNER_PLATFORM_IMPORT_INTENT_RIGHTS_UNVERIFIED
https://cityu-dg.instructure.com,560,Problem Solve & Programming,Account.java,6abd689b0ce4b1fbed86a04cb3d5442b3b5555ad8c3a00e2d8e02ab762cf26bf,152,ACADEMIC_TEACHING,INGESTABLE,academic teaching material,NEEDS_REVIEW,OWNER_PLATFORM_IMPORT_INTENT_RIGHTS_UNVERIFIED
https://cityu-dg.instructure.com,560,Problem Solve & Programming,AddController.java,d5a4aa04811c021b3488db3e6074bf8091edada57ef0bdfb9753d25c2d373d37,412,ACADEMIC_TEACHING,INGESTABLE,academic teaching material,NEEDS_REVIEW,OWNER_PLATFORM_IMPORT_INTENT_RIGHTS_UNVERIFIED
https://cityu-dg.instructure.com,560,Problem Solve & Programming,Album.java,e70cb1761bed967d07c0829dc1b130244470a5b47aeee8621dd6b5b34398098c,684,ACADEMIC_TEACHING,INGESTABLE,academic teaching material,NEEDS_REVIEW,OWNER_PLATFORM_IMPORT_INTENT_RIGHTS_UNVERIFIED
https://cityu-dg.instructure.com,560,Problem Solve & Programming,Animal.java,f352fcd1055e44afe14bc79ad99a33be7a527d9bae978f27ee4f92b818d115ed,128,ACADEMIC_TEACHING,INGESTABLE,academic teaching material,NEEDS_REVIEW,OWNER_PLATFORM_IMPORT_INTENT_RIGHTS_UNVERIFIED
https://cityu-dg.instructure.com,560,Problem Solve & Programming,AreaCounter.java,9d68a6da530ce7bd5142273d84eb2abadc4bb22ddb7f273895beabfb33b6865b,368,ACADEMIC_TEACHING,INGESTABLE,academic teaching material,NEEDS_REVIEW,OWNER_PLATFORM_IMPORT_INTENT_RIGHTS_UNVERIFIED
https://cityu-dg.instructure.com,560,Problem Solve & Programming,Assignment.java,a5f68640017099748ce4de81e91b120eb53cdca0f277b9bdf60afb1b26e50163,1133,ACADEMIC_TEACHING,INGESTABLE,academic teaching material,NEEDS_REVIEW,OWNER_PLATFORM_IMPORT_INTENT_RIGHTS_UNVERIFIED
https://cityu-dg.instructure.com,560,Problem Solve & Programming,BankAccount-133989.java,4dba45a78cff6d518164b119ace0f4b619a54902234b9000c4964d96f6a6f9f9,542,ACADEMIC_TEACHING,INGESTABLE,academic teaching material,NEEDS_REVIEW,OWNER_PLATFORM_IMPORT_INTENT_RIGHTS_UNVERIFIED
https://cityu-dg.instructure.com,560,Problem Solve & Programming,BankAccount.java,53ebe47c0bcda1be5649f8587dc432642ba4ea520b3522499d54045b4571dfdf,663,ACADEMIC_TEACHING,INGESTABLE,academic teaching material,NEEDS_REVIEW,OWNER_PLATFORM_IMPORT_INTENT_RIGHTS_UNVERIFIED
https://cityu-dg.instructure.com,560,Problem Solve & Programming,BankAccountDemo-133990.java,b9eba9600b2534548a7cce3b78924a2ff26470901bbf115dba6ddb03b0a86752,258,ACADEMIC_TEACHING,INGESTABLE,academic teaching material,NEEDS_REVIEW,OWNER_PLATFORM_IMPORT_INTENT_RIGHTS_UNVERIFIED
https://cityu-dg.instructure.com,560,Problem Solve & Programming,BankAccountDemo.java,e10eaf764f12753fbfd19b29591dedf6799ed7693da3ca85dab69e6eae2e4941,266,ACADEMIC_TEACHING,INGESTABLE,academic teaching material,NEEDS_REVIEW,OWNER_PLATFORM_IMPORT_INTENT_RIGHTS_UNVERIFIED
https://cityu-dg.instructure.com,560,Problem Solve & Programming,CS2312_Design_Pattern.pdf,46867c6e4e14be39b5cc59044a938257f8bcdba6b19012b002d74dfeb39a54a2,1045880,ACADEMIC_TEACHING,INGESTABLE,academic teaching material,NEEDS_REVIEW,OWNER_PLATFORM_IMPORT_INTENT_RIGHTS_UNVERIFIED
https://cityu-dg.instructure.com,560,Problem Solve & Programming,CS2312_Hydro_Login_Information.xlsx,5fcf062544715184f5ca46cdc19bbfa4b4d32490664457f63fd6ac1f90ad8736,11014,ACADEMIC_TEACHING,INGESTABLE,academic teaching material,NEEDS_REVIEW,OWNER_PLATFORM_IMPORT_INTENT_RIGHTS_UNVERIFIED
https://cityu-dg.instructure.com,560,Problem Solve & Programming,CS2312_Intro_202526A.pdf,d4fdb9beb365638936aeafd9497dabe1e4fd53ab75ea30b9015266dd8ad1fdc5,2321730,ACADEMIC_TEACHING,INGESTABLE,academic teaching material,NEEDS_REVIEW,OWNER_PLATFORM_IMPORT_INTENT_RIGHTS_UNVERIFIED
https://cityu-dg.instructure.com,560,Problem Solve & Programming,CS2312_Singleton.pdf,9b728c93017ca656f53f03f7be205c47518ce9711b4f0f0a59acafc037a11266,487148,ACADEMIC_TEACHING,INGESTABLE,academic teaching material,NEEDS_REVIEW,OWNER_PLATFORM_IMPORT_INTENT_RIGHTS_UNVERIFIED
https://cityu-dg.instructure.com,560,Problem Solve & Programming,Controller.java,445c3dc92c94b258c47e6388efdbb7bad81bcd11ba8f7912c7684d3e700a9d70,2817,ACADEMIC_TEACHING,INGESTABLE,academic teaching material,NEEDS_REVIEW,OWNER_PLATFORM_IMPORT_INTENT_RIGHTS_UNVERIFIED
https://cityu-dg.instructure.com,560,Problem Solve & Programming,Counter.java,f92a39d2c25b461d001aa7a00093b477fc7d22e78d4318dddce0c47ff7e8f0bd,290,ACADEMIC_TEACHING,INGESTABLE,academic teaching material,NEEDS_REVIEW,OWNER_PLATFORM_IMPORT_INTENT_RIGHTS_UNVERIFIED
https://cityu-dg.instructure.com,560,Problem Solve & Programming,Course.java,b9155cb53f629ca05f36a8158e5db31a0dadcc898828e8fa1474c23025bac09d,481,ACADEMIC_TEACHING,INGESTABLE,academic teaching material,NEEDS_REVIEW,OWNER_PLATFORM_IMPORT_INTENT_RIGHTS_UNVERIFIED
https://cityu-dg.instructure.com,560,Problem Solve & Programming,CreditCardAccount.java,32cca92ee6fafc3ed8318b5cd6b498c8ee994879242ba461d4aea4615cab9f6d,286,ACADEMIC_TEACHING,INGESTABLE,academic teaching material,NEEDS_REVIEW,OWNER_PLATFORM_IMPORT_INTENT_RIGHTS_UNVERIFIED
https://cityu-dg.instructure.com,560,Problem Solve & Programming,Customer-117799.cpp,cb16fe8bb8ac21d2fa53707bac61ff73b59c8d3c4718a591ad9d3a3266ab074c,199,ACADEMIC_TEACHING,INGESTABLE,academic teaching material,NEEDS_REVIEW,OWNER_PLATFORM_IMPORT_INTENT_RIGHTS_UNVERIFIED
https://cityu-dg.instructure.com,560,Problem Solve & Programming,Customer-117800.h,361a9312269b3b702e6d6e67f8ccea4c917b9fc5317374676036132815387e71,156,ACADEMIC_TEACHING,INGESTABLE,academic teaching material,NEEDS_REVIEW,OWNER_PLATFORM_IMPORT_INTENT_RIGHTS_UNVERIFIED
https://cityu-dg.instructure.com,560,Problem Solve & Programming,Customer-130116.java,ac54fc44197ef6095a70a0a3746ad25fd6d31f0ed0970ab47b603360e62d86f2,376,ACADEMIC_TEACHING,INGESTABLE,academic teaching material,NEEDS_REVIEW,OWNER_PLATFORM_IMPORT_INTENT_RIGHTS_UNVERIFIED
https://cityu-dg.instructure.com,560,Problem Solve & Programming,Customer.cpp,99ac08f971624a0df75dee2e2bb2c4838561a3cf196aac57d89c3e5818b4cc0f,242,ACADEMIC_TEACHING,INGESTABLE,academic teaching material,NEEDS_REVIEW,OWNER_PLATFORM_IMPORT_INTENT_RIGHTS_UNVERIFIED
https://cityu-dg.instructure.com,560,Problem Solve & Programming,Customer.h,33791ea8a88b8e3bc65f349840ccc6fa214a15d0acb4eac7333816051e16a937,124,ACADEMIC_TEACHING,INGESTABLE,academic teaching material,NEEDS_REVIEW,OWNER_PLATFORM_IMPORT_INTENT_RIGHTS_UNVERIFIED
https://cityu-dg.instructure.com,560,Problem Solve & Programming,Customer.java,d7870954d234a6f1570c2d6c3587d535cdd15b9e189ce341becb77d7821920b4,284,ACADEMIC_TEACHING,INGESTABLE,academic teaching material,NEEDS_REVIEW,OWNER_PLATFORM_IMPORT_INTENT_RIGHTS_UNVERIFIED
https://cityu-dg.instructure.com,560,Problem Solve & Programming,Day-115510.java,7e8928337a7c4e68b068ec909ec5a7928fbc37ce84f01d00baf1b91155b5db32,1058,ACADEMIC_TEACHING,INGESTABLE,academic teaching material,NEEDS_REVIEW,OWNER_PLATFORM_IMPORT_INTENT_RIGHTS_UNVERIFIED
https://cityu-dg.instructure.com,560,Problem Solve & Programming,Day-117796.java,6a6f55ced8dfb3d9fb5bbcd70fda22242e19efa7375cc7580fe975b561145719,1379,ACADEMIC_TEACHING,INGESTABLE,academic teaching material,NEEDS_REVIEW,OWNER_PLATFORM_IMPORT_INTENT_RIGHTS_UNVERIFIED
https://cityu-dg.instructure.com,560,Problem Solve & Programming,Day-117798.java,6a6f55ced8dfb3d9fb5bbcd70fda22242e19efa7375cc7580fe975b561145719,1379,ACADEMIC_TEACHING,INGESTABLE,academic teaching material,NEEDS_REVIEW,OWNER_PLATFORM_IMPORT_INTENT_RIGHTS_UNVERIFIED
https://cityu-dg.instructure.com,560,Problem Solve & Programming,Day-119469.java,6efc70402f8adad746bbc531cad24f8605b4bfc351dadd8427c5e802eeda9e21,1161,ACADEMIC_TEACHING,INGESTABLE,academic teaching material,NEEDS_REVIEW,OWNER_PLATFORM_IMPORT_INTENT_RIGHTS_UNVERIFIED
https://cityu-dg.instructure.com,560,Problem Solve & Programming,Day-121336.java,6a6f55ced8dfb3d9fb5bbcd70fda22242e19efa7375cc7580fe975b561145719,1379,ACADEMIC_TEACHING,INGESTABLE,academic teaching material,NEEDS_REVIEW,OWNER_PLATFORM_IMPORT_INTENT_RIGHTS_UNVERIFIED
https://cityu-dg.instructure.com,560,Problem Solve & Programming,Day-121337.java,8dcbe3f68938abdd49f1afb9fcd69c9d660736c8fbefe5e6f0b6f4a9486174c0,2523,ACADEMIC_TEACHING,INGESTABLE,academic teaching material,NEEDS_REVIEW,OWNER_PLATFORM_IMPORT_INTENT_RIGHTS_UNVERIFIED
https://cityu-dg.instructure.com,560,Problem Solve & Programming,Day-121339.java,6c5de293b6826254b496dca7fe92b443cbc6801bae33bde63abdee5c7cfcfcde,1245,ACADEMIC_TEACHING,INGESTABLE,academic teaching material,NEEDS_REVIEW,OWNER_PLATFORM_IMPORT_INTENT_RIGHTS_UNVERIFIED
https://cityu-dg.instructure.com,560,Problem Solve & Programming,Day-131285.java,a854211f44e78e55646b3241b6eebfd0bc3a7977b84242f3312231d7481ce28d,681,ACADEMIC_TEACHING,INGESTABLE,academic teaching material,NEEDS_REVIEW,OWNER_PLATFORM_IMPORT_INTENT_RIGHTS_UNVERIFIED
https://cityu-dg.instructure.com,560,Problem Solve & Programming,Day-131290.java,a854211f44e78e55646b3241b6eebfd0bc3a7977b84242f3312231d7481ce28d,681,ACADEMIC_TEACHING,INGESTABLE,academic teaching material,NEEDS_REVIEW,OWNER_PLATFORM_IMPORT_INTENT_RIGHTS_UNVERIFIED
https://cityu-dg.instructure.com,560,Problem Solve & Programming,Day-135639.java,4c0867e17679d7463953d5d6cf8879fbf2007ae2c1ffb409de72cdb9ab07e30c,1114,ACADEMIC_TEACHING,INGESTABLE,academic teaching material,NEEDS_REVIEW,OWNER_PLATFORM_IMPORT_INTENT_RIGHTS_UNVERIFIED
https://cityu-dg.instructure.com,560,Problem Solve & Programming,Day.java,e5f8bd42098a2928097d9e56aaadb88b0438f3aa06de25ec65fba3b6d1f004cb,1203,ACADEMIC_TEACHING,INGESTABLE,academic teaching material,NEEDS_REVIEW,OWNER_PLATFORM_IMPORT_INTENT_RIGHTS_UNVERIFIED
https://cityu-dg.instructure.com,560,Problem Solve & Programming,DropController.java,ac1ea6bf6c0aa0373ee180a704331a6712e15a280de963abffc71a5243f07189,413,ACADEMIC_TEACHING,INGESTABLE,academic teaching material,NEEDS_REVIEW,OWNER_PLATFORM_IMPORT_INTENT_RIGHTS_UNVERIFIED
https://cityu-dg.instructure.com,560,Problem Solve & Programming,Employee-126604.java,16514fd7fcf862fa31456d16a11a7f490a3cb108fd18a027737c6a2120b0ce34,2002,ACADEMIC_TEACHING,INGESTABLE,academic teaching material,NEEDS_REVIEW,OWNER_PLATFORM_IMPORT_INTENT_RIGHTS_UNVERIFIED
https://cityu-dg.instructure.com,560,Problem Solve & Programming,Employee-127851.java,14c2b2befa42137cea04cfef102da445129ed10e36599c51359c357862bbf5d2,304,ACADEMIC_TEACHING,INGESTABLE,academic teaching material,NEEDS_REVIEW,OWNER_PLATFORM_IMPORT_INTENT_RIGHTS_UNVERIFIED
https://cityu-dg.instructure.com,560,Problem Solve & Programming,Employee-131268.java,2c8873922cad594bb0dad7972b557d9ea1c5f0a7265938ce2d3f224339d7e71a,291,ACADEMIC_TEACHING,INGESTABLE,academic teaching material,NEEDS_REVIEW,OWNER_PLATFORM_IMPORT_INTENT_RIGHTS_UNVERIFIED
https://cityu-dg.instructure.com,560,Problem Solve & Programming,Employee-131286.java,59e872269f44344d0ae46345ac730afedd14bf1569710dc4d4fbb6c70fabbc54,1705,ACADEMIC_TEACHING,INGESTABLE,academic teaching material,NEEDS_REVIEW,OWNER_PLATFORM_IMPORT_INTENT_RIGHTS_UNVERIFIED
https://cityu-dg.instructure.com,560,Problem Solve & Programming,Employee-131291.java,5df5296f266ae0cf2151951b821b96f4aad25ac57334088994bc91b31cc75066,1634,ACADEMIC_TEACHING,INGESTABLE,academic teaching material,NEEDS_REVIEW,OWNER_PLATFORM_IMPORT_INTENT_RIGHTS_UNVERIFIED
https://cityu-dg.instructure.com,560,Problem Solve & Programming,Employee.java,1b02c90e13e1f955f8903aef3d6ad9d81b22d348fddf4a075860cc54828f37d5,548,ACADEMIC_TEACHING,INGESTABLE,academic teaching material,NEEDS_REVIEW,OWNER_PLATFORM_IMPORT_INTENT_RIGHTS_UNVERIFIED
https://cityu-dg.instructure.com,560,Problem Solve & Programming,ExCourseControl.java,4ef771b9dd50bf28ddd99857633d6111811d022b616f19cd1cd13a4daffe3d15,115,ACADEMIC_TEACHING,INGESTABLE,academic teaching material,NEEDS_REVIEW,OWNER_PLATFORM_IMPORT_INTENT_RIGHTS_UNVERIFIED
https://cityu-dg.instructure.com,560,Problem Solve & Programming,ExCourseNotFound.java,3d4a8a06548b29349f62e849467e491cd87a661a3f94f6508a070ba1083b3584,177,ACADEMIC_TEACHING,INGESTABLE,academic teaching material,NEEDS_REVIEW,OWNER_PLATFORM_IMPORT_INTENT_RIGHTS_UNVERIFIED
https://cityu-dg.instructure.com,560,Problem Solve & Programming,ExPrerequisiteForAnother.java,dd3cf1b16a96e112e14e3cbc5e162632674851561b68d64aef3a75880ab80fde,208,ACADEMIC_TEACHING,INGESTABLE,academic teaching material,NEEDS_REVIEW,OWNER_PLATFORM_IMPORT_INTENT_RIGHTS_UNVERIFIED
https://cityu-dg.instructure.com,560,Problem Solve & Programming,Exercise.java,528616992ab186bf90cbd82858591b282b275750f23c78c6412f016ba743132c,572,ACADEMIC_TEACHING,INGESTABLE,academic teaching material,NEEDS_REVIEW,OWNER_PLATFORM_IMPORT_INTENT_RIGHTS_UNVERIFIED
https://cityu-dg.instructure.com,560,Problem Solve & Programming,Fib.java,ef8dba4f5d443fc036c8e2ca435f9a814cdbf5e34ffb8f023c944075258cb48d,295,ACADEMIC_TEACHING,INGESTABLE,academic teaching material,NEEDS_REVIEW,OWNER_PLATFORM_IMPORT_INTENT_RIGHTS_UNVERIFIED
https://cityu-dg.instructure.com,560,Problem Solve & Programming,Football.java,55bcf788ecc50f7ef38f1365eddd2ae9157fd0ee0fe42c2542c47131bbbdbb97,92,ACADEMIC_TEACHING,INGESTABLE,academic teaching material,NEEDS_REVIEW,OWNER_PLATFORM_IMPORT_INTENT_RIGHTS_UNVERIFIED
https://cityu-dg.instructure.com,560,Problem Solve & Programming,GivenCode(Team).txt,71e00e65f72ea097dd35211e3e740604cc0c10d075e4c137a5fd1ea1b665d8ce,2010,ACADEMIC_TEACHING,INGESTABLE,academic teaching material,NEEDS_REVIEW,OWNER_PLATFORM_IMPORT_INTENT_RIGHTS_UNVERIFIED
https://cityu-dg.instructure.com,560,Problem Solve & Programming,Given_Main.txt,88723187339bfba308d4c76b770f4a60d7353300a299accc64cb7fb4fab64148,811,ACADEMIC_TEACHING,INGESTABLE,academic teaching material,NEEDS_REVIEW,OWNER_PLATFORM_IMPORT_INTENT_RIGHTS_UNVERIFIED
https://cityu-dg.instructure.com,560,Problem Solve & Programming,Given_Table2dMxSumRowCol_Framework.txt,12bf96e5aa6b49de1312bcf4662968ff4da5ed5380688742a93f33d95c1ce739,847,ACADEMIC_TEACHING,INGESTABLE,academic teaching material,NEEDS_REVIEW,OWNER_PLATFORM_IMPORT_INTENT_RIGHTS_UNVERIFIED
https://cityu-dg.instructure.com,560,Problem Solve & Programming,Given_Table2dMxSumRowCol_GivenCode.txt,592f5dc0e56c404a7f469cbea8f8f01908cb5c6ac69fe8bc50c877d7c5175651,2211,ACADEMIC_TEACHING,INGESTABLE,academic teaching material,NEEDS_REVIEW,OWNER_PLATFORM_IMPORT_INTENT_RIGHTS_UNVERIFIED
https://cityu-dg.instructure.com,560,Problem Solve & Programming,Grader.java,aa4b27f6ae08e30392d1b769dc215226c123e40baa8c0fec17897dad14504c84,122,ACADEMIC_TEACHING,INGESTABLE,academic teaching material,NEEDS_REVIEW,OWNER_PLATFORM_IMPORT_INTENT_RIGHTS_UNVERIFIED
https://cityu-dg.instructure.com,560,Problem Solve & Programming,Handout_Lec07Ex_HeapAndStack.pdf,04d05c55fac3ee80db106cc1d7d8f638eb01e386c928e416d22175c5700243a1,338412,ACADEMIC_TEACHING,INGESTABLE,academic teaching material,NEEDS_REVIEW,OWNER_PLATFORM_IMPORT_INTENT_RIGHTS_UNVERIFIED
https://cityu-dg.instructure.com,560,Problem Solve & Programming,HourlyEmployee.java,23b3268516e36331a0fbd827a1c262563d95068934ab87a35c8fbe7eb5ba51c0,472,ACADEMIC_TEACHING,INGESTABLE,academic teaching material,NEEDS_REVIEW,OWNER_PLATFORM_IMPORT_INTENT_RIGHTS_UNVERIFIED
https://cityu-dg.instructure.com,560,Problem Solve & Programming,IGrade.java,fb159345bfcac32f516d957831d5077cc937b183dc0237f41ee6aef050d2075f,57,ACADEMIC_TEACHING,INGESTABLE,academic teaching material,NEEDS_REVIEW,OWNER_PLATFORM_IMPORT_INTENT_RIGHTS_UNVERIFIED
https://cityu-dg.instructure.com,560,Problem Solve & Programming,IReadWrite.java,8a1312fea8fbd2013bc677b4541ab096f902d25e864fa22afc8a170f8947e869,76,ACADEMIC_TEACHING,INGESTABLE,academic teaching material,NEEDS_REVIEW,OWNER_PLATFORM_IMPORT_INTENT_RIGHTS_UNVERIFIED
https://cityu-dg.instructure.com,560,Problem Solve & Programming,JuniorDoubleAgent.java,77c2d3e1780175973ff70ceaddae71b22c6d22aed0226f9f0754806e89cbca0d,227,ACADEMIC_TEACHING,INGESTABLE,academic teaching material,NEEDS_REVIEW,OWNER_PLATFORM_IMPORT_INTENT_RIGHTS_UNVERIFIED
https://cityu-dg.instructure.com,560,Problem Solve & Programming,Lab 01 Introduction to Java and OO.pdf,d361651f413436f34f1590a7a9a57da1ccf4e837483433733f74912a11516c24,1203847,ACADEMIC_TEACHING,INGESTABLE,academic teaching material,NEEDS_REVIEW,OWNER_PLATFORM_IMPORT_INTENT_RIGHTS_UNVERIFIED
https://cityu-dg.instructure.com,560,Problem Solve & Programming,Lab01Q1_Given_Code.txt,f98551a64f961e5f5621530aea0292a4b19192dca8bfb162682953b8a519df0b,2197,ACADEMIC_TEACHING,INGESTABLE,academic teaching material,NEEDS_REVIEW,OWNER_PLATFORM_IMPORT_INTENT_RIGHTS_UNVERIFIED
https://cityu-dg.instructure.com,560,Problem Solve & Programming,Lab01Q2_Given_Code.txt,2a835e6bdd0fa37efdecdcf9c0ff3c29f4c699a65d4c05a1a837e80a908acca6,1670,ACADEMIC_TEACHING,INGESTABLE,academic teaching material,NEEDS_REVIEW,OWNER_PLATFORM_IMPORT_INTENT_RIGHTS_UNVERIFIED
https://cityu-dg.instructure.com,560,Problem Solve & Programming,Lab01Q6_CppQuestion.pdf,8f529bc5d03b919e410df12284104f2d3cdbc97e27fadd75ab30929a65df443b,106010,ACADEMIC_TEACHING,INGESTABLE,academic teaching material,NEEDS_REVIEW,OWNER_PLATFORM_IMPORT_INTENT_RIGHTS_UNVERIFIED
https://cityu-dg.instructure.com,560,Problem Solve & Programming,Lab01Q6_Given_javaCode.txt,f97a21146c7e4c036030a201290c41f466b9fda5c46edd5747c446522ade99f0,1111,ACADEMIC_TEACHING,INGESTABLE,academic teaching material,NEEDS_REVIEW,OWNER_PLATFORM_IMPORT_INTENT_RIGHTS_UNVERIFIED
https://cityu-dg.instructure.com,560,Problem Solve & Programming,Lab01_GivenFiles.zip,5e80dff999ffdeeba851b1479bc8fd715afdf762da9c03f6a77485ac48f91843,308886,ACADEMIC_TEACHING,DOWNLOAD_ONLY,"no loader can read this format: stored, never counted as learnable material",NEEDS_REVIEW,OWNER_PLATFORM_IMPORT_INTENT_RIGHTS_UNVERIFIED
https://cityu-dg.instructure.com,560,Problem Solve & Programming,Lab01_Q1Explanation.pdf,88614f7b121f0b1579a8e384dd17d7b356d7fd5712d31547f4892123cc1b3370,5265623,ACADEMIC_TEACHING,INGESTABLE,academic teaching material,NEEDS_REVIEW,OWNER_PLATFORM_IMPORT_INTENT_RIGHTS_UNVERIFIED
https://cityu-dg.instructure.com,560,Problem Solve & Programming,Lab02.pdf,037eb68af47d6dccdadbf847a9f1f7137954c13dbfb868b97a5095d0aea81374,367816,ACADEMIC_TEACHING,INGESTABLE,academic teaching material,NEEDS_REVIEW,OWNER_PLATFORM_IMPORT_INTENT_RIGHTS_UNVERIFIED
https://cityu-dg.instructure.com,560,Problem Solve & Programming,Lab02Q1_Given_MainDotJava.txt,158ea364c646db7ea66420420151195705ef45e2cdc182a8b1dfae93ffb588d3,1149,ACADEMIC_TEACHING,INGESTABLE,academic teaching material,NEEDS_REVIEW,OWNER_PLATFORM_IMPORT_INTENT_RIGHTS_UNVERIFIED
https://cityu-dg.instructure.com,560,Problem Solve & Programming,Lab02Q1_Hints.jpg,c600ca46b1545eed3b5a8832fcf3623785db2cfe48ca1287d0913df7f5336757,519426,ACADEMIC_TEACHING,DOWNLOAD_ONLY,"unknown format: stored, never counted as learnable material",NEEDS_REVIEW,OWNER_PLATFORM_IMPORT_INTENT_RIGHTS_UNVERIFIED
https://cityu-dg.instructure.com,560,Problem Solve & Programming,Lab02Q1_Hints.rtf,d03d27956f2d3c32e14b87b911e759d25850f3d113d48712e75a06d41e058f09,3067,ACADEMIC_TEACHING,INGESTABLE,academic teaching material,NEEDS_REVIEW,OWNER_PLATFORM_IMPORT_INTENT_RIGHTS_UNVERIFIED
https://cityu-dg.instructure.com,560,Problem Solve & Programming,Lab02Q1_Hints.txt,f34968b259b8d8a252cf86c05c1cc646bb5d04bc3c63974391b6b2d9fad40f11,1618,ACADEMIC_TEACHING,INGESTABLE,academic teaching material,NEEDS_REVIEW,OWNER_PLATFORM_IMPORT_INTENT_RIGHTS_UNVERIFIED
https://cityu-dg.instructure.com,560,Problem Solve & Programming,Lab02Q1_Hints_(1_to_10).pdf,8b14c9a81f66c90db2fb0c3460f0988f315b9536ea76862629c0aa0229a4509e,524851,ACADEMIC_TEACHING,INGESTABLE,academic teaching material,NEEDS_REVIEW,OWNER_PLATFORM_IMPORT_INTENT_RIGHTS_UNVERIFIED
https://cityu-dg.instructure.com,560,Problem Solve & Programming,Lab02Q1_keyPoints.jpg,2ec002a162c530eab63ae6d337353b5993ac3610283435f39fb256c036b220a4,302239,ACADEMIC_TEACHING,DOWNLOAD_ONLY,"unknown format: stored, never counted as learnable material",NEEDS_REVIEW,OWNER_PLATFORM_IMPORT_INTENT_RIGHTS_UNVERIFIED
https://cityu-dg.instructure.com,560,Problem Solve & Programming,Lab02Q1_keyPoints_explained.pdf,f421cd9da0a167ffe051fe67d4e3a295bd45f7bf6559eaf1934686bb271e6c05,195257,ACADEMIC_TEACHING,INGESTABLE,academic teaching material,NEEDS_REVIEW,OWNER_PLATFORM_IMPORT_INTENT_RIGHTS_UNVERIFIED
https://cityu-dg.instructure.com,560,Problem Solve & Programming,Lab02Q1_keyPoints_stepByStep.pdf,d3d8e1d702d988fcccfe6ad250fd60e95cbeb2e6893bad1acee72d59e7ae08b4,836841,ACADEMIC_TEACHING,INGESTABLE,academic teaching material,NEEDS_REVIEW,OWNER_PLATFORM_IMPORT_INTENT_RIGHTS_UNVERIFIED
https://cityu-dg.instructure.com,560,Problem Solve & Programming,Lab02_Q2_Given_MainDotJava.txt,412bcb069bdc96d9fc0238a28104fe66aa82baa7d9a9956c36df6caec2f7af65,881,ACADEMIC_TEACHING,INGESTABLE,academic teaching material,NEEDS_REVIEW,OWNER_PLATFORM_IMPORT_INTENT_RIGHTS_UNVERIFIED
https://cityu-dg.instructure.com,560,Problem Solve & Programming,Lab02_Q3Q4_Solutions.pdf,9658df37b1a0e0fa1a4f90ff6e66fb774cffd8694b0686c26a4cc6ba4747c588,30233,ACADEMIC_TEACHING,INGESTABLE,academic teaching material,NEEDS_REVIEW,OWNER_PLATFORM_IMPORT_INTENT_RIGHTS_UNVERIFIED
https://cityu-dg.instructure.com,560,Problem Solve & Programming,Lab03.pdf,18460ba3a1e2278793d5360adf909e9bc6cd2d4b2c7c717324157920c7afb0b8,643765,ACADEMIC_TEACHING,INGESTABLE,academic teaching material,NEEDS_REVIEW,OWNER_PLATFORM_IMPORT_INTENT_RIGHTS_UNVERIFIED
https://cityu-dg.instructure.com,560,Problem Solve & Programming,Lab04.pdf,1e4a06c0cf56dfd4e2fb6b4e5d9bf6055c160e25d0ea6f6e304b3cf748073da8,566702,ACADEMIC_TEACHING,INGESTABLE,academic teaching material,NEEDS_REVIEW,OWNER_PLATFORM_IMPORT_INTENT_RIGHTS_UNVERIFIED
https://cityu-dg.instructure.com,560,Problem Solve & Programming,Lab04_guideQ2Q3Q4.pdf,57c114306c90a6bced53c662e8b1facc384edffc39e55db29f511fca19a44c70,403251,ACADEMIC_TEACHING,INGESTABLE,academic teaching material,NEEDS_REVIEW,OWNER_PLATFORM_IMPORT_INTENT_RIGHTS_UNVERIFIED
https://cityu-dg.instructure.com,560,Problem Solve & Programming,Lab05.pdf,bd0d7d6a27f7c2b972c194b184711b269c44bbb6d115258b06cf672133684f88,588832,ACADEMIC_TEACHING,INGESTABLE,academic teaching material,NEEDS_REVIEW,OWNER_PLATFORM_IMPORT_INTENT_RIGHTS_UNVERIFIED
https://cityu-dg.instructure.com,560,Problem Solve & Programming,Lab05Q6_howToStop(-1-1).jpg,bc1218c55875191b773753352dd591c550e988a64be6a7fcf2ea8c88b7264d00,227895,ACADEMIC_TEACHING,DOWNLOAD_ONLY,"unknown format: stored, never counted as learnable material",NEEDS_REVIEW,OWNER_PLATFORM_IMPORT_INTENT_RIGHTS_UNVERIFIED
https://cityu-dg.instructure.com,560,Problem Solve & Programming,Lab06.pdf,75ca21a95c8c780567460de0721762bbff7eb6b84e2caf6e39003921bf5b47cd,777685,ACADEMIC_TEACHING,INGESTABLE,academic teaching material,NEEDS_REVIEW,OWNER_PLATFORM_IMPORT_INTENT_RIGHTS_UNVERIFIED
https://cityu-dg.instructure.com,560,Problem Solve & Programming,Lab07.pdf,b3e72b074098d66f3b21d8a6b36bb9e6f9035b79317cbda5da819a03b7f9afcb,796151,ACADEMIC_TEACHING,INGESTABLE,academic teaching material,NEEDS_REVIEW,OWNER_PLATFORM_IMPORT_INTENT_RIGHTS_UNVERIFIED
https://cityu-dg.instructure.com,560,Problem Solve & Programming,Lab08.pdf,cb7f96ff47276dc3f77c5f60af857213f9e46e19ddeea17583174ac99998368a,1059995,ACADEMIC_TEACHING,INGESTABLE,academic teaching material,NEEDS_REVIEW,OWNER_PLATFORM_IMPORT_INTENT_RIGHTS_UNVERIFIED
https://cityu-dg.instructure.com,560,Problem Solve & Programming,Lab09.pdf,3009103e62d80f1130226a1146212b3f9d3e32d5489de336dbc67f27adc9d160,886755,ACADEMIC_TEACHING,INGESTABLE,academic teaching material,NEEDS_REVIEW,OWNER_PLATFORM_IMPORT_INTENT_RIGHTS_UNVERIFIED
https://cityu-dg.instructure.com,560,Problem Solve & Programming,Lab10.pdf,30ebcbb46b0f138eee05d4c60f3088f85905d6fa9d4eecced717179182f30e33,851541,ACADEMIC_TEACHING,INGESTABLE,academic teaching material,NEEDS_REVIEW,OWNER_PLATFORM_IMPORT_INTENT_RIGHTS_UNVERIFIED
https://cityu-dg.instructure.com,560,Problem Solve & Programming,Lab11.pdf,276a459ff5e6a867fa40211a56f2fc6886df83e2e2ecca9fbfad9e6383f2e7bf,140842,ACADEMIC_TEACHING,INGESTABLE,academic teaching material,NEEDS_REVIEW,OWNER_PLATFORM_IMPORT_INTENT_RIGHTS_UNVERIFIED
https://cityu-dg.instructure.com,560,Problem Solve & Programming,Lab12.pdf,6c0f9c6d28385c1928d23c1b4984593ece9c3010194d6b00bdbbe568b70abcd4,456230,ACADEMIC_TEACHING,INGESTABLE,academic teaching material,NEEDS_REVIEW,OWNER_PLATFORM_IMPORT_INTENT_RIGHTS_UNVERIFIED
https://cityu-dg.instructure.com,560,Problem Solve & Programming,Lec01_Ex.pdf,0409fb5971da2ffb3b34d00eff5d30a483a3e6869ff597a03650630113d64fb4,209886,ACADEMIC_TEACHING,INGESTABLE,academic teaching material,NEEDS_REVIEW,OWNER_PLATFORM_IMPORT_INTENT_RIGHTS_UNVERIFIED
https://cityu-dg.instructure.com,560,Problem Solve & Programming,Lec01_Ex_Ans.pdf,e486ab15f9cf39cc8e07dfc110a3c4ac52a3b2ae04a076404d5180d020a5b675,747186,ACADEMIC_TEACHING,INGESTABLE,academic teaching material,NEEDS_REVIEW,OWNER_PLATFORM_IMPORT_INTENT_RIGHTS_UNVERIFIED
https://cityu-dg.instructure.com,560,Problem Solve & Programming,Lec02_Ex.pdf,2e1debf8b396547bb09001d71001955429fa5062d8f5c112c846de43b2677d48,445525,ACADEMIC_TEACHING,INGESTABLE,academic teaching material,NEEDS_REVIEW,OWNER_PLATFORM_IMPORT_INTENT_RIGHTS_UNVERIFIED
https://cityu-dg.instructure.com,560,Problem Solve & Programming,Lec02_Ex_Ans.pdf,0b006201a3cd673dd8eab9b7f380e48f00f08ecec246a7d255319796133fdf70,1275985,ACADEMIC_TEACHING,INGESTABLE,academic teaching material,NEEDS_REVIEW,OWNER_PLATFORM_IMPORT_INTENT_RIGHTS_UNVERIFIED
https://cityu-dg.instructure.com,560,Problem Solve & Programming,Lec03_Ex.pdf,cef6b309c5be29a32e8ccbc7e10b08d817280ebec34903b10c835fca3e498d75,1336896,ACADEMIC_TEACHING,INGESTABLE,academic teaching material,NEEDS_REVIEW,OWNER_PLATFORM_IMPORT_INTENT_RIGHTS_UNVERIFIED
https://cityu-dg.instructure.com,560,Problem Solve & Programming,Lec03_Ex_Q1.java,599fb175bf48413dec73dadca736a38dc1736e50c2eaddf5a395e26dcfafb41a,484,ACADEMIC_TEACHING,INGESTABLE,academic teaching material,NEEDS_REVIEW,OWNER_PLATFORM_IMPORT_INTENT_RIGHTS_UNVERIFIED
https://cityu-dg.instructure.com,560,Problem Solve & Programming,Lec03_Ex_ans-125007.pdf,5343d627b3c15e40ec9a6473d46a9d22f67131ed94afa9335d07a3e3646786b4,2676944,ACADEMIC_TEACHING,INGESTABLE,academic teaching material,NEEDS_REVIEW,OWNER_PLATFORM_IMPORT_INTENT_RIGHTS_UNVERIFIED
https://cityu-dg.instructure.com,560,Problem Solve & Programming,Lec03_Ex_ans.pdf,d48e7edfd1cee77cbe9a6212bd8fd74c89093101951a7e9d8ab7cd9705a88542,1889939,ACADEMIC_TEACHING,INGESTABLE,academic teaching material,NEEDS_REVIEW,OWNER_PLATFORM_IMPORT_INTENT_RIGHTS_UNVERIFIED
https://cityu-dg.instructure.com,560,Problem Solve & Programming,Lec04_Ex.pdf,5f83da8ef4df19dc80a5f41f1c2574806368b21db08c7110e807edc2bd65f7a0,71388,ACADEMIC_TEACHING,INGESTABLE,academic teaching material,NEEDS_REVIEW,OWNER_PLATFORM_IMPORT_INTENT_RIGHTS_UNVERIFIED
https://cityu-dg.instructure.com,560,Problem Solve & Programming,Lec05_Ex.pdf,9c85f7e5864fe1df3486e894ead8125b6efbcefdc955f090de9b9a92a7d90a97,600722,ACADEMIC_TEACHING,INGESTABLE,academic teaching material,NEEDS_REVIEW,OWNER_PLATFORM_IMPORT_INTENT_RIGHTS_UNVERIFIED
https://cityu-dg.instructure.com,560,Problem Solve & Programming,Lec05_Ex_Ans.pdf,61836f630d93c45aaf3894a4180b77f8500ac48ff5ab7b99e80d9a5792bd669a,977806,ACADEMIC_TEACHING,INGESTABLE,academic teaching material,NEEDS_REVIEW,OWNER_PLATFORM_IMPORT_INTENT_RIGHTS_UNVERIFIED
https://cityu-dg.instructure.com,560,Problem Solve & Programming,Lec06_Ex.pdf,3307ffc7b5df685e463fa2d63aaf1a3c9e21f64071079b749c842b0435ab3e32,801969,ACADEMIC_TEACHING,INGESTABLE,academic teaching material,NEEDS_REVIEW,OWNER_PLATFORM_IMPORT_INTENT_RIGHTS_UNVERIFIED
https://cityu-dg.instructure.com,560,Problem Solve & Programming,Lec07_Ex.pdf,4f043f307b633901a2a8dda41301108853f5a6c9edb0ca34cc7b6297a86ec723,551294,ACADEMIC_TEACHING,INGESTABLE,academic teaching material,NEEDS_REVIEW,OWNER_PLATFORM_IMPORT_INTENT_RIGHTS_UNVERIFIED
https://cityu-dg.instructure.com,560,Problem Solve & Programming,Lec07_Ex_ans.pdf,3f3fe99d6b7f150b55a4991cf0c6480d7270b5ec24fe369e2c7aa8b418fd5a5a,617803,ACADEMIC_TEACHING,INGESTABLE,academic teaching material,NEEDS_REVIEW,OWNER_PLATFORM_IMPORT_INTENT_RIGHTS_UNVERIFIED
https://cityu-dg.instructure.com,560,Problem Solve & Programming,Lec08_Ex.pdf,3653a420909672f2323ceff15a2aec4cd1a2d5fdaf1276275f7a8870c508ae7c,337499,ACADEMIC_TEACHING,INGESTABLE,academic teaching material,NEEDS_REVIEW,OWNER_PLATFORM_IMPORT_INTENT_RIGHTS_UNVERIFIED
https://cityu-dg.instructure.com,560,Problem Solve & Programming,Lec08_Ex_ans.pdf,ff0429edcc10180e98cd802fbcbd2f3e1001bdf20ef173449415cb1614fd1336,997565,ACADEMIC_TEACHING,INGESTABLE,academic teaching material,NEEDS_REVIEW,OWNER_PLATFORM_IMPORT_INTENT_RIGHTS_UNVERIFIED
https://cityu-dg.instructure.com,560,Problem Solve & Programming,Lec09_Ex.pdf,3bba8ac2225b22d8fb9ad1bdfdd5b571907d60f0211df7db221f6880c9ce068d,1015647,ACADEMIC_TEACHING,INGESTABLE,academic teaching material,NEEDS_REVIEW,OWNER_PLATFORM_IMPORT_INTENT_RIGHTS_UNVERIFIED
https://cityu-dg.instructure.com,560,Problem Solve & Programming,Lec10_Ex.pdf,85460d980920b633bbac427881f4d206cbea6c7dd50fece90dfc44011d81598a,257048,ACADEMIC_TEACHING,INGESTABLE,academic teaching material,NEEDS_REVIEW,OWNER_PLATFORM_IMPORT_INTENT_RIGHTS_UNVERIFIED
https://cityu-dg.instructure.com,560,Problem Solve & Programming,Lec11_Ex.pdf,874d77df05d532fbb401c990c62b5cae0756e3f400e527f62f7b2d85d619fb69,1191967,ACADEMIC_TEACHING,INGESTABLE,academic teaching material,NEEDS_REVIEW,OWNER_PLATFORM_IMPORT_INTENT_RIGHTS_UNVERIFIED
https://cityu-dg.instructure.com,560,Problem Solve & Programming,Lec13_Ex.pdf,d7db3cb8bb727bd74cded56b2d4a095b8269b590f1d0867ae0bfa9ffd9f959ed,299563,ACADEMIC_TEACHING,INGESTABLE,academic teaching material,NEEDS_REVIEW,OWNER_PLATFORM_IMPORT_INTENT_RIGHTS_UNVERIFIED
https://cityu-dg.instructure.com,560,Problem Solve & Programming,Lec13_Ex_Ans.pdf,cb8ae7d953b617a733b667d2334f899c6031275fdb840e74c110ccafba406f45,1354077,ACADEMIC_TEACHING,INGESTABLE,academic teaching material,NEEDS_REVIEW,OWNER_PLATFORM_IMPORT_INTENT_RIGHTS_UNVERIFIED
https://cityu-dg.instructure.com,560,Problem Solve & Programming,Main-115509.java,dd1af5a0aae7ad85a009c155e00560ec7fdf3bd9425f76afa11f14b0899d2bdd,805,ACADEMIC_TEACHING,INGESTABLE,academic teaching material,NEEDS_REVIEW,OWNER_PLATFORM_IMPORT_INTENT_RIGHTS_UNVERIFIED
https://cityu-dg.instructure.com,560,Problem Solve & Programming,Main-117795.java,d7562a57a6056380cae0c8a087eb1cd52780e6a4112d3606fe146d0e91fd9d01,145,ACADEMIC_TEACHING,INGESTABLE,academic teaching material,NEEDS_REVIEW,OWNER_PLATFORM_IMPORT_INTENT_RIGHTS_UNVERIFIED
https://cityu-dg.instructure.com,560,Problem Solve & Programming,Main-117797.java,d94b72c593baaa15523bebc9878b1e3bec0bc0916d29184d2a5bbe2f937de59f,140,ACADEMIC_TEACHING,INGESTABLE,academic teaching material,NEEDS_REVIEW,OWNER_PLATFORM_IMPORT_INTENT_RIGHTS_UNVERIFIED
https://cityu-dg.instructure.com,560,Problem Solve & Programming,Main-117805.java,c6986a9c2b08182b3077c1f6fbc5ecfd6c9aa4f452d916611cf7cd1f43e3e3e6,702,ACADEMIC_TEACHING,INGESTABLE,academic teaching material,NEEDS_REVIEW,OWNER_PLATFORM_IMPORT_INTENT_RIGHTS_UNVERIFIED
https://cityu-dg.instructure.com,560,Problem Solve & Programming,Main-119470.java,af176e6a62a6f5ed397f00ee6159f286ab1f9c1fb58f3589055bf39ab217ca74,847,ACADEMIC_TEACHING,INGESTABLE,academic teaching material,NEEDS_REVIEW,OWNER_PLATFORM_IMPORT_INTENT_RIGHTS_UNVERIFIED
https://cityu-dg.instructure.com,560,Problem Solve & Programming,Main-119472.java,91f44ef4cf1ed0c854f7153a5d999ab1ddfb04c9030097505dfe446fc33a27a4,715,ACADEMIC_TEACHING,INGESTABLE,academic teaching material,NEEDS_REVIEW,OWNER_PLATFORM_IMPORT_INTENT_RIGHTS_UNVERIFIED
https://cityu-dg.instructure.com,560,Problem Solve & Programming,Main-119476.java,a028161fd65faaf66341aae9359baf49f344f31bc12aec4015fde6dd06ebcd9e,268,ACADEMIC_TEACHING,INGESTABLE,academic teaching material,NEEDS_REVIEW,OWNER_PLATFORM_IMPORT_INTENT_RIGHTS_UNVERIFIED
https://cityu-dg.instructure.com,560,Problem Solve & Programming,Main-121338.java,ecc28185bfaa3d77feaf1ad4b00a0029fdcf1c3770e3cafbcfb6e6f5f696c352,334,ACADEMIC_TEACHING,INGESTABLE,academic teaching material,NEEDS_REVIEW,OWNER_PLATFORM_IMPORT_INTENT_RIGHTS_UNVERIFIED
https://cityu-dg.instructure.com,560,Problem Solve & Programming,Main-126601.java,4a5ccb87b32b3083be5d1722c49a1b8136e5e22d53db4e7dddb0f951b9dd3620,380,ACADEMIC_TEACHING,INGESTABLE,academic teaching material,NEEDS_REVIEW,OWNER_PLATFORM_IMPORT_INTENT_RIGHTS_UNVERIFIED
https://cityu-dg.instructure.com,560,Problem Solve & Programming,Main-126605.java,04b0ee211ed034c707bf6bafc7c3580ec4020562ff7333d42f65dfa9c279deb7,1054,ACADEMIC_TEACHING,INGESTABLE,academic teaching material,NEEDS_REVIEW,OWNER_PLATFORM_IMPORT_INTENT_RIGHTS_UNVERIFIED
https://cityu-dg.instructure.com,560,Problem Solve & Programming,Main-126611.java,c28a8bb7634dcdbfd8fbd5d39569c131c7cd76a2fb1490201fb4d6666cd65126,830,ACADEMIC_TEACHING,INGESTABLE,academic teaching material,NEEDS_REVIEW,OWNER_PLATFORM_IMPORT_INTENT_RIGHTS_UNVERIFIED
https://cityu-dg.instructure.com,560,Problem Solve & Programming,Main-127627.java,00854fec8be622700463ce204d914edd0c560e136ea68b88b6526a2ab76b391c,696,ACADEMIC_TEACHING,INGESTABLE,academic teaching material,NEEDS_REVIEW,OWNER_PLATFORM_IMPORT_INTENT_RIGHTS_UNVERIFIED
https://cityu-dg.instructure.com,560,Problem Solve & Programming,Main-127850.java,2a7f691b59952bb988853f8c92d39ff485a00aae3592899d03a1382d127c9abb,788,ACADEMIC_TEACHING,INGESTABLE,academic teaching material,NEEDS_REVIEW,OWNER_PLATFORM_IMPORT_INTENT_RIGHTS_UNVERIFIED
https://cityu-dg.instructure.com,560,Problem Solve & Programming,Main-127859.java,9e239b54f1d04e1bfdb8799f7f386bdd949d24fbaab6d0dbeb2d4cfc7b9cf43b,829,ACADEMIC_TEACHING,INGESTABLE,academic teaching material,NEEDS_REVIEW,OWNER_PLATFORM_IMPORT_INTENT_RIGHTS_UNVERIFIED
https://cityu-dg.instructure.com,560,Problem Solve & Programming,Main-127861.java,84e3b9795eb6889e747648a2ab6598f05aca847eeaf6b0923742dca58f59287b,348,ACADEMIC_TEACHING,INGESTABLE,academic teaching material,NEEDS_REVIEW,OWNER_PLATFORM_IMPORT_INTENT_RIGHTS_UNVERIFIED
https://cityu-dg.instructure.com,560,Problem Solve & Programming,Main-127862.java,2475937bf32d5fe96189efb7ef24eb58429a3ff15d74aa372c78d8dc1e6592ca,2549,ACADEMIC_TEACHING,INGESTABLE,academic teaching material,NEEDS_REVIEW,OWNER_PLATFORM_IMPORT_INTENT_RIGHTS_UNVERIFIED
https://cityu-dg.instructure.com,560,Problem Solve & Programming,Main-130117.java,e3af0981144050a7b9b11c61dff22c2484dd5b149c01b76e526ce723f1e0a099,1479,ACADEMIC_TEACHING,INGESTABLE,academic teaching material,NEEDS_REVIEW,OWNER_PLATFORM_IMPORT_INTENT_RIGHTS_UNVERIFIED
https://cityu-dg.instructure.com,560,Problem Solve & Programming,Main-130930.java,b399dcee2b6a3b24d9a833daab04f0ecea3a242d1437bd7362e76a0f8f26729a,753,ACADEMIC_TEACHING,INGESTABLE,academic teaching material,NEEDS_REVIEW,OWNER_PLATFORM_IMPORT_INTENT_RIGHTS_UNVERIFIED
https://cityu-dg.instructure.com,560,Problem Solve & Programming,Main-131270.java,acc134eb70f726c44bb04c23d21341646f09981c6aa71c67ebb0beea184482cf,486,ACADEMIC_TEACHING,INGESTABLE,academic teaching material,NEEDS_REVIEW,OWNER_PLATFORM_IMPORT_INTENT_RIGHTS_UNVERIFIED
https://cityu-dg.instructure.com,560,Problem Solve & Programming,Main-131272.java,2db3537e11045b3d7ed90d0dc84290b2009162f4c2dafee17ce1660af93ee0ba,1034,ACADEMIC_TEACHING,INGESTABLE,academic teaching material,NEEDS_REVIEW,OWNER_PLATFORM_IMPORT_INTENT_RIGHTS_UNVERIFIED
https://cityu-dg.instructure.com,560,Problem Solve & Programming,Main-131274.java,3c39e5abb5535916a4937081a47bf61d4425f7932cec84b6b73acd93c6cdd07a,2061,ACADEMIC_TEACHING,INGESTABLE,academic teaching material,NEEDS_REVIEW,OWNER_PLATFORM_IMPORT_INTENT_RIGHTS_UNVERIFIED
https://cityu-dg.instructure.com,560,Problem Solve & Programming,Main-131277.java,22394482c5ce78a43520ee49f4194323b0876c4035ef12d764a86cb520fefeb1,1063,ACADEMIC_TEACHING,INGESTABLE,academic teaching material,NEEDS_REVIEW,OWNER_PLATFORM_IMPORT_INTENT_RIGHTS_UNVERIFIED
https://cityu-dg.instructure.com,560,Problem Solve & Programming,Main-131279.java,97c85e146531242a09ed16c368a6942a1ca43cebac2e00358272d15967d0575d,2599,ACADEMIC_TEACHING,INGESTABLE,academic teaching material,NEEDS_REVIEW,OWNER_PLATFORM_IMPORT_INTENT_RIGHTS_UNVERIFIED
https://cityu-dg.instructure.com,560,Problem Solve & Programming,Main-131280.java,b8dfdfa0f63feac978d0e27b8ef11ba49f3c4a8515780703a961ea6ef1424dac,2036,ACADEMIC_TEACHING,INGESTABLE,academic teaching material,NEEDS_REVIEW,OWNER_PLATFORM_IMPORT_INTENT_RIGHTS_UNVERIFIED
https://cityu-dg.instructure.com,560,Problem Solve & Programming,Main-131281.java,bb7768063b4c85d61b2cba7729f6a29f3bdd7f5bd986772a874efb412ef391c1,1582,ACADEMIC_TEACHING,INGESTABLE,academic teaching material,NEEDS_REVIEW,OWNER_PLATFORM_IMPORT_INTENT_RIGHTS_UNVERIFIED
https://cityu-dg.instructure.com,560,Problem Solve & Programming,Main-131283.java,6a36425aa77a5b3e5e98f7b2a79a067ae74ccb137df3a4f670fb827c579b193f,1867,ACADEMIC_TEACHING,INGESTABLE,academic teaching material,NEEDS_REVIEW,OWNER_PLATFORM_IMPORT_INTENT_RIGHTS_UNVERIFIED
https://cityu-dg.instructure.com,560,Problem Solve & Programming,Main-131287.java,1d36b70156504fe24e692c83d40b95a4df9cc4128b73fed336c28812baa0d9f4,942,ACADEMIC_TEACHING,INGESTABLE,academic teaching material,NEEDS_REVIEW,OWNER_PLATFORM_IMPORT_INTENT_RIGHTS_UNVERIFIED
https://cityu-dg.instructure.com,560,Problem Solve & Programming,Main-133979.java,e96e439c7757b8ab4dac6f70eba734e2d1834412a77f4be3a77cce423beb2c8d,1240,ACADEMIC_TEACHING,INGESTABLE,academic teaching material,NEEDS_REVIEW,OWNER_PLATFORM_IMPORT_INTENT_RIGHTS_UNVERIFIED
https://cityu-dg.instructure.com,560,Problem Solve & Programming,Main-133980.java,ba1f4e59df8340b77545f70c2ee1612894b7c7d9b111174c9049506dc8a1185d,1081,ACADEMIC_TEACHING,INGESTABLE,academic teaching material,NEEDS_REVIEW,OWNER_PLATFORM_IMPORT_INTENT_RIGHTS_UNVERIFIED
https://cityu-dg.instructure.com,560,Problem Solve & Programming,Main-133985.java,d8136ec43c4b0eaffd06d0d4aabb8bf2912a25588d64e8759ee7483c5eed4f31,261,ACADEMIC_TEACHING,INGESTABLE,academic teaching material,NEEDS_REVIEW,OWNER_PLATFORM_IMPORT_INTENT_RIGHTS_UNVERIFIED
https://cityu-dg.instructure.com,560,Problem Solve & Programming,Main-133991.java,b9469da962958b8968d7a03736a3edb5eb345766d042bcd2da4176bdcc8c72a6,961,ACADEMIC_TEACHING,INGESTABLE,academic teaching material,NEEDS_REVIEW,OWNER_PLATFORM_IMPORT_INTENT_RIGHTS_UNVERIFIED
https://cityu-dg.instructure.com,560,Problem Solve & Programming,Main-133994.java,0655f3c4317d7c484802c9c66c5daf4ab8052e88933c134edd954959f5a5b318,1457,ACADEMIC_TEACHING,INGESTABLE,academic teaching material,NEEDS_REVIEW,OWNER_PLATFORM_IMPORT_INTENT_RIGHTS_UNVERIFIED
https://cityu-dg.instructure.com,560,Problem Solve & Programming,Main-133997.java,9a5d08ad6c9914228875d282be5af67919368a983d30045a7738fb327a8bddb1,1272,ACADEMIC_TEACHING,INGESTABLE,academic teaching material,NEEDS_REVIEW,OWNER_PLATFORM_IMPORT_INTENT_RIGHTS_UNVERIFIED
https://cityu-dg.instructure.com,560,Problem Solve & Programming,Main-134000.java,57e5634c115103e7ac945c3375880f52ad81750eb36ca45f5d68b949a64d4d3d,1396,ACADEMIC_TEACHING,INGESTABLE,academic teaching material,NEEDS_REVIEW,OWNER_PLATFORM_IMPORT_INTENT_RIGHTS_UNVERIFIED
https://cityu-dg.instructure.com,560,Problem Solve & Programming,Main-134003.java,8fdbd8b3f35fe4c1ef3ced09d2f8da8a68bff3e3a3dc2545459623743df87941,1715,ACADEMIC_TEACHING,INGESTABLE,academic teaching material,NEEDS_REVIEW,OWNER_PLATFORM_IMPORT_INTENT_RIGHTS_UNVERIFIED
https://cityu-dg.instructure.com,560,Problem Solve & Programming,Main-134007.java,623bcedca6e7809824110ede9dda03e602bf53156426eb787770566631765f8a,1474,ACADEMIC_TEACHING,INGESTABLE,academic teaching material,NEEDS_REVIEW,OWNER_PLATFORM_IMPORT_INTENT_RIGHTS_UNVERIFIED
https://cityu-dg.instructure.com,560,Problem Solve & Programming,Main-134009.java,a8b36537753f4f63ad28e9a59fd0d3d320bec71d752b54725dad0906fb521bbf,3122,ACADEMIC_TEACHING,INGESTABLE,academic teaching material,NEEDS_REVIEW,OWNER_PLATFORM_IMPORT_INTENT_RIGHTS_UNVERIFIED
https://cityu-dg.instructure.com,560,Problem Solve & Programming,Main-135640.java,e494c3898857ee8664b95bbcadb433bf7ff5744abd3cd9225383fa1210e240cb,548,ACADEMIC_TEACHING,INGESTABLE,academic teaching material,NEEDS_REVIEW,OWNER_PLATFORM_IMPORT_INTENT_RIGHTS_UNVERIFIED
https://cityu-dg.instructure.com,560,Problem Solve & Programming,Main-135643.java,ebcc815789f8dd9fe0384546ffbbf3934e02dabac30a61d6736c7eae653dfaaa,1583,ACADEMIC_TEACHING,INGESTABLE,academic teaching material,NEEDS_REVIEW,OWNER_PLATFORM_IMPORT_INTENT_RIGHTS_UNVERIFIED
https://cityu-dg.instructure.com,560,Problem Solve & Programming,Main-137710.java,a054d3a631f498afe734b343404a801de6f3d567dc8cedeb5a8d368acb05997c,4827,ACADEMIC_TEACHING,INGESTABLE,academic teaching material,NEEDS_REVIEW,OWNER_PLATFORM_IMPORT_INTENT_RIGHTS_UNVERIFIED
https://cityu-dg.instructure.com,560,Problem Solve & Programming,Main-137714.java,56e86ffdfa4faf2026eead0ce491350b59be90c874fb84b82502b12a9425906e,697,ACADEMIC_TEACHING,INGESTABLE,academic teaching material,NEEDS_REVIEW,OWNER_PLATFORM_IMPORT_INTENT_RIGHTS_UNVERIFIED
https://cityu-dg.instructure.com,560,Problem Solve & Programming,Main-137719.java,05c3bf802aa5ebfee565b8395714be8df63ff8441b2156adf04530617d069b37,1208,ACADEMIC_TEACHING,INGESTABLE,academic teaching material,NEEDS_REVIEW,OWNER_PLATFORM_IMPORT_INTENT_RIGHTS_UNVERIFIED
https://cityu-dg.instructure.com,560,Problem Solve & Programming,Main-137724.java,ac77c06fa109134b406474f124087b7993af3e378cfeb82058aa071417fdd301,912,ACADEMIC_TEACHING,INGESTABLE,academic teaching material,NEEDS_REVIEW,OWNER_PLATFORM_IMPORT_INTENT_RIGHTS_UNVERIFIED
https://cityu-dg.instructure.com,560,Problem Solve & Programming,Main-137732.java,ee3ca9ed2260de597f3bf5137c51aee34c5328bc3f8d223cc9851d453db24153,1188,ACADEMIC_TEACHING,INGESTABLE,academic teaching material,NEEDS_REVIEW,OWNER_PLATFORM_IMPORT_INTENT_RIGHTS_UNVERIFIED
https://cityu-dg.instructure.com,560,Problem Solve & Programming,Main-137735.java,6cc8d4568a55bbdde1d263fa5d773078385be3513b651e513ae32f2db3876f48,344,ACADEMIC_TEACHING,INGESTABLE,academic teaching material,NEEDS_REVIEW,OWNER_PLATFORM_IMPORT_INTENT_RIGHTS_UNVERIFIED
https://cityu-dg.instructure.com,560,Problem Solve & Programming,Main-137737.java,27bf0493264dcc4386c24a6aee9468e293affcb2fdd789e5ae7da52428e9f6a6,1067,ACADEMIC_TEACHING,INGESTABLE,academic teaching material,NEEDS_REVIEW,OWNER_PLATFORM_IMPORT_INTENT_RIGHTS_UNVERIFIED
https://cityu-dg.instructure.com,560,Problem Solve & Programming,Main-137738.java,331ecd289261b1d661ada019a0a7ba0905a288c8d6253346b6633fc9c2febe82,945,ACADEMIC_TEACHING,INGESTABLE,academic teaching material,NEEDS_REVIEW,OWNER_PLATFORM_IMPORT_INTENT_RIGHTS_UNVERIFIED
https://cityu-dg.instructure.com,560,Problem Solve & Programming,Main-137741.java,4ae345663be69017a782c00037d75717cd4384c6e246476ac05b066287be62f6,1025,ACADEMIC_TEACHING,INGESTABLE,academic teaching material,NEEDS_REVIEW,OWNER_PLATFORM_IMPORT_INTENT_RIGHTS_UNVERIFIED
https://cityu-dg.instructure.com,560,Problem Solve & Programming,Main-137743.java,6b5a2f57b9eefb63cf350c008475b44eddafdb5e7ec0c0345115c0df942109b2,956,ACADEMIC_TEACHING,INGESTABLE,academic teaching material,NEEDS_REVIEW,OWNER_PLATFORM_IMPORT_INTENT_RIGHTS_UNVERIFIED
https://cityu-dg.instructure.com,560,Problem Solve & Programming,Main-140350.java,b1d1e3ceca274134ee193a84eb30289f354d8ff8a527ec33c79ec20f18cc9edc,1651,ACADEMIC_TEACHING,INGESTABLE,academic teaching material,NEEDS_REVIEW,OWNER_PLATFORM_IMPORT_INTENT_RIGHTS_UNVERIFIED
https://cityu-dg.instructure.com,560,Problem Solve & Programming,Main-140353.java,4c102e16d0df3743bc3e73b1c0186a9aef27d4cc0dd9f864354b7602bc845d85,1561,ACADEMIC_TEACHING,INGESTABLE,academic teaching material,NEEDS_REVIEW,OWNER_PLATFORM_IMPORT_INTENT_RIGHTS_UNVERIFIED
https://cityu-dg.instructure.com,560,Problem Solve & Programming,Main-142761.java,44e2e3083e866bd47cbfea21eb45915e41ea8c989a8664f0d8104baca243ff97,1792,ACADEMIC_TEACHING,INGESTABLE,academic teaching material,NEEDS_REVIEW,OWNER_PLATFORM_IMPORT_INTENT_RIGHTS_UNVERIFIED
https://cityu-dg.instructure.com,560,Problem Solve & Programming,Main-142762.java,d1375e27a5d274f8c297e2735038c3c71c6184949fdaff9ecc96702e31b99a35,325,ACADEMIC_TEACHING,INGESTABLE,academic teaching material,NEEDS_REVIEW,OWNER_PLATFORM_IMPORT_INTENT_RIGHTS_UNVERIFIED
https://cityu-dg.instructure.com,560,Problem Solve & Programming,Main-142764.java,dfddf66a6030df6e792f9148c0b785403355bc8a8f42083a54983a36d3d9f7a8,1289,ACADEMIC_TEACHING,INGESTABLE,academic teaching material,NEEDS_REVIEW,OWNER_PLATFORM_IMPORT_INTENT_RIGHTS_UNVERIFIED
https://cityu-dg.instructure.com,560,Problem Solve & Programming,Main-142771.java,46f57d333338202750fb62d65a0077262ff71314575a1a24b368c96e0f8eb07f,1112,ACADEMIC_TEACHING,INGESTABLE,academic teaching material,NEEDS_REVIEW,OWNER_PLATFORM_IMPORT_INTENT_RIGHTS_UNVERIFIED
https://cityu-dg.instructure.com,560,Problem Solve & Programming,Main-142772.java,aae8cfe1f98cd69c7a2e7aafb48a54a6de2cd019f57f757ee7d85d6e2f67f131,706,ACADEMIC_TEACHING,INGESTABLE,academic teaching material,NEEDS_REVIEW,OWNER_PLATFORM_IMPORT_INTENT_RIGHTS_UNVERIFIED
https://cityu-dg.instructure.com,560,Problem Solve & Programming,Main-142777.java,eb79560e5ef6f0b91426e4bd3c9453791153e91aea4c790ff3b3e15d4ffe855e,1029,ACADEMIC_TEACHING,INGESTABLE,academic teaching material,NEEDS_REVIEW,OWNER_PLATFORM_IMPORT_INTENT_RIGHTS_UNVERIFIED
https://cityu-dg.instructure.com,560,Problem Solve & Programming,Main-142778.java,a2d01b7c7239bb6688df8df9e4b6dbf753bf0808737e47c62d0b63114fafaebb,1138,ACADEMIC_TEACHING,INGESTABLE,academic teaching material,NEEDS_REVIEW,OWNER_PLATFORM_IMPORT_INTENT_RIGHTS_UNVERIFIED
https://cityu-dg.instructure.com,560,Problem Solve & Programming,Main-142784.java,9b842aa0620612b58e1820c311686a881b9063242af05de01ac35143d6f2c94f,366,ACADEMIC_TEACHING,INGESTABLE,academic teaching material,NEEDS_REVIEW,OWNER_PLATFORM_IMPORT_INTENT_RIGHTS_UNVERIFIED
https://cityu-dg.instructure.com,560,Problem Solve & Programming,Main-142785.java,ed84596502223cfdc4941ab5463676029f0b5efb1087fa12c64a5c5de8c400f1,462,ACADEMIC_TEACHING,INGESTABLE,academic teaching material,NEEDS_REVIEW,OWNER_PLATFORM_IMPORT_INTENT_RIGHTS_UNVERIFIED
https://cityu-dg.instructure.com,560,Problem Solve & Programming,Main-142786.java,94755df9203fda4fa12b45f29e6c3cd80c3182a9a2e1b6bd04a84b9782834fb5,1018,ACADEMIC_TEACHING,INGESTABLE,academic teaching material,NEEDS_REVIEW,OWNER_PLATFORM_IMPORT_INTENT_RIGHTS_UNVERIFIED
https://cityu-dg.instructure.com,560,Problem Solve & Programming,Main-142787.java,ce55e58112131b4f0e6c4b89d002d3d1bea17328481b1ff18513986f20aa1390,1013,ACADEMIC_TEACHING,INGESTABLE,academic teaching material,NEEDS_REVIEW,OWNER_PLATFORM_IMPORT_INTENT_RIGHTS_UNVERIFIED
https://cityu-dg.instructure.com,560,Problem Solve & Programming,Main-142788.java,63d07c391619d239c7191ab8b2edc4555014eedaa42e51a1dce6d22267a6be85,810,ACADEMIC_TEACHING,INGESTABLE,academic teaching material,NEEDS_REVIEW,OWNER_PLATFORM_IMPORT_INTENT_RIGHTS_UNVERIFIED
https://cityu-dg.instructure.com,560,Problem Solve & Programming,Main-142789.java,a50f133783e5269b1acb9b06574efd59a125a9a754b10cfe55b4d7cae5215855,358,ACADEMIC_TEACHING,INGESTABLE,academic teaching material,NEEDS_REVIEW,OWNER_PLATFORM_IMPORT_INTENT_RIGHTS_UNVERIFIED
https://cityu-dg.instructure.com,560,Problem Solve & Programming,Main-142790.java,7bde08d1927562221b38465f856b3a68dae944be6d461fc930c0a5f193d83e38,1361,ACADEMIC_TEACHING,INGESTABLE,academic teaching material,NEEDS_REVIEW,OWNER_PLATFORM_IMPORT_INTENT_RIGHTS_UNVERIFIED
https://cityu-dg.instructure.com,560,Problem Solve & Programming,Main-142791.java,a04a6453e6c9ad687f9751b77ed73b70ef402188a66bb5ead30710dd820ac059,1212,ACADEMIC_TEACHING,INGESTABLE,academic teaching material,NEEDS_REVIEW,OWNER_PLATFORM_IMPORT_INTENT_RIGHTS_UNVERIFIED
https://cityu-dg.instructure.com,560,Problem Solve & Programming,Main-142792.java,5ebcb304aea96aa255013b6795aab32c71e2a263c642fdad62a20335ba753ce2,1442,ACADEMIC_TEACHING,INGESTABLE,academic teaching material,NEEDS_REVIEW,OWNER_PLATFORM_IMPORT_INTENT_RIGHTS_UNVERIFIED
https://cityu-dg.instructure.com,560,Problem Solve & Programming,Main-142793.java,faa9b51398f58dfdd2622743001d9a1f23442cce7fc1f8eea892a48ed4c0e4d4,2103,ACADEMIC_TEACHING,INGESTABLE,academic teaching material,NEEDS_REVIEW,OWNER_PLATFORM_IMPORT_INTENT_RIGHTS_UNVERIFIED
https://cityu-dg.instructure.com,560,Problem Solve & Programming,Main-142795.java,669f38e8145f2aae1b8ab6c44a783b4532641ebc1e572e3ddfc8ffbabdd0a0b5,447,ACADEMIC_TEACHING,INGESTABLE,academic teaching material,NEEDS_REVIEW,OWNER_PLATFORM_IMPORT_INTENT_RIGHTS_UNVERIFIED
https://cityu-dg.instructure.com,560,Problem Solve & Programming,Main-142797.java,3c590588c163c0d3a60e8e8db81abfdd2b94986aefc3b9cc8af336e2507c1f32,884,ACADEMIC_TEACHING,INGESTABLE,academic teaching material,NEEDS_REVIEW,OWNER_PLATFORM_IMPORT_INTENT_RIGHTS_UNVERIFIED
https://cityu-dg.instructure.com,560,Problem Solve & Programming,Main-146017.java,be07bcc482b85064e0d257780be4fa160918aed7e15c7ac5a816e76d0c8e768c,279,ACADEMIC_TEACHING,INGESTABLE,academic teaching material,NEEDS_REVIEW,OWNER_PLATFORM_IMPORT_INTENT_RIGHTS_UNVERIFIED
https://cityu-dg.instructure.com,560,Problem Solve & Programming,Main-146021.java,cc338e62ea4b671700069c9e0dd0081cb09e70b1b173c89c6ec0221f348dae96,393,ACADEMIC_TEACHING,INGESTABLE,academic teaching material,NEEDS_REVIEW,OWNER_PLATFORM_IMPORT_INTENT_RIGHTS_UNVERIFIED
https://cityu-dg.instructure.com,560,Problem Solve & Programming,Main-146025.java,38b58d6d86587b2b0da0b066f2cd5df62ba4d26ce3af0fb61bd4a209db2b9973,156,ACADEMIC_TEACHING,INGESTABLE,academic teaching material,NEEDS_REVIEW,OWNER_PLATFORM_IMPORT_INTENT_RIGHTS_UNVERIFIED
https://cityu-dg.instructure.com,560,Problem Solve & Programming,Main-146033.java,334dc4c5a07680cda7803fe77fc2ecfdea24b026d3dce448c94b24e1b136d469,595,ACADEMIC_TEACHING,INGESTABLE,academic teaching material,NEEDS_REVIEW,OWNER_PLATFORM_IMPORT_INTENT_RIGHTS_UNVERIFIED
https://cityu-dg.instructure.com,560,Problem Solve & Programming,Main.java,5920739b135e8c6d1beb577445327365659b5db711958e49cc4a78994fc90d27,340,ACADEMIC_TEACHING,INGESTABLE,academic teaching material,NEEDS_REVIEW,OWNER_PLATFORM_IMPORT_INTENT_RIGHTS_UNVERIFIED
https://cityu-dg.instructure.com,560,Problem Solve & Programming,Main1.java,320ca7a646e25fc55cee4833fec6e3c2a5c9a609c509aff49a47b227c3a594d2,301,ACADEMIC_TEACHING,INGESTABLE,academic teaching material,NEEDS_REVIEW,OWNER_PLATFORM_IMPORT_INTENT_RIGHTS_UNVERIFIED
https://cityu-dg.instructure.com,560,Problem Solve & Programming,Main2.java,3b5d3069adb287fd27af45f231bffc0ab8130fcd7705399401d68d9cf114b1cc,493,ACADEMIC_TEACHING,INGESTABLE,academic teaching material,NEEDS_REVIEW,OWNER_PLATFORM_IMPORT_INTENT_RIGHTS_UNVERIFIED
https://cityu-dg.instructure.com,560,Problem Solve & Programming,Main3.java,e2c7ad595eb138e575a872fc9c8a99b74a9dd621fb7849275271dd9f676f40f8,850,ACADEMIC_TEACHING,INGESTABLE,academic teaching material,NEEDS_REVIEW,OWNER_PLATFORM_IMPORT_INTENT_RIGHTS_UNVERIFIED
https://cityu-dg.instructure.com,560,Problem Solve & Programming,MainQ00showDigits.java,22284513b07379821c710f7f30963b4cba21d86a65a149d6004afa6340a4a169,422,ACADEMIC_TEACHING,INGESTABLE,academic teaching material,NEEDS_REVIEW,OWNER_PLATFORM_IMPORT_INTENT_RIGHTS_UNVERIFIED
https://cityu-dg.instructure.com,560,Problem Solve & Programming,MainQ01showDigits.java,3d704973910c179c4dcebb78f642b4b67e43eefad579a9b7e07f8250fbb40acd,428,ACADEMIC_TEACHING,INGESTABLE,academic teaching material,NEEDS_REVIEW,OWNER_PLATFORM_IMPORT_INTENT_RIGHTS_UNVERIFIED
https://cityu-dg.instructure.com,560,Problem Solve & Programming,MainQ02getLargestDigit.java,8b3f773dd355a971bd6aaf45818a7fb7125acd9ba4304511e9c37dfd6c4a8421,417,ACADEMIC_TEACHING,INGESTABLE,academic teaching material,NEEDS_REVIEW,OWNER_PLATFORM_IMPORT_INTENT_RIGHTS_UNVERIFIED
https://cityu-dg.instructure.com,560,Problem Solve & Programming,MainQ03containEven.java,88920e5cdf64bb27dcd0c6bce3cc3f4b34094e07bd0c7e6c4d128f5531b6b3d5,542,ACADEMIC_TEACHING,INGESTABLE,academic teaching material,NEEDS_REVIEW,OWNER_PLATFORM_IMPORT_INTENT_RIGHTS_UNVERIFIED
https://cityu-dg.instructure.com,560,Problem Solve & Programming,MainQ04showDigitsReverse.java,6943758a7fc6e4a63e8215923bb8a4686084ef698e81c79417481779393ca2d3,510,ACADEMIC_TEACHING,INGESTABLE,academic teaching material,NEEDS_REVIEW,OWNER_PLATFORM_IMPORT_INTENT_RIGHTS_UNVERIFIED
https://cityu-dg.instructure.com,560,Problem Solve & Programming,MainQ05containDigit.java,ddb2d93cba1d0a724e1637c5dc96cbf354b396cf7f4dd55769e6117a28d0a252,652,ACADEMIC_TEACHING,INGESTABLE,academic teaching material,NEEDS_REVIEW,OWNER_PLATFORM_IMPORT_INTENT_RIGHTS_UNVERIFIED
https://cityu-dg.instructure.com,560,Problem Solve & Programming,MainQ06countDigits.java,04754fa8ded32e66e6d50ee41690fbb79818ef4e7d0e08a1d44bcdfe9fbda866,452,ACADEMIC_TEACHING,INGESTABLE,academic teaching material,NEEDS_REVIEW,OWNER_PLATFORM_IMPORT_INTENT_RIGHTS_UNVERIFIED
https://cityu-dg.instructure.com,560,Problem Solve & Programming,MainQ07leftMostDigit.java,4221f65b6b167290224f7d6bbd0d3508c4080f8d46464bf6aead8b325f05970f,457,ACADEMIC_TEACHING,INGESTABLE,academic teaching material,NEEDS_REVIEW,OWNER_PLATFORM_IMPORT_INTENT_RIGHTS_UNVERIFIED
https://cityu-dg.instructure.com,560,Problem Solve & Programming,MainQ08containNonDecreasingDigits.java,b172dbb3e08848cd92147bb716115ac1f3fb25f551d5d5ff561df112e3b8cb0d,676,ACADEMIC_TEACHING,INGESTABLE,academic teaching material,NEEDS_REVIEW,OWNER_PLATFORM_IMPORT_INTENT_RIGHTS_UNVERIFIED
https://cityu-dg.instructure.com,560,Problem Solve & Programming,MainQ09tail.java,2ed7b7cff672c6c2d941c47df66be3403c64b83ab2564b87f04b771c8a3e7ac9,528,ACADEMIC_TEACHING,INGESTABLE,academic teaching material,NEEDS_REVIEW,OWNER_PLATFORM_IMPORT_INTENT_RIGHTS_UNVERIFIED
https://cityu-dg.instructure.com,560,Problem Solve & Programming,MainQ10areOpposite.java,9e72c29480c1c5e436155da521d683bb507dee169cc88ebfec13f2eda261a76b,778,ACADEMIC_TEACHING,INGESTABLE,academic teaching material,NEEDS_REVIEW,OWNER_PLATFORM_IMPORT_INTENT_RIGHTS_UNVERIFIED
https://cityu-dg.instructure.com,560,Problem Solve & Programming,MainQ11reverse.java,5a0ab899396cc45b5311da8259a56b3cf6364a617da60e8d788b742282ddae5a,557,ACADEMIC_TEACHING,INGESTABLE,academic teaching material,NEEDS_REVIEW,OWNER_PLATFORM_IMPORT_INTENT_RIGHTS_UNVERIFIED
https://cityu-dg.instructure.com,560,Problem Solve & Programming,Main_EmployeeAndManager.java,7e006200795984a52c2f817d2394515608e78e209927ed7980a31ea10c4316ba,251,ACADEMIC_TEACHING,INGESTABLE,academic teaching material,NEEDS_REVIEW,OWNER_PLATFORM_IMPORT_INTENT_RIGHTS_UNVERIFIED
https://cityu-dg.instructure.com,560,Problem Solve & Programming,Main_EmployeeTest-131292.java,efcbfe95b49e7f9c08f82a514deb2dbc0d1c5cbdea0442d8896505afc89ad5b6,969,ACADEMIC_TEACHING,INGESTABLE,academic teaching material,NEEDS_REVIEW,OWNER_PLATFORM_IMPORT_INTENT_RIGHTS_UNVERIFIED
https://cityu-dg.instructure.com,560,Problem Solve & Programming,Main_EmployeeTest.java,50f5ddaedc87597e26ceaf16d6dd783ea029620b9bd8c841da87113ac0429700,652,ACADEMIC_TEACHING,INGESTABLE,academic teaching material,NEEDS_REVIEW,OWNER_PLATFORM_IMPORT_INTENT_RIGHTS_UNVERIFIED
https://cityu-dg.instructure.com,560,Problem Solve & Programming,Main_GivenCode.txt,dc1e56afdd3ff15e7173f4f73f2cf9abdd0427838689fef1465828da17175166,3703,ACADEMIC_TEACHING,INGESTABLE,academic teaching material,NEEDS_REVIEW,OWNER_PLATFORM_IMPORT_INTENT_RIGHTS_UNVERIFIED
https://cityu-dg.instructure.com,560,Problem Solve & Programming,Main_Lab07Q1.java,44e8fb0ea1002dc69f4e6a6d5ddc7d95a5da95ca69198a47368558d61c28e72d,290,ACADEMIC_TEACHING,INGESTABLE,academic teaching material,NEEDS_REVIEW,OWNER_PLATFORM_IMPORT_INTENT_RIGHTS_UNVERIFIED
https://cityu-dg.instructure.com,560,Problem Solve & Programming,Main_Lab07Q2.java,793308bfb44c1fd19b3c5b0e1c9d774afcec917dba12d28f5810a245913693f5,418,ACADEMIC_TEACHING,INGESTABLE,academic teaching material,NEEDS_REVIEW,OWNER_PLATFORM_IMPORT_INTENT_RIGHTS_UNVERIFIED
https://cityu-dg.instructure.com,560,Problem Solve & Programming,Main_Lab07Q3.java,a13cc94256eace4fa0eb2e395c52fddb2421dfc7475115deac6ca704ef891eac,468,ACADEMIC_TEACHING,INGESTABLE,academic teaching material,NEEDS_REVIEW,OWNER_PLATFORM_IMPORT_INTENT_RIGHTS_UNVERIFIED
https://cityu-dg.instructure.com,560,Problem Solve & Programming,Main_Lab07Q4.java,79c8805ba53622ad2af95fa9cafc7cbe664b47d1d3219d1513158dd5ab7c7db4,379,ACADEMIC_TEACHING,INGESTABLE,academic teaching material,NEEDS_REVIEW,OWNER_PLATFORM_IMPORT_INTENT_RIGHTS_UNVERIFIED
https://cityu-dg.instructure.com,560,Problem Solve & Programming,Main_Lab07Q5.java,a506a5d86f6d0447bc9d8466d0e9378636a95162ce1fd1e5764d7569b6f60954,702,ACADEMIC_TEACHING,INGESTABLE,academic teaching material,NEEDS_REVIEW,OWNER_PLATFORM_IMPORT_INTENT_RIGHTS_UNVERIFIED
https://cityu-dg.instructure.com,560,Problem Solve & Programming,Main_Lab07Q6.java,fa7838739dae3db7c2069a66426386703c78475f95d2245d38228915487e61d1,644,ACADEMIC_TEACHING,INGESTABLE,academic teaching material,NEEDS_REVIEW,OWNER_PLATFORM_IMPORT_INTENT_RIGHTS_UNVERIFIED
https://cityu-dg.instructure.com,560,Problem Solve & Programming,Main_Lab08Q00.java,f704ff2edc604d2dcfe7f43efc2fbcf2eebfe216a83ee5a9e248a5b4a5f0106c,717,ACADEMIC_TEACHING,INGESTABLE,academic teaching material,NEEDS_REVIEW,OWNER_PLATFORM_IMPORT_INTENT_RIGHTS_UNVERIFIED
https://cityu-dg.instructure.com,560,Problem Solve & Programming,Main_Lab7_ProgressChk(I).java,fe6ddd8794aaf024ed1568cf1788e1e6689ea69588844fabb8b378fb6a9dc846,274,ACADEMIC_TEACHING,INGESTABLE,academic teaching material,NEEDS_REVIEW,OWNER_PLATFORM_IMPORT_INTENT_RIGHTS_UNVERIFIED
https://cityu-dg.instructure.com,560,Problem Solve & Programming,Main_Lab7_ProgressChk(II).java,5335a4e9482ff5904e158847f0b457d848e60d27e87da02bea9c80f920217471,458,ACADEMIC_TEACHING,INGESTABLE,academic teaching material,NEEDS_REVIEW,OWNER_PLATFORM_IMPORT_INTENT_RIGHTS_UNVERIFIED
https://cityu-dg.instructure.com,560,Problem Solve & Programming,Main_Polym.java,b761a625eb282882f12ad7f638c7e8d22c89d6a923e71bf501d4a963b2a866ea,994,ACADEMIC_TEACHING,INGESTABLE,academic teaching material,NEEDS_REVIEW,OWNER_PLATFORM_IMPORT_INTENT_RIGHTS_UNVERIFIED
https://cityu-dg.instructure.com,560,Problem Solve & Programming,Main_hashmap.java,6c7fb5c2a2723edb742a286b466825bc5fdbd0676598ad57faeb2b7800c5095c,931,ACADEMIC_TEACHING,INGESTABLE,academic teaching material,NEEDS_REVIEW,OWNER_PLATFORM_IMPORT_INTENT_RIGHTS_UNVERIFIED
https://cityu-dg.instructure.com,560,Problem Solve & Programming,Main_testRemoveElement.java,4b0da0e2210558f32badbf2c4fca4486fe07bec41a1fb9db73cff820f8661558,1771,ACADEMIC_TEACHING,INGESTABLE,academic teaching material,NEEDS_REVIEW,OWNER_PLATFORM_IMPORT_INTENT_RIGHTS_UNVERIFIED
https://cityu-dg.instructure.com,560,Problem Solve & Programming,Main_treemap.java,d2c0233d90c3bc4f71b7f339c24948e3e7dc14f414128d4e42a2ef1851c91f32,947,ACADEMIC_TEACHING,INGESTABLE,academic teaching material,NEEDS_REVIEW,OWNER_PLATFORM_IMPORT_INTENT_RIGHTS_UNVERIFIED
https://cityu-dg.instructure.com,560,Problem Solve & Programming,Main_xCallSuperclassConstr_EmplMang.java,9a60ee5933081ab4b02e2a5b93624f3f89aef87d2eb7361a870eb6601637e1aa,793,ACADEMIC_TEACHING,INGESTABLE,academic teaching material,NEEDS_REVIEW,OWNER_PLATFORM_IMPORT_INTENT_RIGHTS_UNVERIFIED
https://cityu-dg.instructure.com,560,Problem Solve & Programming,Main_xCallSuperclass_noConstrInSuper_Constr_EmplMang.java,6fc515a27902f36752698f972ed2dd3757041a848fd651e950ed0c81463f3958,819,ACADEMIC_TEACHING,INGESTABLE,academic teaching material,NEEDS_REVIEW,OWNER_PLATFORM_IMPORT_INTENT_RIGHTS_UNVERIFIED
https://cityu-dg.instructure.com,560,Problem Solve & Programming,Manager-127853.java,bc950850d5160cc6cb990b8f6987c507e3508e0db88a276329db16b27f1a4f8f,226,ACADEMIC_TEACHING,INGESTABLE,academic teaching material,NEEDS_REVIEW,OWNER_PLATFORM_IMPORT_INTENT_RIGHTS_UNVERIFIED
https://cityu-dg.instructure.com,560,Problem Solve & Programming,Manager.java,3e2f503173622ff3925fea8de5db81970322b8a2d39307ee1a3b5273f12b12ae,1022,ACADEMIC_TEACHING,INGESTABLE,academic teaching material,NEEDS_REVIEW,OWNER_PLATFORM_IMPORT_INTENT_RIGHTS_UNVERIFIED
https://cityu-dg.instructure.com,560,Problem Solve & Programming,Member.java,c7cbb220fb2af4eda34df5d727ba8b68269863e98215d642c64bada9cdbc85bb,100,ACADEMIC_TEACHING,INGESTABLE,academic teaching material,NEEDS_REVIEW,OWNER_PLATFORM_IMPORT_INTENT_RIGHTS_UNVERIFIED
https://cityu-dg.instructure.com,560,Problem Solve & Programming,MidtermMock(50minutes).pdf,b21ce5cbcc9f5965765eb8f932d029dfa9446781d0f74b6b0d4c08f5f46d4c0a,283825,ACADEMIC_TEACHING,INGESTABLE,academic teaching material,NEEDS_REVIEW,OWNER_PLATFORM_IMPORT_INTENT_RIGHTS_UNVERIFIED
https://cityu-dg.instructure.com,560,Problem Solve & Programming,Model.java,688fd3795d2cffc883f53c6803e74ed68e460a01073b9787c3d845ac91ee8bb9,496,ACADEMIC_TEACHING,INGESTABLE,academic teaching material,NEEDS_REVIEW,OWNER_PLATFORM_IMPORT_INTENT_RIGHTS_UNVERIFIED
https://cityu-dg.instructure.com,560,Problem Solve & Programming,NegativeIntegerException-137715.java,10b58e8c622453fb9cff8d235735a00d3cfe2176fefcc02e320577b79c3ab19d,446,ACADEMIC_TEACHING,INGESTABLE,academic teaching material,NEEDS_REVIEW,OWNER_PLATFORM_IMPORT_INTENT_RIGHTS_UNVERIFIED
https://cityu-dg.instructure.com,560,Problem Solve & Programming,NegativeIntegerException-137720.java,ef15225a55b28fd55efa1e9f3c80fb6a5e82910c01dc7f1f69a1ee1bb8607cb2,374,ACADEMIC_TEACHING,INGESTABLE,academic teaching material,NEEDS_REVIEW,OWNER_PLATFORM_IMPORT_INTENT_RIGHTS_UNVERIFIED
https://cityu-dg.instructure.com,560,Problem Solve & Programming,NegativeIntegerException-137725.java,3a24aeadcb5b2fe31323eb066834f2230b564e37308e001f31af0c31229ff35a,226,ACADEMIC_TEACHING,INGESTABLE,academic teaching material,NEEDS_REVIEW,OWNER_PLATFORM_IMPORT_INTENT_RIGHTS_UNVERIFIED
https://cityu-dg.instructure.com,560,Problem Solve & Programming,NegativeIntegerException-137733.java,6ba65295a506881e5ad6d8921b3f17b804230ccbd18e6088e824770bcbc5657c,198,ACADEMIC_TEACHING,INGESTABLE,academic teaching material,NEEDS_REVIEW,OWNER_PLATFORM_IMPORT_INTENT_RIGHTS_UNVERIFIED
https://cityu-dg.instructure.com,560,Problem Solve & Programming,NegativeIntegerException.java,6ba65295a506881e5ad6d8921b3f17b804230ccbd18e6088e824770bcbc5657c,198,ACADEMIC_TEACHING,INGESTABLE,academic teaching material,NEEDS_REVIEW,OWNER_PLATFORM_IMPORT_INTENT_RIGHTS_UNVERIFIED
https://cityu-dg.instructure.com,560,Problem Solve & Programming,P01_FirstSample.java,1128bef98fb84d9f683282abb551f16a255dbb4e7931733ef112c1a1ddc4a983,148,ACADEMIC_TEACHING,INGESTABLE,academic teaching material,NEEDS_REVIEW,OWNER_PLATFORM_IMPORT_INTENT_RIGHTS_UNVERIFIED
https://cityu-dg.instructure.com,560,Problem Solve & Programming,P01_OneJava3Classes.java,76cc171e64a0d729baeb7aa08e5b2a044adb33e66563d0b3576d467baa62b027,332,ACADEMIC_TEACHING,INGESTABLE,academic teaching material,NEEDS_REVIEW,OWNER_PLATFORM_IMPORT_INTENT_RIGHTS_UNVERIFIED
https://cityu-dg.instructure.com,560,Problem Solve & Programming,P02_Scanner.java,06332a642bab9a9e3aa0584370ad17e52445b27b671f825896c8ff25a6481073,320,ACADEMIC_TEACHING,INGESTABLE,academic teaching material,NEEDS_REVIEW,OWNER_PLATFORM_IMPORT_INTENT_RIGHTS_UNVERIFIED
https://cityu-dg.instructure.com,560,Problem Solve & Programming,P03_Math.java,9bb4c0231c6971e872890bf315512f62094ba1d2b3f839024c36b8dddc04707d,224,ACADEMIC_TEACHING,INGESTABLE,academic teaching material,NEEDS_REVIEW,OWNER_PLATFORM_IMPORT_INTENT_RIGHTS_UNVERIFIED
https://cityu-dg.instructure.com,560,Problem Solve & Programming,P03_Math_import.java,b14a0b3113410a705c56fc3f04fec10c6d85829b8cf2599d34484a63d61f3642,254,ACADEMIC_TEACHING,INGESTABLE,academic teaching material,NEEDS_REVIEW,OWNER_PLATFORM_IMPORT_INTENT_RIGHTS_UNVERIFIED
https://cityu-dg.instructure.com,560,Problem Solve & Programming,P03_TwoThings.java,505d9698d1b78c7a1f28d17d9a2c75ba64b01ff2df1d645dd855f28260d3d455,318,ACADEMIC_TEACHING,INGESTABLE,academic teaching material,NEEDS_REVIEW,OWNER_PLATFORM_IMPORT_INTENT_RIGHTS_UNVERIFIED
https://cityu-dg.instructure.com,560,Problem Solve & Programming,P04_intOverflow.java,2d8abf110af80c8426c1a7385bb78621a352b502985b9ef5e2d54c673cfcfcf9,735,ACADEMIC_TEACHING,INGESTABLE,academic teaching material,NEEDS_REVIEW,OWNER_PLATFORM_IMPORT_INTENT_RIGHTS_UNVERIFIED
https://cityu-dg.instructure.com,560,Problem Solve & Programming,P04_long_soln.java,4c71e93074f44bb8b74cdda439d53d31e52afeaca5158f25bd5ccb95119a0a07,343,ACADEMIC_TEACHING,INGESTABLE,academic teaching material,NEEDS_REVIEW,OWNER_PLATFORM_IMPORT_INTENT_RIGHTS_UNVERIFIED
https://cityu-dg.instructure.com,560,Problem Solve & Programming,P04_long_useL.java,c3657f28b7c4e78c851a8e9608e724e4a2bb4b18432e832fadaba4494fdb27cc,663,ACADEMIC_TEACHING,INGESTABLE,academic teaching material,NEEDS_REVIEW,OWNER_PLATFORM_IMPORT_INTENT_RIGHTS_UNVERIFIED
https://cityu-dg.instructure.com,560,Problem Solve & Programming,P04_try_0x_0b.java,ec792dfa389a4c169f15e0047cd11d0dcafe31608952a6510357ec861c71b9aa,365,ACADEMIC_TEACHING,INGESTABLE,academic teaching material,NEEDS_REVIEW,OWNER_PLATFORM_IMPORT_INTENT_RIGHTS_UNVERIFIED
https://cityu-dg.instructure.com,560,Problem Solve & Programming,P05_FloatDouble.java,8044350784bab3619f52614bf8ac42a3643a29e214d5b4d95be81a24c8cef1b7,516,ACADEMIC_TEACHING,INGESTABLE,academic teaching material,NEEDS_REVIEW,OWNER_PLATFORM_IMPORT_INTENT_RIGHTS_UNVERIFIED
https://cityu-dg.instructure.com,560,Problem Solve & Programming,P05_RoundoffError.java,28cfbda92fa478f4319cb72729711d064b6c726fdcf59f506db061a451335945,134,ACADEMIC_TEACHING,INGESTABLE,academic teaching material,NEEDS_REVIEW,OWNER_PLATFORM_IMPORT_INTENT_RIGHTS_UNVERIFIED
https://cityu-dg.instructure.com,560,Problem Solve & Programming,P05_TypeMismatch.java,addcd7e82a1e8ea81f2bfb9f3c4fc378403f8816ced0b9572479578d7650e863,250,ACADEMIC_TEACHING,INGESTABLE,academic teaching material,NEEDS_REVIEW,OWNER_PLATFORM_IMPORT_INTENT_RIGHTS_UNVERIFIED
https://cityu-dg.instructure.com,560,Problem Solve & Programming,P05_UseBigDecimal.java,513d4802095a44d966a966bbcaccdbb212af6b914f7e644993d16b664b64e60e,499,ACADEMIC_TEACHING,INGESTABLE,academic teaching material,NEEDS_REVIEW,OWNER_PLATFORM_IMPORT_INTENT_RIGHTS_UNVERIFIED
https://cityu-dg.instructure.com,560,Problem Solve & Programming,P06_Division.java,532ae1858e6b0ee5758ba293f48d80b0e405dae40898bed7cfeb01159a326b2c,543,ACADEMIC_TEACHING,INGESTABLE,academic teaching material,NEEDS_REVIEW,OWNER_PLATFORM_IMPORT_INTENT_RIGHTS_UNVERIFIED
https://cityu-dg.instructure.com,560,Problem Solve & Programming,P06_UsingFinal.java,3524fae70f4781e68ee3f2c98a942e2ef5554db43485a3589709ba700f2280e3,254,ACADEMIC_TEACHING,INGESTABLE,academic teaching material,NEEDS_REVIEW,OWNER_PLATFORM_IMPORT_INTENT_RIGHTS_UNVERIFIED
https://cityu-dg.instructure.com,560,Problem Solve & Programming,P06_VariableInitialization.java,acbcd32ba4d88f805c2f0b72382d26569479bb49816052503b7e1a063782d738,263,ACADEMIC_TEACHING,INGESTABLE,academic teaching material,NEEDS_REVIEW,OWNER_PLATFORM_IMPORT_INTENT_RIGHTS_UNVERIFIED
https://cityu-dg.instructure.com,560,Problem Solve & Programming,P06_isNaN_isInfinite .java,758d0ec566f80ecb7a0139b24fdb8bd3792a4ded53ec0be8613108516ccde218,565,ACADEMIC_TEACHING,INGESTABLE,academic teaching material,NEEDS_REVIEW,OWNER_PLATFORM_IMPORT_INTENT_RIGHTS_UNVERIFIED
https://cityu-dg.instructure.com,560,Problem Solve & Programming,P07_BitwiseOp.java,3c78e3c7e2339b892bd202bddb30375409ef8675b2c0994f0a15ba405883a466,287,ACADEMIC_TEACHING,INGESTABLE,academic teaching material,NEEDS_REVIEW,OWNER_PLATFORM_IMPORT_INTENT_RIGHTS_UNVERIFIED
https://cityu-dg.instructure.com,560,Problem Solve & Programming,P07_Conversion.java,df144840b2f4c0598469798a9245a44b37f942b140fe471a43afd00b65d726c0,588,ACADEMIC_TEACHING,INGESTABLE,academic teaching material,NEEDS_REVIEW,OWNER_PLATFORM_IMPORT_INTENT_RIGHTS_UNVERIFIED
https://cityu-dg.instructure.com,560,Problem Solve & Programming,P07_ConversionTests.java,eace15eaeb175c4f069da2f80d2901ad0e9ffcc315936918d80c3eab28a1eb15,448,ACADEMIC_TEACHING,INGESTABLE,academic teaching material,NEEDS_REVIEW,OWNER_PLATFORM_IMPORT_INTENT_RIGHTS_UNVERIFIED
https://cityu-dg.instructure.com,560,Problem Solve & Programming,P07_ConversionTestsWithInfoLost.java,cd5cde44710542346a8da303c2589c1b96adadbc400de6b55b0613dbfa661cf5,257,ACADEMIC_TEACHING,INGESTABLE,academic teaching material,NEEDS_REVIEW,OWNER_PLATFORM_IMPORT_INTENT_RIGHTS_UNVERIFIED
https://cityu-dg.instructure.com,560,Problem Solve & Programming,P07_ShortCircuit_CourseAverage.java,2f6e5df9c940045ac912d785efdc3345cc38dd941d6507975fa8a9f39577b400,364,ACADEMIC_TEACHING,INGESTABLE,academic teaching material,NEEDS_REVIEW,OWNER_PLATFORM_IMPORT_INTENT_RIGHTS_UNVERIFIED
https://cityu-dg.instructure.com,560,Problem Solve & Programming,P09_String1_Intro-121317.java,c784f690a0be93fd360c212a4eba6bd8eca1d70bb80eb7497aa4c7af0e73c87d,406,ACADEMIC_TEACHING,INGESTABLE,academic teaching material,NEEDS_REVIEW,OWNER_PLATFORM_IMPORT_INTENT_RIGHTS_UNVERIFIED
https://cityu-dg.instructure.com,560,Problem Solve & Programming,P09_String1_Intro.java,c784f690a0be93fd360c212a4eba6bd8eca1d70bb80eb7497aa4c7af0e73c87d,406,ACADEMIC_TEACHING,INGESTABLE,academic teaching material,NEEDS_REVIEW,OWNER_PLATFORM_IMPORT_INTENT_RIGHTS_UNVERIFIED
https://cityu-dg.instructure.com,560,Problem Solve & Programming,P09_String1_Intro_checking-121316.java,0f6866bee803a4102cf51a0b275773e712c8bf41e52e9b9055bf5fe9fc4c2795,432,ACADEMIC_TEACHING,INGESTABLE,academic teaching material,NEEDS_REVIEW,OWNER_PLATFORM_IMPORT_INTENT_RIGHTS_UNVERIFIED
https://cityu-dg.instructure.com,560,Problem Solve & Programming,P09_String1_Intro_checking.java,0f6866bee803a4102cf51a0b275773e712c8bf41e52e9b9055bf5fe9fc4c2795,432,ACADEMIC_TEACHING,INGESTABLE,academic teaching material,NEEDS_REVIEW,OWNER_PLATFORM_IMPORT_INTENT_RIGHTS_UNVERIFIED
https://cityu-dg.instructure.com,560,Problem Solve & Programming,P09_String2_substring-121318.java,c922ef2532022fd2db6597668f63f4051a6cbbe61178584241d9f7890e54bf20,179,ACADEMIC_TEACHING,INGESTABLE,academic teaching material,NEEDS_REVIEW,OWNER_PLATFORM_IMPORT_INTENT_RIGHTS_UNVERIFIED
https://cityu-dg.instructure.com,560,Problem Solve & Programming,P09_String2_substring.java,c922ef2532022fd2db6597668f63f4051a6cbbe61178584241d9f7890e54bf20,179,ACADEMIC_TEACHING,INGESTABLE,academic teaching material,NEEDS_REVIEW,OWNER_PLATFORM_IMPORT_INTENT_RIGHTS_UNVERIFIED
https://cityu-dg.instructure.com,560,Problem Solve & Programming,P09_String3_join_strings-121319.java,da98696e4eae19ccb6e1348661dfbebda58abdc575c20eabf0a705a85a8ac071,269,ACADEMIC_TEACHING,INGESTABLE,academic teaching material,NEEDS_REVIEW,OWNER_PLATFORM_IMPORT_INTENT_RIGHTS_UNVERIFIED
https://cityu-dg.instructure.com,560,Problem Solve & Programming,P09_String3_join_strings.java,da98696e4eae19ccb6e1348661dfbebda58abdc575c20eabf0a705a85a8ac071,269,ACADEMIC_TEACHING,INGESTABLE,academic teaching material,NEEDS_REVIEW,OWNER_PLATFORM_IMPORT_INTENT_RIGHTS_UNVERIFIED
https://cityu-dg.instructure.com,560,Problem Solve & Programming,P09_String4_compare-121320.java,f17bbc846afb9fa771359ce027a8c227083ebcdd61e8df85d7423be6cfa6e568,365,ACADEMIC_TEACHING,INGESTABLE,academic teaching material,NEEDS_REVIEW,OWNER_PLATFORM_IMPORT_INTENT_RIGHTS_UNVERIFIED
https://cityu-dg.instructure.com,560,Problem Solve & Programming,P09_String4_compare.java,f17bbc846afb9fa771359ce027a8c227083ebcdd61e8df85d7423be6cfa6e568,365,ACADEMIC_TEACHING,INGESTABLE,academic teaching material,NEEDS_REVIEW,OWNER_PLATFORM_IMPORT_INTENT_RIGHTS_UNVERIFIED
https://cityu-dg.instructure.com,560,Problem Solve & Programming,P09_StringBuilder-121321.java,64f00b5a8dd0646b224b7b7e371d665b50ebe71dc8b292076a9fdb62bccdcfa2,295,ACADEMIC_TEACHING,INGESTABLE,academic teaching material,NEEDS_REVIEW,OWNER_PLATFORM_IMPORT_INTENT_RIGHTS_UNVERIFIED
https://cityu-dg.instructure.com,560,Problem Solve & Programming,P09_StringBuilder.java,64f00b5a8dd0646b224b7b7e371d665b50ebe71dc8b292076a9fdb62bccdcfa2,295,ACADEMIC_TEACHING,INGESTABLE,academic teaching material,NEEDS_REVIEW,OWNER_PLATFORM_IMPORT_INTENT_RIGHTS_UNVERIFIED
https://cityu-dg.instructure.com,560,Problem Solve & Programming,P10_ReadInput-121322.java,c53e5f0b1453bf387da355adc63d0211f0f32caff8d36e862f61d8ceff63e030,318,ACADEMIC_TEACHING,INGESTABLE,academic teaching material,NEEDS_REVIEW,OWNER_PLATFORM_IMPORT_INTENT_RIGHTS_UNVERIFIED
https://cityu-dg.instructure.com,560,Problem Solve & Programming,P10_ReadInput.java,c53e5f0b1453bf387da355adc63d0211f0f32caff8d36e862f61d8ceff63e030,318,ACADEMIC_TEACHING,INGESTABLE,academic teaching material,NEEDS_REVIEW,OWNER_PLATFORM_IMPORT_INTENT_RIGHTS_UNVERIFIED
https://cityu-dg.instructure.com,560,Problem Solve & Programming,P10_ReadInputFromString-121323.java,1a4a70b2bc599304e986fd377d3d6b64fc53c746321c0fbb433cd1ab0671fffa,417,ACADEMIC_TEACHING,INGESTABLE,academic teaching material,NEEDS_REVIEW,OWNER_PLATFORM_IMPORT_INTENT_RIGHTS_UNVERIFIED
https://cityu-dg.instructure.com,560,Problem Solve & Programming,P10_ReadInputFromString.java,1a4a70b2bc599304e986fd377d3d6b64fc53c746321c0fbb433cd1ab0671fffa,417,ACADEMIC_TEACHING,INGESTABLE,academic teaching material,NEEDS_REVIEW,OWNER_PLATFORM_IMPORT_INTENT_RIGHTS_UNVERIFIED
https://cityu-dg.instructure.com,560,Problem Solve & Programming,P11_PrintWriter-121325.java,657b593971d4b5ef6cb941eb416c6a3e8fd1d47c1127ef867579ef42a49a62ad,256,ACADEMIC_TEACHING,INGESTABLE,academic teaching material,NEEDS_REVIEW,OWNER_PLATFORM_IMPORT_INTENT_RIGHTS_UNVERIFIED
https://cityu-dg.instructure.com,560,Problem Solve & Programming,P11_PrintWriter.java,657b593971d4b5ef6cb941eb416c6a3e8fd1d47c1127ef867579ef42a49a62ad,256,ACADEMIC_TEACHING,INGESTABLE,academic teaching material,NEEDS_REVIEW,OWNER_PLATFORM_IMPORT_INTENT_RIGHTS_UNVERIFIED
https://cityu-dg.instructure.com,560,Problem Solve & Programming,P11_StringFormat-121326.java,c9e47db653373b30126ec6d93526688887a601b38a63e66f4a2c25468536e56f,338,ACADEMIC_TEACHING,INGESTABLE,academic teaching material,NEEDS_REVIEW,OWNER_PLATFORM_IMPORT_INTENT_RIGHTS_UNVERIFIED
https://cityu-dg.instructure.com,560,Problem Solve & Programming,P11_StringFormat.java,c9e47db653373b30126ec6d93526688887a601b38a63e66f4a2c25468536e56f,338,ACADEMIC_TEACHING,INGESTABLE,academic teaching material,NEEDS_REVIEW,OWNER_PLATFORM_IMPORT_INTENT_RIGHTS_UNVERIFIED
https://cityu-dg.instructure.com,560,Problem Solve & Programming,P11_printf-121324.java,6fa14c60a9455f4fef159ad4f5da75a13795e745b8ff667ec31e9de23fd80b0c,314,ACADEMIC_TEACHING,INGESTABLE,academic teaching material,NEEDS_REVIEW,OWNER_PLATFORM_IMPORT_INTENT_RIGHTS_UNVERIFIED
https://cityu-dg.instructure.com,560,Problem Solve & Programming,P11_printf.java,6fa14c60a9455f4fef159ad4f5da75a13795e745b8ff667ec31e9de23fd80b0c,314,ACADEMIC_TEACHING,INGESTABLE,academic teaching material,NEEDS_REVIEW,OWNER_PLATFORM_IMPORT_INTENT_RIGHTS_UNVERIFIED
https://cityu-dg.instructure.com,560,Problem Solve & Programming,P12_exampleBreak.java,1504d8c1d5a2758eea9d13ec1ddfc283a1cc320b9a44fdea758711f93b06b23f,298,ACADEMIC_TEACHING,INGESTABLE,academic teaching material,NEEDS_REVIEW,OWNER_PLATFORM_IMPORT_INTENT_RIGHTS_UNVERIFIED
https://cityu-dg.instructure.com,560,Problem Solve & Programming,P12_exampleContinue.java,0341562371257db6daedb54a6b47713854e61977d08acd51ba7e236e4df9e7de,527,ACADEMIC_TEACHING,INGESTABLE,academic teaching material,NEEDS_REVIEW,OWNER_PLATFORM_IMPORT_INTENT_RIGHTS_UNVERIFIED
https://cityu-dg.instructure.com,560,Problem Solve & Programming,P13_1DArray.java,18f3cef09f49b5cf35f9c0cf202b602336d4c2cb7f50e034db233656ab0ae8f3,378,ACADEMIC_TEACHING,INGESTABLE,academic teaching material,NEEDS_REVIEW,OWNER_PLATFORM_IMPORT_INTENT_RIGHTS_UNVERIFIED
https://cityu-dg.instructure.com,560,Problem Solve & Programming,P13_shorthand_foreach_ArraysToString.java,12c275402e6cd17ce0fe602bb38902d61efb5477b862e5ed5346cff361aacaee,606,ACADEMIC_TEACHING,INGESTABLE,academic teaching material,NEEDS_REVIEW,OWNER_PLATFORM_IMPORT_INTENT_RIGHTS_UNVERIFIED
https://cityu-dg.instructure.com,560,Problem Solve & Programming,P14_ArrayCopying.java,0284210b2d2a0bf7d7c4a30981b3c2cfe3faaf7ba2114f5cc4f93eadf266b0b0,595,ACADEMIC_TEACHING,INGESTABLE,academic teaching material,NEEDS_REVIEW,OWNER_PLATFORM_IMPORT_INTENT_RIGHTS_UNVERIFIED
https://cityu-dg.instructure.com,560,Problem Solve & Programming,P14_TwoD_Array.java,f747d9e250d71ec9ca94b5aec438ab2457e3dbac3c2a13ae9e9e5647e7475920,309,ACADEMIC_TEACHING,INGESTABLE,academic teaching material,NEEDS_REVIEW,OWNER_PLATFORM_IMPORT_INTENT_RIGHTS_UNVERIFIED
https://cityu-dg.instructure.com,560,Problem Solve & Programming,P14_TwoD_RaggedArray.java,565977ce126ff2d622255795a610e31a0446ce7dbc508c0160bbc1ae2d5b103f,497,ACADEMIC_TEACHING,INGESTABLE,academic teaching material,NEEDS_REVIEW,OWNER_PLATFORM_IMPORT_INTENT_RIGHTS_UNVERIFIED
https://cityu-dg.instructure.com,560,Problem Solve & Programming,P14_TwoD_RaggedArrayOfDays.java,a3088148f73498c50672bcfc4709827e238bd086cc533ef7684edda475fd30a3,350,ACADEMIC_TEACHING,INGESTABLE,academic teaching material,NEEDS_REVIEW,OWNER_PLATFORM_IMPORT_INTENT_RIGHTS_UNVERIFIED
https://cityu-dg.instructure.com,560,Problem Solve & Programming,Part(a)[Soln_Design]Classes_and_objects.jpg,97794d41eaf562434ca4163affb73d74eb71c9db18fa57e59eeef40375bd3312,652716,ACADEMIC_TEACHING,DOWNLOAD_ONLY,"unknown format: stored, never counted as learnable material",NEEDS_REVIEW,OWNER_PLATFORM_IMPORT_INTENT_RIGHTS_UNVERIFIED
https://cityu-dg.instructure.com,560,Problem Solve & Programming,Part(a)[Soln_Design]Classes_and_objects.pdf,e7d5b356103da444ae65742f9cdacd3a02f00aefa0c0e1a44989ac785f923a93,658130,ACADEMIC_TEACHING,INGESTABLE,academic teaching material,NEEDS_REVIEW,OWNER_PLATFORM_IMPORT_INTENT_RIGHTS_UNVERIFIED
https://cityu-dg.instructure.com,560,Problem Solve & Programming,Person.java,86ded10a26b03067aaebcc93e911323afddf7c98000808467f97d3c33a45202e,283,ACADEMIC_TEACHING,INGESTABLE,academic teaching material,NEEDS_REVIEW,OWNER_PLATFORM_IMPORT_INTENT_RIGHTS_UNVERIFIED
https://cityu-dg.instructure.com,560,Problem Solve & Programming,PersonnelOffice.java,5364800928255798e525c9fd0d9f5b4df7c93ad3d54ce798855e8b44587a26a8,1989,ACADEMIC_TEACHING,INGESTABLE,academic teaching material,NEEDS_REVIEW,OWNER_PLATFORM_IMPORT_INTENT_RIGHTS_UNVERIFIED
https://cityu-dg.instructure.com,560,Problem Solve & Programming,Piano.java,90db8977f985316ee9f87e27808a04b4b98783300d89a52adc92c06ae537f739,86,ACADEMIC_TEACHING,INGESTABLE,academic teaching material,NEEDS_REVIEW,OWNER_PLATFORM_IMPORT_INTENT_RIGHTS_UNVERIFIED
https://cityu-dg.instructure.com,560,Problem Solve & Programming,PowerAdvantageAccount.java,82b153b9bc599fb1275a4c2518087cbe28a5de1c3ef69ea797100d4a8e077c02,260,ACADEMIC_TEACHING,INGESTABLE,academic teaching material,NEEDS_REVIEW,OWNER_PLATFORM_IMPORT_INTENT_RIGHTS_UNVERIFIED
https://cityu-dg.instructure.com,560,Problem Solve & Programming,Programme.java,33ca573c37c3b80b3e470e5c93f192124b9053b24da7735fe1a851fb3a9d212a,534,ACADEMIC_TEACHING,INGESTABLE,academic teaching material,NEEDS_REVIEW,OWNER_PLATFORM_IMPORT_INTENT_RIGHTS_UNVERIFIED
https://cityu-dg.instructure.com,560,Problem Solve & Programming,Q1_given_code.txt,ed2f2f9b382626b7bb9832074beda76d914c7d6cce27d849c67c7d0720819cb1,2096,ACADEMIC_TEACHING,INGESTABLE,academic teaching material,NEEDS_REVIEW,OWNER_PLATFORM_IMPORT_INTENT_RIGHTS_UNVERIFIED
https://cityu-dg.instructure.com,560,Problem Solve & Programming,Q2_given_code.txt,415af8ac3e7092bf68c6608f2d1ea8e184c9541c3ae24c9b497f8416eb7d5426,1578,ACADEMIC_TEACHING,INGESTABLE,academic teaching material,NEEDS_REVIEW,OWNER_PLATFORM_IMPORT_INTENT_RIGHTS_UNVERIFIED
https://cityu-dg.instructure.com,560,Problem Solve & Programming,Q5_GivenCode.txt,b4550fc7ca37f0fbeb9ebe084bbb12ad2271e91da74c1297435ab7dfad1feac4,60,ACADEMIC_TEACHING,INGESTABLE,academic teaching material,NEEDS_REVIEW,OWNER_PLATFORM_IMPORT_INTENT_RIGHTS_UNVERIFIED
https://cityu-dg.instructure.com,560,Problem Solve & Programming,Q6(a)(ii)_GivenCode.txt,688d689f7cdc24af5147e7e301381cf11eabd4f2db4aa22b0f4e0ce9ccb65f4e,1298,ACADEMIC_TEACHING,INGESTABLE,academic teaching material,NEEDS_REVIEW,OWNER_PLATFORM_IMPORT_INTENT_RIGHTS_UNVERIFIED
https://cityu-dg.instructure.com,560,Problem Solve & Programming,Q6(b).txt,cf7f1907d3bc2e3855e595e53e7d1bce04030eb30ec76b1ca37fd219f0400b50,243,ACADEMIC_TEACHING,INGESTABLE,academic teaching material,NEEDS_REVIEW,OWNER_PLATFORM_IMPORT_INTENT_RIGHTS_UNVERIFIED
https://cityu-dg.instructure.com,560,Problem Solve & Programming,Quiz1(201617A)_Q1.pdf,f8646f6f8f4f82bcce09f8a4b08a367802b00e325a6a4ab3937ac1fa9b4c3871,129834,ACADEMIC_TEACHING,BLOCKED,"ASSESSMENT_MATERIAL: an exam, quiz or marking document needs the owner's decision",BLOCKED_NEEDS_OWNER_DECISION,OWNER_PLATFORM_IMPORT_INTENT_RIGHTS_UNVERIFIED
https://cityu-dg.instructure.com,560,Problem Solve & Programming,RLeader.java,27c5bc1bfcf637eab1c04d9b5d012b7f6221d244ddcc24915cf0be6a7bb5076e,512,ACADEMIC_TEACHING,INGESTABLE,academic teaching material,NEEDS_REVIEW,OWNER_PLATFORM_IMPORT_INTENT_RIGHTS_UNVERIFIED
https://cityu-dg.instructure.com,560,Problem Solve & Programming,RNormalMember.java,ba5730b09a5d33fd80aa4df9193626e2dc9a0fa1a3b63841c60cda89a6c734ef,661,ACADEMIC_TEACHING,INGESTABLE,academic teaching material,NEEDS_REVIEW,OWNER_PLATFORM_IMPORT_INTENT_RIGHTS_UNVERIFIED
https://cityu-dg.instructure.com,560,Problem Solve & Programming,Record.java,eb3c7b46ab105b268122d1f6af71e21ecc4b356ea0ddeb744fa80052f4cdde46,319,ACADEMIC_TEACHING,INGESTABLE,academic teaching material,NEEDS_REVIEW,OWNER_PLATFORM_IMPORT_INTENT_RIGHTS_UNVERIFIED
https://cityu-dg.instructure.com,560,Problem Solve & Programming,Role.java,a16d26a46693a0226d735c04b9fcb80b373df78d5479a0a783c85ed95cd12920,368,ACADEMIC_TEACHING,INGESTABLE,academic teaching material,NEEDS_REVIEW,OWNER_PLATFORM_IMPORT_INTENT_RIGHTS_UNVERIFIED
https://cityu-dg.instructure.com,560,Problem Solve & Programming,Rundown.txt,b290b4d9c28dec91417d4cb0ab3b519fba1f42ed21e19178abe0b445066a5570,944,ACADEMIC_TEACHING,INGESTABLE,academic teaching material,NEEDS_REVIEW,OWNER_PLATFORM_IMPORT_INTENT_RIGHTS_UNVERIFIED
https://cityu-dg.instructure.com,560,Problem Solve & Programming,Runnable.java,78ffa1f06acfc386d616b30c96743bf5b01ecec5862dd6e7231360a5689975f6,84,ACADEMIC_TEACHING,INGESTABLE,academic teaching material,NEEDS_REVIEW,OWNER_PLATFORM_IMPORT_INTENT_RIGHTS_UNVERIFIED
https://cityu-dg.instructure.com,560,Problem Solve & Programming,Runtimeerrors.java,bbf2c8f3d9218465bd28979b5253f0d632b1ab0eaae5ed65b841d875b41dcdcf,109,ACADEMIC_TEACHING,INGESTABLE,academic teaching material,NEEDS_REVIEW,OWNER_PLATFORM_IMPORT_INTENT_RIGHTS_UNVERIFIED
https://cityu-dg.instructure.com,560,Problem Solve & Programming,SalariedEmployee.java,179a5f502d89be74c33d5670bc56dea2b393ba2562a2c70dce89a0dee4881448,323,ACADEMIC_TEACHING,INGESTABLE,academic teaching material,NEEDS_REVIEW,OWNER_PLATFORM_IMPORT_INTENT_RIGHTS_UNVERIFIED
https://cityu-dg.instructure.com,560,Problem Solve & Programming,SavingsAccount.java,3e7fefc19e692466777b3f43c88c39cee1cbc11d01ad5118abacb770d83fb048,228,ACADEMIC_TEACHING,INGESTABLE,academic teaching material,NEEDS_REVIEW,OWNER_PLATFORM_IMPORT_INTENT_RIGHTS_UNVERIFIED
https://cityu-dg.instructure.com,560,Problem Solve & Programming,Shop-117802.cpp,c1e1ecda07480a08ce5bd02dc3349ed5d3822fb807a8f0b4bcb556cabc722a8f,160,ACADEMIC_TEACHING,INGESTABLE,academic teaching material,NEEDS_REVIEW,OWNER_PLATFORM_IMPORT_INTENT_RIGHTS_UNVERIFIED
https://cityu-dg.instructure.com,560,Problem Solve & Programming,Shop-117803.h,a1eb99262f1c441527f5132bc44faa3b53d44404bb9ebc0bfe02247e24be4eeb,160,ACADEMIC_TEACHING,INGESTABLE,academic teaching material,NEEDS_REVIEW,OWNER_PLATFORM_IMPORT_INTENT_RIGHTS_UNVERIFIED
https://cityu-dg.instructure.com,560,Problem Solve & Programming,Shop.cpp,f13c045daea209d8a835670a75ee03c433906669862962fba700eca390a56850,201,ACADEMIC_TEACHING,INGESTABLE,academic teaching material,NEEDS_REVIEW,OWNER_PLATFORM_IMPORT_INTENT_RIGHTS_UNVERIFIED
https://cityu-dg.instructure.com,560,Problem Solve & Programming,Shop.h,624fdd8538b4848d0645bb385fabe8076ebf99c98b5beb95227c841d0fb7337d,138,ACADEMIC_TEACHING,INGESTABLE,academic teaching material,NEEDS_REVIEW,OWNER_PLATFORM_IMPORT_INTENT_RIGHTS_UNVERIFIED
https://cityu-dg.instructure.com,560,Problem Solve & Programming,Shop.java,fd2bddcc12ba19081aab7d759d9ce0d57e41d034aba268ed60ea0419a880ac27,251,ACADEMIC_TEACHING,INGESTABLE,academic teaching material,NEEDS_REVIEW,OWNER_PLATFORM_IMPORT_INTENT_RIGHTS_UNVERIFIED
https://cityu-dg.instructure.com,560,Problem Solve & Programming,ShoppingCart.java,1beb2b6cda2cf60baf0b24cab64dae662530e6f3a41d8c918e2c6817334634ee,2514,ACADEMIC_TEACHING,INGESTABLE,academic teaching material,NEEDS_REVIEW,OWNER_PLATFORM_IMPORT_INTENT_RIGHTS_UNVERIFIED
https://cityu-dg.instructure.com,560,Problem Solve & Programming,Showlogicerrors.java,f8ed5924b6efe025d0c9017720ac9b5358f4fad49646f71c239c59eb582007c1,157,ACADEMIC_TEACHING,INGESTABLE,academic teaching material,NEEDS_REVIEW,OWNER_PLATFORM_IMPORT_INTENT_RIGHTS_UNVERIFIED
https://cityu-dg.instructure.com,560,Problem Solve & Programming,Showsyntaxerrors.java,44442537e3bc19a73198e2b8a7286c914d627e175d93bb4d73528009acdb8f7d,118,ACADEMIC_TEACHING,INGESTABLE,academic teaching material,NEEDS_REVIEW,OWNER_PLATFORM_IMPORT_INTENT_RIGHTS_UNVERIFIED
https://cityu-dg.instructure.com,560,Problem Solve & Programming,SpyOfA.java,7aae642271d1f784a3f7fdf6eec1c6097c1fbfdb353b4eb9089faac91b8c30eb,36,ACADEMIC_TEACHING,INGESTABLE,academic teaching material,NEEDS_REVIEW,OWNER_PLATFORM_IMPORT_INTENT_RIGHTS_UNVERIFIED
https://cityu-dg.instructure.com,560,Problem Solve & Programming,SpyOfB.java,949b4328fc508eabc75b949048a8d89ffb6bf9dc25e1889dae07d6270d6202fd,36,ACADEMIC_TEACHING,INGESTABLE,academic teaching material,NEEDS_REVIEW,OWNER_PLATFORM_IMPORT_INTENT_RIGHTS_UNVERIFIED
https://cityu-dg.instructure.com,560,Problem Solve & Programming,StatisticsSystem.java,5f2d1d77ec5ac841e30deda657b6c85d32adfd7096b7e38fe6d17aba394cdb96,1187,ACADEMIC_TEACHING,INGESTABLE,academic teaching material,NEEDS_REVIEW,OWNER_PLATFORM_IMPORT_INTENT_RIGHTS_UNVERIFIED
https://cityu-dg.instructure.com,560,Problem Solve & Programming,Student-133986.java,33c93eca80023ade849f1b85bb42aca06c7c8a051c40df86a7f5801bfa8a9a50,149,ACADEMIC_TEACHING,INGESTABLE,academic teaching material,NEEDS_REVIEW,OWNER_PLATFORM_IMPORT_INTENT_RIGHTS_UNVERIFIED
https://cityu-dg.instructure.com,560,Problem Solve & Programming,Student.java,cd236d27d91c97ffcefbdfcee3321606851ea70c860c937d0df52246ede0031c,1418,ACADEMIC_TEACHING,INGESTABLE,academic teaching material,NEEDS_REVIEW,OWNER_PLATFORM_IMPORT_INTENT_RIGHTS_UNVERIFIED
https://cityu-dg.instructure.com,560,Problem Solve & Programming,Students.txt,6f4e326d78f664de5fac4b3764765fb265dc0de494dbf311fd8fa24ca6520b1c,407,ACADEMIC_TEACHING,INGESTABLE,academic teaching material,NEEDS_REVIEW,OWNER_PLATFORM_IMPORT_INTENT_RIGHTS_UNVERIFIED
https://cityu-dg.instructure.com,560,Problem Solve & Programming,Students16.txt,c6437f3d71289886865adf6f0a2e5aa1e6d84796a5d828e7bce9495a7f96f068,224,ACADEMIC_TEACHING,INGESTABLE,academic teaching material,NEEDS_REVIEW,OWNER_PLATFORM_IMPORT_INTENT_RIGHTS_UNVERIFIED
https://cityu-dg.instructure.com,560,Problem Solve & Programming,Students24.txt,b3319e888b6c2b35ee659c4c6f6abfc8fab79f549f0509ef9bd676a7eaf60bd6,331,ACADEMIC_TEACHING,INGESTABLE,academic teaching material,NEEDS_REVIEW,OWNER_PLATFORM_IMPORT_INTENT_RIGHTS_UNVERIFIED
https://cityu-dg.instructure.com,560,Problem Solve & Programming,Task.java,bf4cb0309c3778885016c95ce025a5fcc9f3301829376a494be1b43c70f6cc79,378,ACADEMIC_TEACHING,INGESTABLE,academic teaching material,NEEDS_REVIEW,OWNER_PLATFORM_IMPORT_INTENT_RIGHTS_UNVERIFIED
https://cityu-dg.instructure.com,560,Problem Solve & Programming,Team-127629.java,66e9e1e3a44f3901d8f7424149363587c68c3a085d60ad33cb8d0b023d84251f,1749,ACADEMIC_TEACHING,INGESTABLE,academic teaching material,NEEDS_REVIEW,OWNER_PLATFORM_IMPORT_INTENT_RIGHTS_UNVERIFIED
https://cityu-dg.instructure.com,560,Problem Solve & Programming,Team.java,6394aafa719da200fed091a27d10a992ab2a140d57e42284e035e8684153f832,929,ACADEMIC_TEACHING,INGESTABLE,academic teaching material,NEEDS_REVIEW,OWNER_PLATFORM_IMPORT_INTENT_RIGHTS_UNVERIFIED
https://cityu-dg.instructure.com,560,Problem Solve & Programming,TestArrayList.java,ea07c30f4aa91b9981911618f581f919bbdd00aa08837dd40fc70616fbadc942,1218,ACADEMIC_TEACHING,INGESTABLE,academic teaching material,NEEDS_REVIEW,OWNER_PLATFORM_IMPORT_INTENT_RIGHTS_UNVERIFIED
https://cityu-dg.instructure.com,560,Problem Solve & Programming,To_PartA_Given_MainDotJava.txt,72eaf6e94e3a3c7a1971a2fadeb04876447adafe904eaaf2c6ca60c6afcb16ca,616,ACADEMIC_TEACHING,INGESTABLE,academic teaching material,NEEDS_REVIEW,OWNER_PLATFORM_IMPORT_INTENT_RIGHTS_UNVERIFIED
https://cityu-dg.instructure.com,560,Problem Solve & Programming,To_PartB_Given_MainDotJava.txt,ac49de06560d9046a384cda3427ebde8d232c5c8f25e261ffe422179c76ab089,235,ACADEMIC_TEACHING,INGESTABLE,academic teaching material,NEEDS_REVIEW,OWNER_PLATFORM_IMPORT_INTENT_RIGHTS_UNVERIFIED
https://cityu-dg.instructure.com,560,Problem Solve & Programming,Topic01.pdf,2b47f7cc3741873f9ae2572979bda1215bd3957d80dc7bea6b5b5ebde7f1ed20,812578,ACADEMIC_TEACHING,INGESTABLE,academic teaching material,NEEDS_REVIEW,OWNER_PLATFORM_IMPORT_INTENT_RIGHTS_UNVERIFIED
https://cityu-dg.instructure.com,560,Problem Solve & Programming,Topic02.pdf,7c8906f83b6930015752d9ff0a460ce69ebd0a71fbb1d88bf111e205df98f350,1533308,ACADEMIC_TEACHING,INGESTABLE,academic teaching material,NEEDS_REVIEW,OWNER_PLATFORM_IMPORT_INTENT_RIGHTS_UNVERIFIED
https://cityu-dg.instructure.com,560,Problem Solve & Programming,Topic03.pdf,aced44fb33f107d42fcc2765140a905529c689fed3deaf6cf69fca19af1b664e,4512135,ACADEMIC_TEACHING,INGESTABLE,academic teaching material,NEEDS_REVIEW,OWNER_PLATFORM_IMPORT_INTENT_RIGHTS_UNVERIFIED
https://cityu-dg.instructure.com,560,Problem Solve & Programming,Topic03_P06_bd_deadline_CopyAdv,fd09cfbbc5d513afcf20bd2b90d7d9e6b08ad5f10e18c536db3b9560d418e016,2652,ACADEMIC_TEACHING,DOWNLOAD_ONLY,"unknown format: stored, never counted as learnable material",NEEDS_REVIEW,OWNER_PLATFORM_IMPORT_INTENT_RIGHTS_UNVERIFIED
https://cityu-dg.instructure.com,560,Problem Solve & Programming,Topic03_P07_testVarObj_x3Tests,a28132ec9d7d8357c3d7cef17b7fffaa558c3a598606d31cdfadcd8d1ecbfe02,2752,ACADEMIC_TEACHING,DOWNLOAD_ONLY,"unknown format: stored, never counted as learnable material",NEEDS_REVIEW,OWNER_PLATFORM_IMPORT_INTENT_RIGHTS_UNVERIFIED
https://cityu-dg.instructure.com,560,Problem Solve & Programming,Topic03_P08_09_moreConstructors,684134c94a036a69c9bc7b45772a5467c032eae5b59d1fbf138802d76de94b23,2683,ACADEMIC_TEACHING,DOWNLOAD_ONLY,"unknown format: stored, never counted as learnable material",NEEDS_REVIEW,OWNER_PLATFORM_IMPORT_INTENT_RIGHTS_UNVERIFIED
https://cityu-dg.instructure.com,560,Problem Solve & Programming,Topic03_P09_DayYYYYMMDD,c5b3552cbc8ede24758ae054843a59abf40a2dc1889b789bc7b6cb4be7bed962,2312,ACADEMIC_TEACHING,DOWNLOAD_ONLY,"unknown format: stored, never counted as learnable material",NEEDS_REVIEW,OWNER_PLATFORM_IMPORT_INTENT_RIGHTS_UNVERIFIED
https://cityu-dg.instructure.com,560,Problem Solve & Programming,Topic03_P10_X_3Objs,5e99cc6eb526c41a65ac39fd09fd02f593da02cd93319f19e93a5fbf5adb1254,1242,ACADEMIC_TEACHING,DOWNLOAD_ONLY,"unknown format: stored, never counted as learnable material",NEEDS_REVIEW,OWNER_PLATFORM_IMPORT_INTENT_RIGHTS_UNVERIFIED
https://cityu-dg.instructure.com,560,Problem Solve & Programming,Topic03_P11_ChangeHireDay,68ddfc8608fd091a9b75bf3218f28316873bcfbd8d00955a4714170aea2cbeca,3276,ACADEMIC_TEACHING,DOWNLOAD_ONLY,"unknown format: stored, never counted as learnable material",NEEDS_REVIEW,OWNER_PLATFORM_IMPORT_INTENT_RIGHTS_UNVERIFIED
https://cityu-dg.instructure.com,560,Problem Solve & Programming,Topic03_P11_String_immutable,d483865b41faafcb9a0b813a6050f803da74fc90f7b6791022e2e07d0ca1d9bd,1159,ACADEMIC_TEACHING,DOWNLOAD_ONLY,"unknown format: stored, never counted as learnable material",NEEDS_REVIEW,OWNER_PLATFORM_IMPORT_INTENT_RIGHTS_UNVERIFIED
https://cityu-dg.instructure.com,560,Problem Solve & Programming,Topic03_P12_final_field,a7416e183a8e6e0c22a52cf2c23c46d88f135eee6a33473e387584e8b8f47cef,2529,ACADEMIC_TEACHING,BLOCKED,"ASSESSMENT_MATERIAL: an exam, quiz or marking document needs the owner's decision",BLOCKED_NEEDS_OWNER_DECISION,OWNER_PLATFORM_IMPORT_INTENT_RIGHTS_UNVERIFIED
https://cityu-dg.instructure.com,560,Problem Solve & Programming,Topic03_P13_EmployeeStatic,363ed5e35a23ebbbb5eb1a3cf0e7c84ae95c76ff60a05581b3422dce3822e425,1310,ACADEMIC_TEACHING,DOWNLOAD_ONLY,"unknown format: stored, never counted as learnable material",NEEDS_REVIEW,OWNER_PLATFORM_IMPORT_INTENT_RIGHTS_UNVERIFIED
https://cityu-dg.instructure.com,560,Problem Solve & Programming,Topic03_P14_Swap,edaf39e484bd8e78925dcd4b11429d7dbc833e94ee96db2c2af9444d195d685b,1321,ACADEMIC_TEACHING,DOWNLOAD_ONLY,"unknown format: stored, never counted as learnable material",NEEDS_REVIEW,OWNER_PLATFORM_IMPORT_INTENT_RIGHTS_UNVERIFIED
https://cityu-dg.instructure.com,560,Problem Solve & Programming,Topic03_P15_InitializingFields,d199e50e4c9cf733231649f4ac2b15c0d6a62bfa224e0c444efdbb3889e68d46,1318,ACADEMIC_TEACHING,DOWNLOAD_ONLY,"unknown format: stored, never counted as learnable material",NEEDS_REVIEW,OWNER_PLATFORM_IMPORT_INTENT_RIGHTS_UNVERIFIED
https://cityu-dg.instructure.com,560,Problem Solve & Programming,Topic03_P15_OverloadingMethods,f4ed7822a6d7fca537e7a81090090ccc2eb646347b36a73e51de26db81f42e97,1564,ACADEMIC_TEACHING,DOWNLOAD_ONLY,"unknown format: stored, never counted as learnable material",NEEDS_REVIEW,OWNER_PLATFORM_IMPORT_INTENT_RIGHTS_UNVERIFIED
https://cityu-dg.instructure.com,560,Problem Solve & Programming,Topic03_P16_DefaultConstructor,e75cbf24693016a17f18346efe02630e669084c07059b2e76a890483ac7c5773,1321,ACADEMIC_TEACHING,DOWNLOAD_ONLY,"unknown format: stored, never counted as learnable material",NEEDS_REVIEW,OWNER_PLATFORM_IMPORT_INTENT_RIGHTS_UNVERIFIED
https://cityu-dg.instructure.com,560,Problem Solve & Programming,Topic06.pdf,0e00ae324dce93b5d24e909c0b5272abc25867e2c2f7992a7154c015e1039c32,3113723,ACADEMIC_TEACHING,INGESTABLE,academic teaching material,NEEDS_REVIEW,OWNER_PLATFORM_IMPORT_INTENT_RIGHTS_UNVERIFIED
https://cityu-dg.instructure.com,560,Problem Solve & Programming,Topic07.pdf,32ea489e3422ab93921640567edb7d23724fab2b1503337f840d638471cf9d35,793988,ACADEMIC_TEACHING,INGESTABLE,academic teaching material,NEEDS_REVIEW,OWNER_PLATFORM_IMPORT_INTENT_RIGHTS_UNVERIFIED
https://cityu-dg.instructure.com,560,Problem Solve & Programming,View.java,5506e74778149882db1eeb47b6ac37e75a08837f7d67204a891be2f09e0050fd,6086,ACADEMIC_TEACHING,INGESTABLE,academic teaching material,NEEDS_REVIEW,OWNER_PLATFORM_IMPORT_INTENT_RIGHTS_UNVERIFIED
https://cityu-dg.instructure.com,560,Problem Solve & Programming,Welcome.java,cbaa08d6d052e879eba83c26b43f0950e38a3aa89578e98154c87b20807c1e74,231,ACADEMIC_TEACHING,INGESTABLE,academic teaching material,NEEDS_REVIEW,OWNER_PLATFORM_IMPORT_INTENT_RIGHTS_UNVERIFIED
https://cityu-dg.instructure.com,560,Problem Solve & Programming,YourGivenCode(Day).txt,3cb28d705ad2a0ffb2feed432691b18c1f1a3be853c96a4e724dfa9550f65a71,1221,ACADEMIC_TEACHING,INGESTABLE,academic teaching material,NEEDS_REVIEW,OWNER_PLATFORM_IMPORT_INTENT_RIGHTS_UNVERIFIED
https://cityu-dg.instructure.com,560,Problem Solve & Programming,[Demo]RedoLab01Q01.mov,cedfe438df9dc2335de30b6d2ff5497c41195878b40839ca341f96e9a41d77a7,1751900198,ACADEMIC_TEACHING,DOWNLOAD_ONLY,"no loader can read this format: stored, never counted as learnable material",NEEDS_REVIEW,OWNER_PLATFORM_IMPORT_INTENT_RIGHTS_UNVERIFIED
https://cityu-dg.instructure.com,560,Problem Solve & Programming,a1.txt,21474206d250f20a4914d0308a2872493147abae080ab915f86da50946bf11bd,106,ACADEMIC_TEACHING,INGESTABLE,academic teaching material,NEEDS_REVIEW,OWNER_PLATFORM_IMPORT_INTENT_RIGHTS_UNVERIFIED
https://cityu-dg.instructure.com,560,Problem Solve & Programming,a2.txt,9280fd3cc35bcbf107f2d0e906311c7fa13c8f02b53e692226ec32a3fb9385b6,149,ACADEMIC_TEACHING,INGESTABLE,academic teaching material,NEEDS_REVIEW,OWNER_PLATFORM_IMPORT_INTENT_RIGHTS_UNVERIFIED
https://cityu-dg.instructure.com,560,Problem Solve & Programming,alice_in_wonderland.txt,6c4529e9002a9af2e22e80e72f82a8d3361f2bab70eee5b8ab6d3b615eb98cbd,138196,ACADEMIC_TEACHING,INGESTABLE,academic teaching material,NEEDS_REVIEW,OWNER_PLATFORM_IMPORT_INTENT_RIGHTS_UNVERIFIED
https://cityu-dg.instructure.com,560,Problem Solve & Programming,d1.txt,3274ba13d044f5efaa8b2d59262754ef4d8ffe459ce517b2d28f033e75c70933,142,ACADEMIC_TEACHING,INGESTABLE,academic teaching material,NEEDS_REVIEW,OWNER_PLATFORM_IMPORT_INTENT_RIGHTS_UNVERIFIED
https://cityu-dg.instructure.com,560,Problem Solve & Programming,d2.txt,6df7c6fd1598df127643c983bba3ac47dd11b7a4294733174327e521b325ba6c,146,ACADEMIC_TEACHING,INGESTABLE,academic teaching material,NEEDS_REVIEW,OWNER_PLATFORM_IMPORT_INTENT_RIGHTS_UNVERIFIED
https://cityu-dg.instructure.com,560,Problem Solve & Programming,d3.txt,d739ff91bb69e24b980a7c58609f3d7910db09f48136a478916c8aeb264eb366,145,ACADEMIC_TEACHING,INGESTABLE,academic teaching material,NEEDS_REVIEW,OWNER_PLATFORM_IMPORT_INTENT_RIGHTS_UNVERIFIED
https://cityu-dg.instructure.com,560,Problem Solve & Programming,data001-133995.txt,121ec7fc388e3fd084f8d46536adc3b2077d866839b5f5dc6248e6790bb3488e,4,ACADEMIC_TEACHING,INGESTABLE,academic teaching material,NEEDS_REVIEW,OWNER_PLATFORM_IMPORT_INTENT_RIGHTS_UNVERIFIED
https://cityu-dg.instructure.com,560,Problem Solve & Programming,data001-133998.txt,121ec7fc388e3fd084f8d46536adc3b2077d866839b5f5dc6248e6790bb3488e,4,ACADEMIC_TEACHING,INGESTABLE,academic teaching material,NEEDS_REVIEW,OWNER_PLATFORM_IMPORT_INTENT_RIGHTS_UNVERIFIED
https://cityu-dg.instructure.com,560,Problem Solve & Programming,data001-134001.txt,121ec7fc388e3fd084f8d46536adc3b2077d866839b5f5dc6248e6790bb3488e,4,ACADEMIC_TEACHING,INGESTABLE,academic teaching material,NEEDS_REVIEW,OWNER_PLATFORM_IMPORT_INTENT_RIGHTS_UNVERIFIED
https://cityu-dg.instructure.com,560,Problem Solve & Programming,data001-134004.txt,121ec7fc388e3fd084f8d46536adc3b2077d866839b5f5dc6248e6790bb3488e,4,ACADEMIC_TEACHING,INGESTABLE,academic teaching material,NEEDS_REVIEW,OWNER_PLATFORM_IMPORT_INTENT_RIGHTS_UNVERIFIED
https://cityu-dg.instructure.com,560,Problem Solve & Programming,data001-137711.txt,121ec7fc388e3fd084f8d46536adc3b2077d866839b5f5dc6248e6790bb3488e,4,ACADEMIC_TEACHING,INGESTABLE,academic teaching material,NEEDS_REVIEW,OWNER_PLATFORM_IMPORT_INTENT_RIGHTS_UNVERIFIED
https://cityu-dg.instructure.com,560,Problem Solve & Programming,data001-137716.txt,121ec7fc388e3fd084f8d46536adc3b2077d866839b5f5dc6248e6790bb3488e,4,ACADEMIC_TEACHING,INGESTABLE,academic teaching material,NEEDS_REVIEW,OWNER_PLATFORM_IMPORT_INTENT_RIGHTS_UNVERIFIED
https://cityu-dg.instructure.com,560,Problem Solve & Programming,data001-137721.txt,121ec7fc388e3fd084f8d46536adc3b2077d866839b5f5dc6248e6790bb3488e,4,ACADEMIC_TEACHING,INGESTABLE,academic teaching material,NEEDS_REVIEW,OWNER_PLATFORM_IMPORT_INTENT_RIGHTS_UNVERIFIED
https://cityu-dg.instructure.com,560,Problem Solve & Programming,data001-137729.txt,121ec7fc388e3fd084f8d46536adc3b2077d866839b5f5dc6248e6790bb3488e,4,ACADEMIC_TEACHING,INGESTABLE,academic teaching material,NEEDS_REVIEW,OWNER_PLATFORM_IMPORT_INTENT_RIGHTS_UNVERIFIED
https://cityu-dg.instructure.com,560,Problem Solve & Programming,data001.txt,121ec7fc388e3fd084f8d46536adc3b2077d866839b5f5dc6248e6790bb3488e,4,ACADEMIC_TEACHING,INGESTABLE,academic teaching material,NEEDS_REVIEW,OWNER_PLATFORM_IMPORT_INTENT_RIGHTS_UNVERIFIED
https://cityu-dg.instructure.com,560,Problem Solve & Programming,data002-133996.txt,5891b5b522d5df086d0ff0b110fbd9d21bb4fc7163af34d08286a2e846f6be03,6,ACADEMIC_TEACHING,INGESTABLE,academic teaching material,NEEDS_REVIEW,OWNER_PLATFORM_IMPORT_INTENT_RIGHTS_UNVERIFIED
https://cityu-dg.instructure.com,560,Problem Solve & Programming,data002-133999.txt,5891b5b522d5df086d0ff0b110fbd9d21bb4fc7163af34d08286a2e846f6be03,6,ACADEMIC_TEACHING,INGESTABLE,academic teaching material,NEEDS_REVIEW,OWNER_PLATFORM_IMPORT_INTENT_RIGHTS_UNVERIFIED
https://cityu-dg.instructure.com,560,Problem Solve & Programming,data002-134002.txt,5891b5b522d5df086d0ff0b110fbd9d21bb4fc7163af34d08286a2e846f6be03,6,ACADEMIC_TEACHING,INGESTABLE,academic teaching material,NEEDS_REVIEW,OWNER_PLATFORM_IMPORT_INTENT_RIGHTS_UNVERIFIED
https://cityu-dg.instructure.com,560,Problem Solve & Programming,data002-134005.txt,5891b5b522d5df086d0ff0b110fbd9d21bb4fc7163af34d08286a2e846f6be03,6,ACADEMIC_TEACHING,INGESTABLE,academic teaching material,NEEDS_REVIEW,OWNER_PLATFORM_IMPORT_INTENT_RIGHTS_UNVERIFIED
https://cityu-dg.instructure.com,560,Problem Solve & Programming,data002-137712.txt,5891b5b522d5df086d0ff0b110fbd9d21bb4fc7163af34d08286a2e846f6be03,6,ACADEMIC_TEACHING,INGESTABLE,academic teaching material,NEEDS_REVIEW,OWNER_PLATFORM_IMPORT_INTENT_RIGHTS_UNVERIFIED
https://cityu-dg.instructure.com,560,Problem Solve & Programming,data002-137717.txt,5891b5b522d5df086d0ff0b110fbd9d21bb4fc7163af34d08286a2e846f6be03,6,ACADEMIC_TEACHING,INGESTABLE,academic teaching material,NEEDS_REVIEW,OWNER_PLATFORM_IMPORT_INTENT_RIGHTS_UNVERIFIED
https://cityu-dg.instructure.com,560,Problem Solve & Programming,data002-137722.txt,5891b5b522d5df086d0ff0b110fbd9d21bb4fc7163af34d08286a2e846f6be03,6,ACADEMIC_TEACHING,INGESTABLE,academic teaching material,NEEDS_REVIEW,OWNER_PLATFORM_IMPORT_INTENT_RIGHTS_UNVERIFIED
https://cityu-dg.instructure.com,560,Problem Solve & Programming,data002-137730.txt,5891b5b522d5df086d0ff0b110fbd9d21bb4fc7163af34d08286a2e846f6be03,6,ACADEMIC_TEACHING,INGESTABLE,academic teaching material,NEEDS_REVIEW,OWNER_PLATFORM_IMPORT_INTENT_RIGHTS_UNVERIFIED
https://cityu-dg.instructure.com,560,Problem Solve & Programming,data002.txt,5891b5b522d5df086d0ff0b110fbd9d21bb4fc7163af34d08286a2e846f6be03,6,ACADEMIC_TEACHING,INGESTABLE,academic teaching material,NEEDS_REVIEW,OWNER_PLATFORM_IMPORT_INTENT_RIGHTS_UNVERIFIED
https://cityu-dg.instructure.com,560,Problem Solve & Programming,data003-137713.txt,29935b57b7c2ac6b25d6233234c32401c26b26c1aee2d7ae1f5037cea38aa4f2,6,ACADEMIC_TEACHING,INGESTABLE,academic teaching material,NEEDS_REVIEW,OWNER_PLATFORM_IMPORT_INTENT_RIGHTS_UNVERIFIED
https://cityu-dg.instructure.com,560,Problem Solve & Programming,data003-137718.txt,29935b57b7c2ac6b25d6233234c32401c26b26c1aee2d7ae1f5037cea38aa4f2,6,ACADEMIC_TEACHING,INGESTABLE,academic teaching material,NEEDS_REVIEW,OWNER_PLATFORM_IMPORT_INTENT_RIGHTS_UNVERIFIED
https://cityu-dg.instructure.com,560,Problem Solve & Programming,data003-137723.txt,29935b57b7c2ac6b25d6233234c32401c26b26c1aee2d7ae1f5037cea38aa4f2,6,ACADEMIC_TEACHING,INGESTABLE,academic teaching material,NEEDS_REVIEW,OWNER_PLATFORM_IMPORT_INTENT_RIGHTS_UNVERIFIED
https://cityu-dg.instructure.com,560,Problem Solve & Programming,data003-137731.txt,29935b57b7c2ac6b25d6233234c32401c26b26c1aee2d7ae1f5037cea38aa4f2,6,ACADEMIC_TEACHING,INGESTABLE,academic teaching material,NEEDS_REVIEW,OWNER_PLATFORM_IMPORT_INTENT_RIGHTS_UNVERIFIED
https://cityu-dg.instructure.com,560,Problem Solve & Programming,data003.txt,29935b57b7c2ac6b25d6233234c32401c26b26c1aee2d7ae1f5037cea38aa4f2,6,ACADEMIC_TEACHING,INGESTABLE,academic teaching material,NEEDS_REVIEW,OWNER_PLATFORM_IMPORT_INTENT_RIGHTS_UNVERIFIED
https://cityu-dg.instructure.com,560,Problem Solve & Programming,data1.txt,9cb7060c48a522da04aa9d9ad418b909133051b38143a890a40a28f30a122e18,183,ACADEMIC_TEACHING,INGESTABLE,academic teaching material,NEEDS_REVIEW,OWNER_PLATFORM_IMPORT_INTENT_RIGHTS_UNVERIFIED
https://cityu-dg.instructure.com,560,Problem Solve & Programming,data2.txt,a41fdfc2dd5a64246e346fe041a1723774ae92b815d58fc9df17103d6523259b,331,ACADEMIC_TEACHING,INGESTABLE,academic teaching material,NEEDS_REVIEW,OWNER_PLATFORM_IMPORT_INTENT_RIGHTS_UNVERIFIED
https://cityu-dg.instructure.com,560,Problem Solve & Programming,e1-133699.txt,792d1f74b026f00246643aa1b42c4fe263262babd9a8b133bb07c301b9dd82f4,112,ACADEMIC_TEACHING,INGESTABLE,academic teaching material,NEEDS_REVIEW,OWNER_PLATFORM_IMPORT_INTENT_RIGHTS_UNVERIFIED
https://cityu-dg.instructure.com,560,Problem Solve & Programming,e1.txt,68dbe29a2b2560035dc6d29647caea8570e6c72f444577c4a4c693470ab43949,46,ACADEMIC_TEACHING,INGESTABLE,academic teaching material,NEEDS_REVIEW,OWNER_PLATFORM_IMPORT_INTENT_RIGHTS_UNVERIFIED
https://cityu-dg.instructure.com,560,Problem Solve & Programming,e2-133700.txt,399243cc8da63dcd30c0b7682c0cd38f8c6e36c487f0d5bba7269da624a691ab,168,ACADEMIC_TEACHING,INGESTABLE,academic teaching material,NEEDS_REVIEW,OWNER_PLATFORM_IMPORT_INTENT_RIGHTS_UNVERIFIED
https://cityu-dg.instructure.com,560,Problem Solve & Programming,e2.txt,f6a2290d391fea40c841e5a6b14c6bc154fe4f237fc3f675c1c73ff49ea45eee,66,ACADEMIC_TEACHING,INGESTABLE,academic teaching material,NEEDS_REVIEW,OWNER_PLATFORM_IMPORT_INTENT_RIGHTS_UNVERIFIED
https://cityu-dg.instructure.com,560,Problem Solve & Programming,e2a.txt,18508ec02b8e90ed5bc187b09f9f3dee15faf4cb673bdc06016ab7b323ffc574,106,ACADEMIC_TEACHING,INGESTABLE,academic teaching material,NEEDS_REVIEW,OWNER_PLATFORM_IMPORT_INTENT_RIGHTS_UNVERIFIED
https://cityu-dg.instructure.com,560,Problem Solve & Programming,e2b.txt,b0eaa76e75df9abb9216eb48fd26f05ee0008e93339c68d946ade072ebff3b72,92,ACADEMIC_TEACHING,INGESTABLE,academic teaching material,NEEDS_REVIEW,OWNER_PLATFORM_IMPORT_INTENT_RIGHTS_UNVERIFIED
https://cityu-dg.instructure.com,560,Problem Solve & Programming,e2c.txt,0e036eef6fda084cda77e5a8d5d3255662a868784e24e25246da250f89318abe,105,ACADEMIC_TEACHING,INGESTABLE,academic teaching material,NEEDS_REVIEW,OWNER_PLATFORM_IMPORT_INTENT_RIGHTS_UNVERIFIED
https://cityu-dg.instructure.com,560,Problem Solve & Programming,e2d.txt,eebf34eb5aa7b974fd519201d344a28399866c787293f780a419c885ecba10f1,84,ACADEMIC_TEACHING,INGESTABLE,academic teaching material,NEEDS_REVIEW,OWNER_PLATFORM_IMPORT_INTENT_RIGHTS_UNVERIFIED
https://cityu-dg.instructure.com,560,Problem Solve & Programming,e2e.txt,d7ede4a6c2259de8f7ed950c976cff288cfe55325a6b53f29d475d1c222e38fc,88,ACADEMIC_TEACHING,INGESTABLE,academic teaching material,NEEDS_REVIEW,OWNER_PLATFORM_IMPORT_INTENT_RIGHTS_UNVERIFIED
https://cityu-dg.instructure.com,560,Problem Solve & Programming,e2f.txt,a9862ffcd3e160c359153235ea9450b3b87e070b13fcaa19fd2f8cb052fcd5c3,76,ACADEMIC_TEACHING,INGESTABLE,academic teaching material,NEEDS_REVIEW,OWNER_PLATFORM_IMPORT_INTENT_RIGHTS_UNVERIFIED
https://cityu-dg.instructure.com,560,Problem Solve & Programming,e3.txt,e663f82a97707bae78399421fb74df24c1cea772d6476eddefba715bb08c1f95,195,ACADEMIC_TEACHING,INGESTABLE,academic teaching material,NEEDS_REVIEW,OWNER_PLATFORM_IMPORT_INTENT_RIGHTS_UNVERIFIED
https://cityu-dg.instructure.com,560,Problem Solve & Programming,e4.txt,77bef3a6a922b16976ce6e4056eadff0fa32fea2c3eca494d4c9f71da649274d,209,ACADEMIC_TEACHING,INGESTABLE,academic teaching material,NEEDS_REVIEW,OWNER_PLATFORM_IMPORT_INTENT_RIGHTS_UNVERIFIED
https://cityu-dg.instructure.com,560,Problem Solve & Programming,e5.txt,42df2bb50f41ebc5607baafb88e04badeabb8f09be0fa02a68327d22f95722df,295,ACADEMIC_TEACHING,INGESTABLE,academic teaching material,NEEDS_REVIEW,OWNER_PLATFORM_IMPORT_INTENT_RIGHTS_UNVERIFIED
https://cityu-dg.instructure.com,560,Problem Solve & Programming,e6.txt,425cc32774778ce35a9d12b2c1014436a3831a3e298f6a1bd068c7f60d644864,271,ACADEMIC_TEACHING,INGESTABLE,academic teaching material,NEEDS_REVIEW,OWNER_PLATFORM_IMPORT_INTENT_RIGHTS_UNVERIFIED
https://cityu-dg.instructure.com,560,Problem Solve & Programming,final_practice.pdf,448703ec7050b176c3631a13fdf3228063f7d472d256897d3dcd2b6f0bcce5f5,2600539,ACADEMIC_TEACHING,BLOCKED,"ASSESSMENT_MATERIAL: an exam, quiz or marking document needs the owner's decision",BLOCKED_NEEDS_OWNER_DECISION,OWNER_PLATFORM_IMPORT_INTENT_RIGHTS_UNVERIFIED
https://cityu-dg.instructure.com,560,Problem Solve & Programming,m1-127626.txt,defb5e654e2807f75be98f4336daf7fe75c51683e14e6e5550db87fd7fda9fca,28,ACADEMIC_TEACHING,INGESTABLE,academic teaching material,NEEDS_REVIEW,OWNER_PLATFORM_IMPORT_INTENT_RIGHTS_UNVERIFIED
https://cityu-dg.instructure.com,560,Problem Solve & Programming,m1.txt,defb5e654e2807f75be98f4336daf7fe75c51683e14e6e5550db87fd7fda9fca,28,ACADEMIC_TEACHING,INGESTABLE,academic teaching material,NEEDS_REVIEW,OWNER_PLATFORM_IMPORT_INTENT_RIGHTS_UNVERIFIED
https://cityu-dg.instructure.com,560,Problem Solve & Programming,m2-127631.txt,c1a321566f5e5d27ba513f5f5de67318ba262e355133e6d4d563602156f58c19,36,ACADEMIC_TEACHING,INGESTABLE,academic teaching material,NEEDS_REVIEW,OWNER_PLATFORM_IMPORT_INTENT_RIGHTS_UNVERIFIED
https://cityu-dg.instructure.com,560,Problem Solve & Programming,m2.txt,c1a321566f5e5d27ba513f5f5de67318ba262e355133e6d4d563602156f58c19,36,ACADEMIC_TEACHING,INGESTABLE,academic teaching material,NEEDS_REVIEW,OWNER_PLATFORM_IMPORT_INTENT_RIGHTS_UNVERIFIED
https://cityu-dg.instructure.com,560,Problem Solve & Programming,m2a-127632.txt,f6b5910763f90191d4f39f60e2223544b8249c33a8b1d71a92455cce3304d53c,45,ACADEMIC_TEACHING,INGESTABLE,academic teaching material,NEEDS_REVIEW,OWNER_PLATFORM_IMPORT_INTENT_RIGHTS_UNVERIFIED
https://cityu-dg.instructure.com,560,Problem Solve & Programming,m2a.txt,f6b5910763f90191d4f39f60e2223544b8249c33a8b1d71a92455cce3304d53c,45,ACADEMIC_TEACHING,INGESTABLE,academic teaching material,NEEDS_REVIEW,OWNER_PLATFORM_IMPORT_INTENT_RIGHTS_UNVERIFIED
https://cityu-dg.instructure.com,560,Problem Solve & Programming,m3.txt,2cbc4228bb77638345fc1c181098858cb59d120c95ce295ae127f070b639f43d,33,ACADEMIC_TEACHING,INGESTABLE,academic teaching material,NEEDS_REVIEW,OWNER_PLATFORM_IMPORT_INTENT_RIGHTS_UNVERIFIED
https://cityu-dg.instructure.com,560,Problem Solve & Programming,m3a.txt,138d03a9982d8ae274aef042a8a91357c9dbdf467996425a929a6919dd2288e0,45,ACADEMIC_TEACHING,INGESTABLE,academic teaching material,NEEDS_REVIEW,OWNER_PLATFORM_IMPORT_INTENT_RIGHTS_UNVERIFIED
https://cityu-dg.instructure.com,560,Problem Solve & Programming,m3b.txt,f419f51acfb33267b8d0b0c7606f17b004bc70c5c1a379b59cce6bdbc4f5fec6,27,ACADEMIC_TEACHING,INGESTABLE,academic teaching material,NEEDS_REVIEW,OWNER_PLATFORM_IMPORT_INTENT_RIGHTS_UNVERIFIED
https://cityu-dg.instructure.com,560,Problem Solve & Programming,main-117801.cpp,ebee02a37f7c196973f8d80844b18fc77c8213f0999c62f9ccfe7e838c6051bd,619,ACADEMIC_TEACHING,INGESTABLE,academic teaching material,NEEDS_REVIEW,OWNER_PLATFORM_IMPORT_INTENT_RIGHTS_UNVERIFIED
https://cityu-dg.instructure.com,560,Problem Solve & Programming,main.cpp,07ba73f6f66a02c86399e3d0149d40f6c12b7d9fc4ff8311fe066947489f294d,588,ACADEMIC_TEACHING,INGESTABLE,academic teaching material,NEEDS_REVIEW,OWNER_PLATFORM_IMPORT_INTENT_RIGHTS_UNVERIFIED
https://cityu-dg.instructure.com,560,Problem Solve & Programming,merged_tool.zip,a70ad1447df992c0b35a4ced428ba3ab3bf3d389a6547515669c516cfdddb83f,93846489,ACADEMIC_TEACHING,DOWNLOAD_ONLY,"no loader can read this format: stored, never counted as learnable material",NEEDS_REVIEW,OWNER_PLATFORM_IMPORT_INTENT_RIGHTS_UNVERIFIED
https://cityu-dg.instructure.com,560,Problem Solve & Programming,out1.txt,418228e184822a020848e3469dd857aeea48cb42af7c99dbf88f550ab95482cf,392,ACADEMIC_TEACHING,INGESTABLE,academic teaching material,NEEDS_REVIEW,OWNER_PLATFORM_IMPORT_INTENT_RIGHTS_UNVERIFIED
https://cityu-dg.instructure.com,560,Problem Solve & Programming,out2.txt,6652db83ed7bb2af6479b2e276289f904a8dffdfddf77005f9a1fdbb1964ebb4,1037,ACADEMIC_TEACHING,INGESTABLE,academic teaching material,NEEDS_REVIEW,OWNER_PLATFORM_IMPORT_INTENT_RIGHTS_UNVERIFIED
https://cityu-dg.instructure.com,560,Problem Solve & Programming,p1.txt,714f7d2a2d5b595c1bb54b59c0c3c9f8959865d84d43d23f31ff7c6dd0c13c02,326,ACADEMIC_TEACHING,INGESTABLE,academic teaching material,NEEDS_REVIEW,OWNER_PLATFORM_IMPORT_INTENT_RIGHTS_UNVERIFIED
https://cityu-dg.instructure.com,560,Problem Solve & Programming,p2.txt,5d5b736cd4bcb42adda2779b777b60acb6f8e18d89cfe515ef06d1ccaa736512,877,ACADEMIC_TEACHING,INGESTABLE,academic teaching material,NEEDS_REVIEW,OWNER_PLATFORM_IMPORT_INTENT_RIGHTS_UNVERIFIED
https://cityu-dg.instructure.com,560,Problem Solve & Programming,review_Intro_examples_stepByStep.txt,01d6dbfaad88e6edf2e7128bd57d407893ab1cefe76e7556ddd71c16121e7523,3742,ACADEMIC_TEACHING,INGESTABLE,academic teaching material,NEEDS_REVIEW,OWNER_PLATFORM_IMPORT_INTENT_RIGHTS_UNVERIFIED
https://cityu-dg.instructure.com,560,Problem Solve & Programming,rundown1.txt,97e743471e76b1e0b440105df1188d601af2e6d74f3a0ce79c0afb98f400c1f6,273,ACADEMIC_TEACHING,INGESTABLE,academic teaching material,NEEDS_REVIEW,OWNER_PLATFORM_IMPORT_INTENT_RIGHTS_UNVERIFIED
https://cityu-dg.instructure.com,560,Problem Solve & Programming,rundown2.txt,172e3de16f183d598b1b6ec8e5611f6531ef3b2e85f6781577f80049efc5d7cc,645,ACADEMIC_TEACHING,INGESTABLE,academic teaching material,NEEDS_REVIEW,OWNER_PLATFORM_IMPORT_INTENT_RIGHTS_UNVERIFIED
https://cityu-dg.instructure.com,560,Problem Solve & Programming,rundown3.txt,c49e38b0e342fc7a8d25eb0ca7d675e78d128951dcd1db01a9467f73cd0ded29,819,ACADEMIC_TEACHING,INGESTABLE,academic teaching material,NEEDS_REVIEW,OWNER_PLATFORM_IMPORT_INTENT_RIGHTS_UNVERIFIED
https://cityu-dg.instructure.com,560,Problem Solve & Programming,rundown4.txt,b355e6bd2d76c3530fdc9baee847d360890a1c41d1859faecbbace5b34d9c110,936,ACADEMIC_TEACHING,INGESTABLE,academic teaching material,NEEDS_REVIEW,OWNER_PLATFORM_IMPORT_INTENT_RIGHTS_UNVERIFIED
https://cityu-dg.instructure.com,560,Problem Solve & Programming,rundown5.txt,052b240e7f6bbea11afcb882c25b9631ae8aee58d18a7f5a45ba53973246e77b,1072,ACADEMIC_TEACHING,INGESTABLE,academic teaching material,NEEDS_REVIEW,OWNER_PLATFORM_IMPORT_INTENT_RIGHTS_UNVERIFIED
https://cityu-dg.instructure.com,560,Problem Solve & Programming,rundown6.txt,1d27a046414fd02b1b3f9648a6c2213bc94392242bc0afb4c7006e1bf5f13c97,784,ACADEMIC_TEACHING,INGESTABLE,academic teaching material,NEEDS_REVIEW,OWNER_PLATFORM_IMPORT_INTENT_RIGHTS_UNVERIFIED
https://cityu-dg.instructure.com,560,Problem Solve & Programming,search_section.cpp,07361f3a441df6ef2da0f4c654d8829bb3f209bc621c5d0169dc4d12750fa9d6,444,ACADEMIC_TEACHING,INGESTABLE,academic teaching material,NEEDS_REVIEW,OWNER_PLATFORM_IMPORT_INTENT_RIGHTS_UNVERIFIED
https://cityu-dg.instructure.com,560,Problem Solve & Programming,smallFile.txt,cc66817197e82784c9259ef0b3d03d2ff6e3ccad628e7f8eea0e148635b3845a,18,ACADEMIC_TEACHING,INGESTABLE,academic teaching material,NEEDS_REVIEW,OWNER_PLATFORM_IMPORT_INTENT_RIGHTS_UNVERIFIED
https://cityu-dg.instructure.com,560,Problem Solve & Programming,warning_ArrayIndexOutOfBoundsException.pdf,bdeb88d574490c6895010717cb71c7dda19580e71a054c19e153caa2acbc3fe3,153854,ACADEMIC_TEACHING,INGESTABLE,academic teaching material,NEEDS_REVIEW,OWNER_PLATFORM_IMPORT_INTENT_RIGHTS_UNVERIFIED
https://cityu-dg.instructure.com,628,社会实践,IP3902-附件-思政课社会实践报告格式.docx,d731d56be4e14dfdd6b764d786f725415e5a1e933f81856a2b715fa4a8874fad,102115,ACADEMIC_TEACHING,INGESTABLE,academic teaching material,NEEDS_REVIEW,OWNER_PLATFORM_IMPORT_INTENT_RIGHTS_UNVERIFIED
https://cityu-dg.instructure.com,628,社会实践,"汉译世界学术名著丛书C0806 [法]E.迪尔凯姆-社会学方法的准则（狄玉明译，文字版，商务印书馆2011） ([法]E.迪尔凯姆，狄玉明译 [E.迪尔凯姆(Durkeim.E. )]) (z-library.sk, 1lib.sk, z-lib.sk).pdf",b35eea373f9cc9237c96c6738ffb9f8f2d68843e85adb874d59fae66d1ef1e26,1012129,ACADEMIC_TEACHING,BLOCKED,"UNLICENSED_SOURCE: the file name identifies a shadow-library copy, which cannot be the basis of a campus library",BLOCKED_NEEDS_OWNER_DECISION,OWNER_PLATFORM_IMPORT_INTENT_RIGHTS_UNVERIFIED
https://cityu-dg.instructure.com,629,Art & Science of Data,5.3 - Hypothesis Testing for a Proportion.pptx,cb75cfdaa215f7e4bf8f8dcc4729b2bb29abf98d470c10408905e7aad0cc7b48,612872,ACADEMIC_TEACHING,INGESTABLE,academic teaching material,NEEDS_REVIEW,OWNER_PLATFORM_IMPORT_INTENT_RIGHTS_UNVERIFIED
https://cityu-dg.instructure.com,629,Art & Science of Data,Centrality in Social Networks.pdf,64e402d0e0aff6a3b2e6e6e67290ff11820d929664ab196ab1d99a6819894bcf,1671592,ACADEMIC_TEACHING,INGESTABLE,academic teaching material,NEEDS_REVIEW,OWNER_PLATFORM_IMPORT_INTENT_RIGHTS_UNVERIFIED
https://cityu-dg.instructure.com,629,Art & Science of Data,GE2324_Tut02.docx,95f6fc11a63ccfe86ea169e8e241cb56c06a49f2aa2780255698679480306e0f,35776,ACADEMIC_TEACHING,INGESTABLE,academic teaching material,NEEDS_REVIEW,OWNER_PLATFORM_IMPORT_INTENT_RIGHTS_UNVERIFIED
https://cityu-dg.instructure.com,629,Art & Science of Data,GE2324_Tut05.docx,43f3616d46b0c79cab6f95b3223846c9c8b7280ed31bf75586e21eb1dca812ff,192907,ACADEMIC_TEACHING,INGESTABLE,academic teaching material,NEEDS_REVIEW,OWNER_PLATFORM_IMPORT_INTENT_RIGHTS_UNVERIFIED
https://cityu-dg.instructure.com,629,Art & Science of Data,GE2324_Tut07.docx,205efadc573323534110f3148ae4fbfc7e9fde7b4d634b8b5173a720384e3ac1,18764,ACADEMIC_TEACHING,INGESTABLE,academic teaching material,NEEDS_REVIEW,OWNER_PLATFORM_IMPORT_INTENT_RIGHTS_UNVERIFIED
https://cityu-dg.instructure.com,629,Art & Science of Data,GE2324_Tut08.docx,f8ba7362089c6dc174f08e9d8268373d385de8660382d618389a210668505e86,18956,ACADEMIC_TEACHING,INGESTABLE,academic teaching material,NEEDS_REVIEW,OWNER_PLATFORM_IMPORT_INTENT_RIGHTS_UNVERIFIED
https://cityu-dg.instructure.com,629,Art & Science of Data,GE2324_Tut09_updated.docx,836ced8753e1b30ede408e84a69fef39b790a601595d674ebf2809c07e3dc197,18456,ACADEMIC_TEACHING,INGESTABLE,academic teaching material,NEEDS_REVIEW,OWNER_PLATFORM_IMPORT_INTENT_RIGHTS_UNVERIFIED
https://cityu-dg.instructure.com,629,Art & Science of Data,GE2324_Tut10.docx,2f61240b645d462ffdbd95d626cbb244bf7d0161c3f148fa8f05dc15e2a7824d,18920,ACADEMIC_TEACHING,INGESTABLE,academic teaching material,NEEDS_REVIEW,OWNER_PLATFORM_IMPORT_INTENT_RIGHTS_UNVERIFIED
https://cityu-dg.instructure.com,629,Art & Science of Data,GE_2324_Assignment_1.pdf,c15a81439fd0e15f3a83239c80b3bc7c612b1e8fd271567881c661ea1bc7c11d,85936,ACADEMIC_TEACHING,INGESTABLE,academic teaching material,NEEDS_REVIEW,OWNER_PLATFORM_IMPORT_INTENT_RIGHTS_UNVERIFIED
https://cityu-dg.instructure.com,629,Art & Science of Data,GE_2324_lec1.pdf,71a0858ea755b37c06fe3e4e1eb5dec925cc49c38a629b9b894e9e9ce11009a9,392106,ACADEMIC_TEACHING,INGESTABLE,academic teaching material,NEEDS_REVIEW,OWNER_PLATFORM_IMPORT_INTENT_RIGHTS_UNVERIFIED
https://cityu-dg.instructure.com,629,Art & Science of Data,Topic01a_[CourseSlides]Introduction.pptx,0063fa25916634678c54149afaedef2fa5b152c43ef31b587bc8aaa18360e2a6,25481628,ACADEMIC_TEACHING,INGESTABLE,academic teaching material,NEEDS_REVIEW,OWNER_PLATFORM_IMPORT_INTENT_RIGHTS_UNVERIFIED
https://cityu-dg.instructure.com,629,Art & Science of Data,Topic01b_[CourseSlides]DataBasics.pptx,f76fb1d33a33d193ad02c020978ff82fe0b383d79ee1c012b1a793d7c101729e,442476,ACADEMIC_TEACHING,INGESTABLE,academic teaching material,NEEDS_REVIEW,OWNER_PLATFORM_IMPORT_INTENT_RIGHTS_UNVERIFIED
https://cityu-dg.instructure.com,629,Art & Science of Data,Topic02_[CourseSlides]NetworkAnalysis_final.pptx,e048849c5ad3e4e90b9201e1835b1886bc976a9fd8e3b6f518b9bdf62c4b113f,21279194,ACADEMIC_TEACHING,BLOCKED,"ASSESSMENT_MATERIAL: an exam, quiz or marking document needs the owner's decision",BLOCKED_NEEDS_OWNER_DECISION,OWNER_PLATFORM_IMPORT_INTENT_RIGHTS_UNVERIFIED
https://cityu-dg.instructure.com,629,Art & Science of Data,Topic02_[CourseSlides]Supp for Network data.pptx,b7339b3a71a97174ebb2db06fb3d881109e11d7f0eb62dfd93073e16988a6abc,134645,ACADEMIC_TEACHING,INGESTABLE,academic teaching material,NEEDS_REVIEW,OWNER_PLATFORM_IMPORT_INTENT_RIGHTS_UNVERIFIED
https://cityu-dg.instructure.com,629,Art & Science of Data,Topic03_[CourseSlides]DataVisualization_final.pptx,b93ee512d682a89964e746816f1469569bfcab3b8b54ee3feca643ad713a15b1,20390181,ACADEMIC_TEACHING,BLOCKED,"ASSESSMENT_MATERIAL: an exam, quiz or marking document needs the owner's decision",BLOCKED_NEEDS_OWNER_DECISION,OWNER_PLATFORM_IMPORT_INTENT_RIGHTS_UNVERIFIED
https://cityu-dg.instructure.com,629,Art & Science of Data,Topic04_[CourseSlides]ClusteringAnalysis.pptx,a9caf9415f8cdce91d220988ed4ddb6b290bf5720b8d95a951af8cd63a98beb6,5357195,ACADEMIC_TEACHING,INGESTABLE,academic teaching material,NEEDS_REVIEW,OWNER_PLATFORM_IMPORT_INTENT_RIGHTS_UNVERIFIED
https://cityu-dg.instructure.com,629,Art & Science of Data,Topic05_[CourseSlides]Correlation.pptx,b05c331a9f8469322717afe8610973123b6d6bb50f24a7a771277562a0872d86,1504847,ACADEMIC_TEACHING,INGESTABLE,academic teaching material,NEEDS_REVIEW,OWNER_PLATFORM_IMPORT_INTENT_RIGHTS_UNVERIFIED
https://cityu-dg.instructure.com,629,Art & Science of Data,Topic06_[CourseSlides]Associations and Frequent Item Anal.pptx,459d7b6d375950d223da6b1269412cf50d58eed35612271d692a4ed16f295467,287345,ACADEMIC_TEACHING,INGESTABLE,academic teaching material,NEEDS_REVIEW,OWNER_PLATFORM_IMPORT_INTENT_RIGHTS_UNVERIFIED
https://cityu-dg.instructure.com,629,Art & Science of Data,Topic07_[CourseSlides]FindingSimilarItems.pptx,0e1962d969ce48a4c78aac5674052e19d0e49511cbae2b08638d73c612a68ed1,3014251,ACADEMIC_TEACHING,INGESTABLE,academic teaching material,NEEDS_REVIEW,OWNER_PLATFORM_IMPORT_INTENT_RIGHTS_UNVERIFIED
https://cityu-dg.instructure.com,629,Art & Science of Data,Topic08_Recommendation.ppt,9b06f51cf3c308c456d9c8641d3763d36f64f3e2dcd2dbfa2b8acd9f240c47a2,2525184,ACADEMIC_TEACHING,INGESTABLE,academic teaching material,NEEDS_REVIEW,OWNER_PLATFORM_IMPORT_INTENT_RIGHTS_UNVERIFIED
https://cityu-dg.instructure.com,629,Art & Science of Data,Topic99_Lecture13.pptx,31b964aaa0a4058ac56b527685d03062f2399a2b5f77f8f657b9b75413795e44,2715634,ACADEMIC_TEACHING,INGESTABLE,academic teaching material,NEEDS_REVIEW,OWNER_PLATFORM_IMPORT_INTENT_RIGHTS_UNVERIFIED
https://cityu-dg.instructure.com,629,Art & Science of Data,assignment_2.pdf,7b52ff583e298627f92780c4f7410e4744b13e3b323d340672723ac735977eba,452992,ACADEMIC_TEACHING,INGESTABLE,academic teaching material,NEEDS_REVIEW,OWNER_PLATFORM_IMPORT_INTENT_RIGHTS_UNVERIFIED
https://cityu-dg.instructure.com,629,Art & Science of Data,causal_inference_intro.pdf,737d5dad3abcbc9b9257b11086cb6ceda26c9368b0c2e0322e68476dc480ed23,133156,ACADEMIC_TEACHING,INGESTABLE,academic teaching material,NEEDS_REVIEW,OWNER_PLATFORM_IMPORT_INTENT_RIGHTS_UNVERIFIED
https://cityu-dg.instructure.com,629,Art & Science of Data,chp5.pdf,4b2caf4c4040f3e4c17175f53a22e81d9b7e26277322f4965a018227903befb9,4647707,ACADEMIC_TEACHING,INGESTABLE,academic teaching material,NEEDS_REVIEW,OWNER_PLATFORM_IMPORT_INTENT_RIGHTS_UNVERIFIED
https://cityu-dg.instructure.com,629,Art & Science of Data,data_preprocessing.ipynb,7cb802f9c35332e63cc64955414274b760fcc5ecd8992332632544bc0c84d634,120867,ACADEMIC_TEACHING,INGESTABLE,academic teaching material,NEEDS_REVIEW,OWNER_PLATFORM_IMPORT_INTENT_RIGHTS_UNVERIFIED
https://cityu-dg.instructure.com,629,Art & Science of Data,example_edges.csv,b50c28f8d91a3b956e8f76d22d24dad553e4476d7d91d4af87e53c0a94f63790,102,ACADEMIC_TEACHING,INGESTABLE,academic teaching material,NEEDS_REVIEW,OWNER_PLATFORM_IMPORT_INTENT_RIGHTS_UNVERIFIED
https://cityu-dg.instructure.com,629,Art & Science of Data,example_nodes.csv,1fbba413c2639b8e23e9aeef93ed43bf32a990ec7c0ad68fb84f51c72dc2ba15,33,ACADEMIC_TEACHING,INGESTABLE,academic teaching material,NEEDS_REVIEW,OWNER_PLATFORM_IMPORT_INTENT_RIGHTS_UNVERIFIED
https://cityu-dg.instructure.com,629,Art & Science of Data,ge2234_linear regression.pptx,397845bbd00ed5addfbe5ee8946e5e35f24c0429cca4ffe454b786955a9c456e,4906858,ACADEMIC_TEACHING,INGESTABLE,academic teaching material,NEEDS_REVIEW,OWNER_PLATFORM_IMPORT_INTENT_RIGHTS_UNVERIFIED
https://cityu-dg.instructure.com,629,Art & Science of Data,ge2324_assignment_3.pdf,871a4bd315295b68db1f5e449fe0c9cd77c1e0f25e13ed71506f259aeb32d14c,59164,ACADEMIC_TEACHING,INGESTABLE,academic teaching material,NEEDS_REVIEW,OWNER_PLATFORM_IMPORT_INTENT_RIGHTS_UNVERIFIED
https://cityu-dg.instructure.com,629,Art & Science of Data,ge_2324_lec1.ipynb,32b9701be84f2e62b51f0b65e48334e3e3864dd20ac7372988869e7fcea47df1,41892,ACADEMIC_TEACHING,INGESTABLE,academic teaching material,NEEDS_REVIEW,OWNER_PLATFORM_IMPORT_INTENT_RIGHTS_UNVERIFIED
https://cityu-dg.instructure.com,629,Art & Science of Data,karate.gml,f05e321c94b00a5cceab44671a65c34632aac7b152479ba619354be149ba8beb,4194,ACADEMIC_TEACHING,DOWNLOAD_ONLY,"unknown format: stored, never counted as learnable material",NEEDS_REVIEW,OWNER_PLATFORM_IMPORT_INTENT_RIGHTS_UNVERIFIED
https://cityu-dg.instructure.com,629,Art & Science of Data,lsh.pptx,127c857710adffa303f3b39a002f14ccb9b9c4bc1fb119df66ebcb3f2b7f5d36,141774,ACADEMIC_TEACHING,INGESTABLE,academic teaching material,NEEDS_REVIEW,OWNER_PLATFORM_IMPORT_INTENT_RIGHTS_UNVERIFIED
https://cityu-dg.instructure.com,629,Art & Science of Data,network_family.csv,21411728eb4b206646919e41cfa1ecb7b8b8800622091d2cc20985628f9bba67,798,ACADEMIC_TEACHING,INGESTABLE,academic teaching material,NEEDS_REVIEW,OWNER_PLATFORM_IMPORT_INTENT_RIGHTS_UNVERIFIED
https://cityu-dg.instructure.com,629,Art & Science of Data,state_fips.csv,69799728dad24c65cf9218d4ab8b6c80cfd1a5a9969ae03cf7a079b41d7080ed,829,ACADEMIC_TEACHING,INGESTABLE,academic teaching material,NEEDS_REVIEW,OWNER_PLATFORM_IMPORT_INTENT_RIGHTS_UNVERIFIED
https://cityu-dg.instructure.com,629,Art & Science of Data,teng2011a.pdf,06ac4d0dbdaf576f03dc6e62bc4fff55ce285ce59a6c16a9912bb91b56723391,3357440,ACADEMIC_TEACHING,INGESTABLE,academic teaching material,NEEDS_REVIEW,OWNER_PLATFORM_IMPORT_INTENT_RIGHTS_UNVERIFIED
https://cityu-dg.instructure.com,629,Art & Science of Data,test_for_mediation.pdf,8e47dce326e92a2f4f43a6d54b01f05e0c23c34bb0deef1fe0d1e08acef42cc6,122818,ACADEMIC_TEACHING,INGESTABLE,academic teaching material,NEEDS_REVIEW,OWNER_PLATFORM_IMPORT_INTENT_RIGHTS_UNVERIFIED
https://cityu-dg.instructure.com,630,Fundamentals of Data Science,5.1 - Point Estimates and Sampling Variability.pptx,dc1ceedfba31bb5bba63f87a0c351a09d5f70960babe70acb9f7ccc226530ba5,1095540,ACADEMIC_TEACHING,INGESTABLE,academic teaching material,NEEDS_REVIEW,OWNER_PLATFORM_IMPORT_INTENT_RIGHTS_UNVERIFIED
https://cityu-dg.instructure.com,630,Fundamentals of Data Science,5.2 - Confidence Intervals for a Proportion (1).pptx,8ccaf48412b7e5fa5849e3d233ed01a1d12a1dbc7ba131476e35af2f37705f80,1812998,ACADEMIC_TEACHING,INGESTABLE,academic teaching material,NEEDS_REVIEW,OWNER_PLATFORM_IMPORT_INTENT_RIGHTS_UNVERIFIED
https://cityu-dg.instructure.com,630,Fundamentals of Data Science,5.2 - Confidence Intervals for a Proportion.pptx,5520144287622bab1579f8c55c2202227474f8b8c8b03d98a6306a74b725a6c2,1813000,ACADEMIC_TEACHING,INGESTABLE,academic teaching material,NEEDS_REVIEW,OWNER_PLATFORM_IMPORT_INTENT_RIGHTS_UNVERIFIED
https://cityu-dg.instructure.com,630,Fundamentals of Data Science,5.3 - Hypothesis Testing for a Proportion.pptx,b677feba52918706fd739e35d3c31e4221985f658618ef8445a7448f88aaee7a,732875,ACADEMIC_TEACHING,INGESTABLE,academic teaching material,NEEDS_REVIEW,OWNER_PLATFORM_IMPORT_INTENT_RIGHTS_UNVERIFIED
https://cityu-dg.instructure.com,630,Fundamentals of Data Science,6.1 - Inference for a single proportion.pptx,55733bd9447f85c8cd5eff3335933c4cae6f5d2b63f276f49c8c21c6c5a5ce2a,412284,ACADEMIC_TEACHING,INGESTABLE,academic teaching material,NEEDS_REVIEW,OWNER_PLATFORM_IMPORT_INTENT_RIGHTS_UNVERIFIED
https://cityu-dg.instructure.com,630,Fundamentals of Data Science,Association Analysis (Itemset Representation).pdf,be8c50c7e4fda4b49c691cce64d67ea03a7bdb83a06f14c8fb896261ab4fc9e0,231342,ACADEMIC_TEACHING,INGESTABLE,academic teaching material,NEEDS_REVIEW,OWNER_PLATFORM_IMPORT_INTENT_RIGHTS_UNVERIFIED
https://cityu-dg.instructure.com,630,Fundamentals of Data Science,Association Analysis.pdf,5f04a9dcf0f4ae5e96c2564c788efd8a9fa6ed6f94c914f15f322276b3831939,427299,ACADEMIC_TEACHING,INGESTABLE,academic teaching material,NEEDS_REVIEW,OWNER_PLATFORM_IMPORT_INTENT_RIGHTS_UNVERIFIED
https://cityu-dg.instructure.com,630,Fundamentals of Data Science,CS 3481_linear regression.pptx,6c835c34e806ce5917b010f0faa68781cf9fa82b3b357260c98ee2f39a892022,4906805,ACADEMIC_TEACHING,INGESTABLE,academic teaching material,NEEDS_REVIEW,OWNER_PLATFORM_IMPORT_INTENT_RIGHTS_UNVERIFIED
https://cityu-dg.instructure.com,630,Fundamentals of Data Science,CS_3481_Assignment_1.pdf,f27d250c185b9a6d920983490ab5952bea0dc1bbd9bd7aaccc753f85a919bdca,67548,ACADEMIC_TEACHING,INGESTABLE,academic teaching material,NEEDS_REVIEW,OWNER_PLATFORM_IMPORT_INTENT_RIGHTS_UNVERIFIED
https://cityu-dg.instructure.com,630,Fundamentals of Data Science,CS_3481_Assignment_2.pdf,8bc79154b92110565d3da5124b547a6458d0a29769d886479b0d75a35e708d35,130391,ACADEMIC_TEACHING,INGESTABLE,academic teaching material,NEEDS_REVIEW,OWNER_PLATFORM_IMPORT_INTENT_RIGHTS_UNVERIFIED
https://cityu-dg.instructure.com,630,Fundamentals of Data Science,CS_3481_lec1_suppliment.pdf,2bf250460fcce7941535c7835a76313c7ce6760b50d403d986f09555327bddc4,746084,ACADEMIC_TEACHING,INGESTABLE,academic teaching material,NEEDS_REVIEW,OWNER_PLATFORM_IMPORT_INTENT_RIGHTS_UNVERIFIED
https://cityu-dg.instructure.com,630,Fundamentals of Data Science,CS_3481_lec2.ipynb,6753ef1b57f9186741dc59da6d003fc86451ab9abab48f71cc0f61f3fbb8a4b6,2937,ACADEMIC_TEACHING,INGESTABLE,academic teaching material,NEEDS_REVIEW,OWNER_PLATFORM_IMPORT_INTENT_RIGHTS_UNVERIFIED
https://cityu-dg.instructure.com,630,Fundamentals of Data Science,CS_3481_lec3.ipynb,5be4df0233240c0062f2c72ed846038e1cb3fd5b54621fd6811dbcfc4643db4e,34147,ACADEMIC_TEACHING,INGESTABLE,academic teaching material,NEEDS_REVIEW,OWNER_PLATFORM_IMPORT_INTENT_RIGHTS_UNVERIFIED
https://cityu-dg.instructure.com,630,Fundamentals of Data Science,CS_3481_lec5_sup.pdf,b529630201dbf7391927c5fcdb67fec29067153648142c224b75e22ec7b59585,394286,ACADEMIC_TEACHING,INGESTABLE,academic teaching material,NEEDS_REVIEW,OWNER_PLATFORM_IMPORT_INTENT_RIGHTS_UNVERIFIED
https://cityu-dg.instructure.com,630,Fundamentals of Data Science,Classifier Evaluation.pdf,770da70612dd9c7e9c744696b9fa659c6aa71fd15d52f585685bdabb565ecc86,405052,ACADEMIC_TEACHING,INGESTABLE,academic teaching material,NEEDS_REVIEW,OWNER_PLATFORM_IMPORT_INTENT_RIGHTS_UNVERIFIED
https://cityu-dg.instructure.com,630,Fundamentals of Data Science,Cluster Analysis (Hierarchical and Density-Based Approaches).pdf,d80d193151128b1ef95358a1856a71561b25ccb006077f2d9af555e356984364,364598,ACADEMIC_TEACHING,INGESTABLE,academic teaching material,NEEDS_REVIEW,OWNER_PLATFORM_IMPORT_INTENT_RIGHTS_UNVERIFIED
https://cityu-dg.instructure.com,630,Fundamentals of Data Science,Cluster Analysis (K-means).pdf,a18b6d1dbfe44b93d3b2a125c742a2dafbff87372b0af6a27bf04e83b64498bd,148010,ACADEMIC_TEACHING,INGESTABLE,academic teaching material,NEEDS_REVIEW,OWNER_PLATFORM_IMPORT_INTENT_RIGHTS_UNVERIFIED
https://cityu-dg.instructure.com,630,Fundamentals of Data Science,Data.pdf,5b3a101f695dddeba748b2f36ef80fdc29237213ae1348fe494adf5dacac9128,507160,ACADEMIC_TEACHING,INGESTABLE,academic teaching material,NEEDS_REVIEW,OWNER_PLATFORM_IMPORT_INTENT_RIGHTS_UNVERIFIED
https://cityu-dg.instructure.com,630,Fundamentals of Data Science,Decision Tree Classifier in sklearn.ipynb,2597ad99f024b14b514b2d01b6fa642b1ab0b3a1640647d8f880ee008ce01beb,411441,ACADEMIC_TEACHING,INGESTABLE,academic teaching material,NEEDS_REVIEW,OWNER_PLATFORM_IMPORT_INTENT_RIGHTS_UNVERIFIED
https://cityu-dg.instructure.com,630,Fundamentals of Data Science,Decision Tree.pdf,42c61a4e3a8e6f599869288ffc9eba80eaa6c5463494f8c092bd56b9c4989d82,252088,ACADEMIC_TEACHING,INGESTABLE,academic teaching material,NEEDS_REVIEW,OWNER_PLATFORM_IMPORT_INTENT_RIGHTS_UNVERIFIED
https://cityu-dg.instructure.com,630,Fundamentals of Data Science,Introduction.pdf,dcbefbbe1b931aa0176d316d006327fe7cc4fd30967c6634dff52050ec71ff24,406190,ACADEMIC_TEACHING,INGESTABLE,academic teaching material,NEEDS_REVIEW,OWNER_PLATFORM_IMPORT_INTENT_RIGHTS_UNVERIFIED
https://cityu-dg.instructure.com,630,Fundamentals of Data Science,K-Means-HierarchicalStructures.ipynb,a045d094876083023204e71f5b280713d83a5170b38db8d65085c09e506d9e40,1796224,ACADEMIC_TEACHING,INGESTABLE,academic teaching material,NEEDS_REVIEW,OWNER_PLATFORM_IMPORT_INTENT_RIGHTS_UNVERIFIED
https://cityu-dg.instructure.com,630,Fundamentals of Data Science,Naïve Bayes Classification with Python and Scikit-Learn.ipynb,ac0e6f0d83e3a54e789a4a008187d4663f38939c1d1b8c1bae05ac5352c5c305,157115,ACADEMIC_TEACHING,INGESTABLE,academic teaching material,NEEDS_REVIEW,OWNER_PLATFORM_IMPORT_INTENT_RIGHTS_UNVERIFIED
https://cityu-dg.instructure.com,630,Fundamentals of Data Science,Nearest Neighbor Classifier and Probabilistic Classification Model.pdf,e4431b9becc6fc37b669267f71c20f1d0d67f8dd6ab15236351776b96ec0be32,302085,ACADEMIC_TEACHING,INGESTABLE,academic teaching material,NEEDS_REVIEW,OWNER_PLATFORM_IMPORT_INTENT_RIGHTS_UNVERIFIED
https://cityu-dg.instructure.com,630,Fundamentals of Data Science,SDSC6018_Lecture3.pptx,e943be2eaa7e914013a50295599a231d5cc0dca3a4ea6a41ae5924bc605a6272,4784710,ACADEMIC_TEACHING,INGESTABLE,academic teaching material,NEEDS_REVIEW,OWNER_PLATFORM_IMPORT_INTENT_RIGHTS_UNVERIFIED
https://cityu-dg.instructure.com,630,Fundamentals of Data Science,adult.data,5b00264637dbfec36bdeaab5676b0b309ff9eb788d63554ca0a249491c86603d,3974305,ACADEMIC_TEACHING,DOWNLOAD_ONLY,"unknown format: stored, never counted as learnable material",NEEDS_REVIEW,OWNER_PLATFORM_IMPORT_INTENT_RIGHTS_UNVERIFIED
https://cityu-dg.instructure.com,630,Fundamentals of Data Science,apriori_example.ipynb,8ab82249ce98a6689518c87fb5dcb2946be6f4b8f94eb8527ce94d22123a07a8,10429,ACADEMIC_TEACHING,INGESTABLE,academic teaching material,NEEDS_REVIEW,OWNER_PLATFORM_IMPORT_INTENT_RIGHTS_UNVERIFIED
https://cityu-dg.instructure.com,630,Fundamentals of Data Science,arm_practice_problems.docx,b8605552865d29f37529fea7281691c709c73fb03346edee9744008c32b31a3d,21996,ACADEMIC_TEACHING,INGESTABLE,academic teaching material,NEEDS_REVIEW,OWNER_PLATFORM_IMPORT_INTENT_RIGHTS_UNVERIFIED
https://cityu-dg.instructure.com,630,Fundamentals of Data Science,causal_inference_intro.pdf,737d5dad3abcbc9b9257b11086cb6ceda26c9368b0c2e0322e68476dc480ed23,133156,ACADEMIC_TEACHING,INGESTABLE,academic teaching material,NEEDS_REVIEW,OWNER_PLATFORM_IMPORT_INTENT_RIGHTS_UNVERIFIED
https://cityu-dg.instructure.com,630,Fundamentals of Data Science,chp5.pdf,4b2caf4c4040f3e4c17175f53a22e81d9b7e26277322f4965a018227903befb9,4647707,ACADEMIC_TEACHING,INGESTABLE,academic teaching material,NEEDS_REVIEW,OWNER_PLATFORM_IMPORT_INTENT_RIGHTS_UNVERIFIED
https://cityu-dg.instructure.com,630,Fundamentals of Data Science,cps_00001.csv,e849ae2773c78b7d6b90915e7fbccab3632b8850e7358dd6401573faad66d88d,12033800,ACADEMIC_TEACHING,INGESTABLE,academic teaching material,NEEDS_REVIEW,OWNER_PLATFORM_IMPORT_INTENT_RIGHTS_UNVERIFIED
https://cityu-dg.instructure.com,630,Fundamentals of Data Science,cs_3481_assignment2_selected_solution.pdf,52cde14236fdc1fc709b5b8bf45326fdc4d60a6d23dcfdb1e4433adbe8b3f53f,152542,ACADEMIC_TEACHING,INGESTABLE,academic teaching material,NEEDS_REVIEW,OWNER_PLATFORM_IMPORT_INTENT_RIGHTS_UNVERIFIED
https://cityu-dg.instructure.com,630,Fundamentals of Data Science,cs_3481_lec1.ipynb,003d984753c582956f9e2d67279222412bf2ec22cdde9a0c3def22f82bbc04c3,422035,ACADEMIC_TEACHING,INGESTABLE,academic teaching material,NEEDS_REVIEW,OWNER_PLATFORM_IMPORT_INTENT_RIGHTS_UNVERIFIED
https://cityu-dg.instructure.com,630,Fundamentals of Data Science,iris.csv,9735e167277b66099b7c7b42b0af7e1302883c72bf92f76df630bdc0305ff1f1,4464,ACADEMIC_TEACHING,INGESTABLE,academic teaching material,NEEDS_REVIEW,OWNER_PLATFORM_IMPORT_INTENT_RIGHTS_UNVERIFIED
https://cityu-dg.instructure.com,630,Fundamentals of Data Science,lecture3.ppt,6958542af4d268bfc634d7ab31448e2978f5a1892ef25e7fa566b8a71ac790ce,540672,ACADEMIC_TEACHING,INGESTABLE,academic teaching material,NEEDS_REVIEW,OWNER_PLATFORM_IMPORT_INTENT_RIGHTS_UNVERIFIED
https://cityu-dg.instructure.com,630,Fundamentals of Data Science,logistic_regression.pdf,eb67ef409a9e01ed1929e19b53e452edf690f1a192a186c127e1ec7bf082d579,222679,ACADEMIC_TEACHING,INGESTABLE,academic teaching material,NEEDS_REVIEW,OWNER_PLATFORM_IMPORT_INTENT_RIGHTS_UNVERIFIED
https://cityu-dg.instructure.com,630,Fundamentals of Data Science,practice_problems_1.pdf,0384731028d15ef5ef78d30b06bb900377b1f4da48b8c564767a21435a5afe89,161375,ACADEMIC_TEACHING,INGESTABLE,academic teaching material,NEEDS_REVIEW,OWNER_PLATFORM_IMPORT_INTENT_RIGHTS_UNVERIFIED
https://cityu-dg.instructure.com,630,Fundamentals of Data Science,practice_problems_1_sol.pdf,3376f4b61e0bc2280281272274d5d010776b1448cd0f4333145776c3bafa76a6,193390,ACADEMIC_TEACHING,INGESTABLE,academic teaching material,NEEDS_REVIEW,OWNER_PLATFORM_IMPORT_INTENT_RIGHTS_UNVERIFIED
https://cityu-dg.instructure.com,630,Fundamentals of Data Science,practice_problems_2.pdf,96f2fd3bc77a64e5939794090a1efd59778bbf29c065a9801b2efa4ceb3b66c4,89998,ACADEMIC_TEACHING,INGESTABLE,academic teaching material,NEEDS_REVIEW,OWNER_PLATFORM_IMPORT_INTENT_RIGHTS_UNVERIFIED
https://cityu-dg.instructure.com,630,Fundamentals of Data Science,practice_problems_2_sol.pdf,a5bace8234607cabcdc3fcdefc3c85caacac6a236503a6bd4867f1e3a3201370,98530,ACADEMIC_TEACHING,INGESTABLE,academic teaching material,NEEDS_REVIEW,OWNER_PLATFORM_IMPORT_INTENT_RIGHTS_UNVERIFIED
https://cityu-dg.instructure.com,630,Fundamentals of Data Science,state_fips.csv,69799728dad24c65cf9218d4ab8b6c80cfd1a5a9969ae03cf7a079b41d7080ed,829,ACADEMIC_TEACHING,INGESTABLE,academic teaching material,NEEDS_REVIEW,OWNER_PLATFORM_IMPORT_INTENT_RIGHTS_UNVERIFIED
https://cityu-dg.instructure.com,630,Fundamentals of Data Science,tut1.pdf,f4dc34781c4bb61a51750e0e19d52c14b54f4ada8392db641d21a7acfccd1e19,147476,ACADEMIC_TEACHING,INGESTABLE,academic teaching material,NEEDS_REVIEW,OWNER_PLATFORM_IMPORT_INTENT_RIGHTS_UNVERIFIED
https://cityu-dg.instructure.com,630,Fundamentals of Data Science,tut2.pdf,5cf1dbfadc2d75416e5fa7c6284db46e8aed49762cebf1383e79692801e0cec1,124772,ACADEMIC_TEACHING,INGESTABLE,academic teaching material,NEEDS_REVIEW,OWNER_PLATFORM_IMPORT_INTENT_RIGHTS_UNVERIFIED
https://cityu-dg.instructure.com,630,Fundamentals of Data Science,tut3.pdf,4c7dde89d9737a5feb410f1f13a299f83e642e73ff9b1315e5b2669f4bb10da9,108795,ACADEMIC_TEACHING,INGESTABLE,academic teaching material,NEEDS_REVIEW,OWNER_PLATFORM_IMPORT_INTENT_RIGHTS_UNVERIFIED
https://cityu-dg.instructure.com,630,Fundamentals of Data Science,tut4.pdf,b67434849fae55b56067003f16f849e94fca5e66ad8cb0f0c0f7a01359b4ec25,127089,ACADEMIC_TEACHING,INGESTABLE,academic teaching material,NEEDS_REVIEW,OWNER_PLATFORM_IMPORT_INTENT_RIGHTS_UNVERIFIED
https://cityu-dg.instructure.com,630,Fundamentals of Data Science,tut5.pdf,fd609cfaa762adc7dfddcd310363caa98124ee03882dad402b5f471ac76fb7ce,151718,ACADEMIC_TEACHING,INGESTABLE,academic teaching material,NEEDS_REVIEW,OWNER_PLATFORM_IMPORT_INTENT_RIGHTS_UNVERIFIED
https://cityu-dg.instructure.com,630,Fundamentals of Data Science,tut6.pdf,bc8f3da3578170f8ff130bc48171dc7068070b6a211ea1dc2e375caf8553cf5f,114369,ACADEMIC_TEACHING,INGESTABLE,academic teaching material,NEEDS_REVIEW,OWNER_PLATFORM_IMPORT_INTENT_RIGHTS_UNVERIFIED
https://cityu-dg.instructure.com,630,Fundamentals of Data Science,tut7.pdf,87d06316d75bec1b6e96660e6b82526998171989588d506ad9a11a1630e42877,102871,ACADEMIC_TEACHING,INGESTABLE,academic teaching material,NEEDS_REVIEW,OWNER_PLATFORM_IMPORT_INTENT_RIGHTS_UNVERIFIED
https://cityu-dg.instructure.com,630,Fundamentals of Data Science,tut8.pdf,47f06024927d1c8c1191a2981b9b00a72dbec3d781a6c26edae4492912f6b9c9,86270,ACADEMIC_TEACHING,INGESTABLE,academic teaching material,NEEDS_REVIEW,OWNER_PLATFORM_IMPORT_INTENT_RIGHTS_UNVERIFIED
